a25,0,---,5446.0,6903.0,8659.0,10280.0,11588.0,12129.0,11793.0,10845.0,9551.0,8248.0,4745.0,4880.0,4946.0,4960.0,5007.0,5053.0,5007.0,5030.0,4955.0,4969.0,4913.0,4796.0,4820.0,4694.0,4647.0,4609.0,4516.0,4469.0,4404.0,4278.0,4264.0,4194.0,4105.0,4068.0,3951.0,3890.0,3825.0,3773.0,3713.0,3619.0,3526.0,3535.0,3437.0,3400.0,3348.0,3218.0,3218.0,3143.0,3068.0,3049.0,-,2878.0,3583.0,4379.0,4870.0,5202.0,5202.0,4995.0,4753.0,4760.0,6275.0,9644.0,12080.0,13616.0,13194.0,11609.0,10094.0,8724.0,7313.0,5562.0,4282.0,3590.0,2947.0,2670.0,2587.0,2470.0,2642.0,2698.0,2988.0,3431.0,4317.0,5894.0,8074.0,10274.0,11623.0,12280.0,12170.0,11692.0,10620.0,9679.0,8191.0,6648.0,5327.0,4227.0,3535.0,3106.0,2802.0,2767.0,2546.0,2594.0,2573.0
a25,0,---,5458.0,6888.0,8665.0,10269.0,11587.0,12107.0,11802.0,10864.0,9556.0,8257.0,4759.0,4886.0,4947.0,4979.0,5036.0,5073.0,5017.0,5050.0,5003.0,4970.0,4923.0,4806.0,4820.0,4722.0,4661.0,4623.0,4539.0,4487.0,4426.0,4295.0,4285.0,4220.0,4121.0,4088.0,3971.0,3910.0,3845.0,3788.0,3723.0,3629.0,3535.0,3554.0,3451.0,3427.0,3366.0,3235.0,3240.0,3155.0,3085.0,3062.0,-,2860.0,3604.0,4341.0,4767.0,5180.0,5119.0,4970.0,4754.0,4801.0,6275.0,9610.0,12105.0,13654.0,13160.0,11544.0,10238.0,8609.0,7249.0,5545.0,4267.0,3455.0,2921.0,2644.0,2502.0,2414.0,2549.0,2651.0,2948.0,3401.0,4294.0,5822.0,7986.0,10232.0,11598.0,12240.0,12098.0,11530.0,10610.0,9582.0,8115.0,6634.0,5275.0,4186.0,3570.0,3029.0,2806.0,2725.0,2522.0,2522.0,2509.0
a25,0,---,5452.0,6889.0,8665.0,10258.0,11582.0,12124.0,11804.0,10838.0,9565.0,8270.0,4773.0,4896.0,4952.0,4980.0,5046.0,5075.0,5023.0,5060.0,5004.0,4990.0,4938.0,4806.0,4830.0,4731.0,4669.0,4641.0,4537.0,4500.0,4438.0,4311.0,4292.0,4226.0,4132.0,4099.0,3986.0,3915.0,3859.0,3807.0,3741.0,3642.0,3553.0,3557.0,3463.0,3430.0,3378.0,3251.0,3251.0,3166.0,3091.0,3072.0,-,2849.0,3609.0,4383.0,4815.0,5192.0,5219.0,4925.0,4712.0,4788.0,6260.0,9500.0,12165.0,13720.0,13117.0,11637.0,10082.0,8726.0,7164.0,5473.0,4260.0,3493.0,2924.0,2637.0,2534.0,2452.0,2596.0,2657.0,2972.0,3397.0,4294.0,5897.0,8075.0,10206.0,11569.0,12117.0,12158.0,11370.0,10404.0,9569.0,7986.0,6500.0,5253.0,4137.0,3568.0,3068.0,2815.0,2746.0,2527.0,2554.0,2548.0
a25,250,---,5404.0,6898.0,8656.0,10267.0,11600.0,12099.0,11821.0,10861.0,9559.0,8235.0,4692.0,4797.0,4870.0,4892.0,4953.0,4975.0,4923.0,4949.0,4888.0,4870.0,4814.0,4714.0,4714.0,4614.0,4549.0,4514.0,4406.0,4358.0,4276.0,4150.0,4137.0,4063.0,3972.0,3924.0,3811.0,3750.0,3672.0,3611.0,3551.0,3451.0,3368.0,3360.0,3269.0,3229.0,3173.0,3051.0,3043.0,2965.0,2886.0,2860.0,-,2426.0,3128.0,4016.0,4493.0,4892.0,4920.0,4746.0,4465.0,4527.0,5948.0,9335.0,12104.0,13795.0,13390.0,11773.0,10329.0,8796.0,7217.0,5566.0,4162.0,3274.0,2606.0,2258.0,2128.0,2055.0,2168.0,2246.0,2550.0,2965.0,3931.0,5482.0,7785.0,10138.0,11823.0,12492.0,12492.0,11851.0,10885.0,10059.0,8453.0,6830.0,5201.0,4044.0,3246.0,2769.0,2443.0,2342.0,2156.0,2156.0,2128.0
a25,250,---,5406.0,6903.0,8649.0,10277.0,11605.0,12084.0,11814.0,10847.0,9576.0,8240.0,4705.0,4801.0,4875.0,4884.0,4940.0,4975.0,4923.0,4953.0,4884.0,4866.0,4818.0,4705.0,4718.0,4622.0,4557.0,4522.0,4400.0,4348.0,4274.0,4157.0,4131.0,4070.0,3961.0,3930.0,3808.0,3748.0,3682.0,3613.0,3552.0,3447.0,3369.0,3364.0,3269.0,3225.0,3177.0,3047.0,3034.0,2968.0,2881.0,2864.0,-,2475.0,3192.0,4011.0,4512.0,4927.0,4853.0,4734.0,4461.0,4489.0,5866.0,9417.0,12205.0,13742.0,13474.0,11847.0,10276.0,8677.0,7215.0,5553.0,4176.0,3300.0,2583.0,2281.0,2168.0,2042.0,2202.0,2247.0,2555.0,3010.0,3943.0,5485.0,7738.0,10254.0,11756.0,12450.0,12507.0,11830.0,10834.0,9941.0,8382.0,6765.0,5286.0,4080.0,3289.0,2754.0,2446.0,2361.0,2190.0,2202.0,2156.0
a25,250,---,5412.0,6893.0,8651.0,10270.0,11607.0,12101.0,11824.0,10847.0,9562.0,8242.0,4692.0,4800.0,4852.0,4896.0,4939.0,4978.0,4922.0,4948.0,4883.0,4861.0,4818.0,4705.0,4713.0,4627.0,4553.0,4523.0,4397.0,4345.0,4262.0,4149.0,4132.0,4067.0,3958.0,3928.0,3806.0,3741.0,3676.0,3615.0,3555.0,3455.0,3368.0,3364.0,3264.0,3225.0,3168.0,3047.0,3042.0,2960.0,2886.0,2856.0,-,2412.0,3147.0,3984.0,4528.0,4876.0,4836.0,4657.0,4438.0,4472.0,5931.0,9432.0,12109.0,13831.0,13461.0,11761.0,10291.0,8708.0,7311.0,5532.0,4208.0,3321.0,2592.0,2244.0,2143.0,2036.0,2171.0,2278.0,2541.0,2962.0,3911.0,5476.0,7749.0,10201.0,11688.0,12518.0,12569.0,11817.0,10880.0,9954.0,8416.0,6812.0,5302.0,4040.0,3260.0,2766.0,2457.0,2339.0,2154.0,2154.0,2126.0
a25,750,---,5436.0,6888.0,8650.0,10264.0,11607.0,12121.0,11824.0,10859.0,9547.0,8235.0,4647.0,4755.0,4814.0,4836.0,4868.0,4900.0,4841.0,4864.0,4791.0,4773.0,4706.0,4575.0,4575.0,4480.0,4399.0,4372.0,4255.0,4214.0,4120.0,3998.0,3971.0,3899.0,3800.0,3759.0,3642.0,3579.0,3502.0,3444.0,3380.0,3281.0,3191.0,3191.0,3101.0,3065.0,3002.0,2885.0,2885.0,2803.0,2736.0,2713.0,-,2623.0,3344.0,4190.0,4712.0,4992.0,5103.0,4861.0,4594.0,4587.0,5968.0,9287.0,12128.0,13714.0,13440.0,11836.0,10263.0,8771.0,7335.0,5663.0,4246.0,3481.0,2766.0,2468.0,2318.0,2250.0,2368.0,2443.0,2698.0,3127.0,3978.0,5476.0,7652.0,9946.0,11438.0,12048.0,12122.0,11438.0,10562.0,9660.0,8218.0,6726.0,5271.0,4078.0,3437.0,2884.0,2611.0,2530.0,2349.0,2374.0,2374.0
a25,750,---,5440.0,6891.0,8663.0,10272.0,11597.0,12106.0,11818.0,10849.0,9560.0,8239.0,4642.0,4755.0,4809.0,4827.0,4886.0,4904.0,4840.0,4859.0,4795.0,4768.0,4705.0,4575.0,4584.0,4466.0,4399.0,4367.0,4255.0,4205.0,4128.0,4002.0,3975.0,3903.0,3795.0,3759.0,3646.0,3569.0,3506.0,3434.0,3380.0,3276.0,3191.0,3191.0,3092.0,3065.0,2997.0,2875.0,2880.0,2803.0,2731.0,2713.0,-,2653.0,3376.0,4161.0,4642.0,5086.0,5035.0,4921.0,4623.0,4706.0,5979.0,9368.0,12091.0,13687.0,13371.0,11711.0,10267.0,8816.0,7360.0,5586.0,4281.0,3502.0,2780.0,2533.0,2400.0,2299.0,2406.0,2476.0,2723.0,3141.0,4015.0,5504.0,7619.0,9950.0,11306.0,11977.0,12104.0,11483.0,10577.0,9627.0,8145.0,6745.0,5200.0,4148.0,3426.0,2894.0,2628.0,2571.0,2400.0,2406.0,2381.0
a25,750,---,5443.0,6887.0,8652.0,10281.0,11589.0,12123.0,11802.0,10856.0,9566.0,8240.0,4661.0,4760.0,4824.0,4837.0,4882.0,4905.0,4842.0,4860.0,4787.0,4769.0,4710.0,4575.0,4584.0,4471.0,4407.0,4366.0,4258.0,4199.0,4127.0,4013.0,3977.0,3896.0,3801.0,3765.0,3638.0,3575.0,3511.0,3443.0,3384.0,3280.0,3190.0,3199.0,3108.0,3068.0,2995.0,2891.0,2882.0,2810.0,2742.0,2715.0,-,2647.0,3375.0,4167.0,4749.0,5047.0,5066.0,4857.0,4604.0,4578.0,6022.0,9423.0,12064.0,13698.0,13343.0,11722.0,10310.0,8834.0,7295.0,5674.0,4293.0,3483.0,2799.0,2476.0,2387.0,2311.0,2393.0,2450.0,2748.0,3172.0,3996.0,5465.0,7599.0,9943.0,11367.0,11855.0,11937.0,11393.0,10620.0,9582.0,8169.0,6675.0,5256.0,4122.0,3470.0,2938.0,2672.0,2564.0,2362.0,2419.0,2374.0
a25,1250,---,5431.0,6881.0,8659.0,10275.0,11605.0,12111.0,11811.0,10848.0,9568.0,8238.0,4602.0,4705.0,4763.0,4772.0,4813.0,4826.0,4763.0,4768.0,4696.0,4674.0,4593.0,4468.0,4477.0,4356.0,4284.0,4235.0,4123.0,4069.0,3989.0,3863.0,3823.0,3752.0,3644.0,3617.0,3483.0,3420.0,3353.0,3290.0,3223.0,3125.0,3035.0,3040.0,2946.0,2914.0,2847.0,2731.0,2735.0,2655.0,2592.0,2578.0,-,2684.0,3378.0,4198.0,4777.0,5089.0,5102.0,4917.0,4599.0,4637.0,6037.0,9447.0,12112.0,13671.0,13416.0,11750.0,10299.0,8626.0,7252.0,5591.0,4256.0,3460.0,2792.0,2519.0,2360.0,2277.0,2385.0,2468.0,2748.0,3129.0,4001.0,5312.0,7366.0,9574.0,10993.0,11699.0,11775.0,11114.0,10286.0,9307.0,7882.0,6431.0,5133.0,4039.0,3422.0,2920.0,2621.0,2544.0,2360.0,2436.0,2379.0
a25,1250,---,5430.0,6890.0,8646.0,10268.0,11602.0,12132.0,11813.0,10851.0,9558.0,8237.0,4603.0,4698.0,4747.0,4765.0,4797.0,4833.0,4756.0,4779.0,4689.0,4662.0,4603.0,4473.0,4473.0,4361.0,4285.0,4240.0,4132.0,4073.0,3988.0,3853.0,3826.0,3755.0,3656.0,3611.0,3485.0,3427.0,3359.0,3296.0,3220.0,3121.0,3040.0,3040.0,2946.0,2910.0,2861.0,2744.0,2739.0,2659.0,2596.0,2587.0,-,2597.0,3367.0,4136.0,4727.0,5022.0,5109.0,4856.0,4610.0,4616.0,5946.0,9411.0,12126.0,13769.0,13437.0,11732.0,10236.0,8722.0,7325.0,5533.0,4235.0,3447.0,2726.0,2462.0,2326.0,2197.0,2339.0,2400.0,2677.0,3059.0,3884.0,5416.0,7472.0,9768.0,11129.0,11763.0,11818.0,11129.0,10248.0,9411.0,7996.0,6524.0,5139.0,4019.0,3348.0,2856.0,2566.0,2480.0,2332.0,2320.0,2296.0
a25,1250,---,5430.0,6879.0,8642.0,10253.0,11612.0,12111.0,11823.0,10856.0,9574.0,8246.0,4602.0,4706.0,4755.0,4769.0,4805.0,4832.0,4760.0,4773.0,4697.0,4674.0,4593.0,4467.0,4463.0,4359.0,4283.0,4247.0,4125.0,4071.0,3999.0,3860.0,3819.0,3761.0,3657.0,3621.0,3491.0,3423.0,3365.0,3293.0,3230.0,3131.0,3036.0,3041.0,2946.0,2910.0,2856.0,2735.0,2735.0,2663.0,2595.0,2582.0,-,2709.0,3428.0,4219.0,4731.0,5166.0,5094.0,4932.0,4666.0,4673.0,6092.0,9372.0,12062.0,13728.0,13255.0,11764.0,10267.0,8782.0,7272.0,5580.0,4271.0,3461.0,2877.0,2547.0,2450.0,2294.0,2443.0,2521.0,2800.0,3124.0,4044.0,5457.0,7447.0,9657.0,11070.0,11673.0,11719.0,11090.0,10234.0,9418.0,7901.0,6527.0,5140.0,4148.0,3422.0,2936.0,2683.0,2599.0,2437.0,2450.0,2417.0
a25v2,0,---,5465.0,6909.0,8671.0,10293.0,11605.0,12116.0,11793.0,10832.0,9533.0,8244.0,4743.0,4870.0,4949.0,4973.0,5024.0,5071.0,5010.0,5034.0,4982.0,4963.0,4907.0,4795.0,4813.0,4720.0,4645.0,4616.0,4518.0,4471.0,4410.0,4284.0,4265.0,4199.0,4115.0,4073.0,3956.0,3904.0,3829.0,3777.0,3721.0,3618.0,3529.0,3538.0,3440.0,3412.0,3351.0,3229.0,3224.0,3140.0,3070.0,3056.0,-,2935.0,3740.0,4445.0,4973.0,5236.0,5222.0,5030.0,4802.0,4780.0,6383.0,9668.0,12183.0,13729.0,13073.0,11506.0,10124.0,8549.0,7231.0,5543.0,4296.0,3541.0,2999.0,2707.0,2621.0,2543.0,2700.0,2785.0,3120.0,3555.0,4438.0,5999.0,8093.0,10110.0,11399.0,12097.0,11905.0,11349.0,10352.0,9426.0,7979.0,6540.0,5279.0,4217.0,3548.0,3156.0,2878.0,2849.0,2650.0,2657.0,2671.0
a25v2,0,---,5455.0,6903.0,8664.0,10287.0,11597.0,12108.0,11796.0,10835.0,9548.0,8257.0,4783.0,4892.0,4968.0,4987.0,5058.0,5077.0,5034.0,5067.0,5006.0,4982.0,4935.0,4826.0,4821.0,4736.0,4665.0,4641.0,4542.0,4514.0,4433.0,4320.0,4301.0,4235.0,4140.0,4107.0,3984.0,3917.0,3865.0,3804.0,3742.0,3643.0,3567.0,3563.0,3468.0,3435.0,3383.0,3250.0,3255.0,3175.0,3104.0,3075.0,-,2887.0,3613.0,4388.0,4875.0,5198.0,5184.0,4999.0,4738.0,4766.0,6322.0,9614.0,12199.0,13626.0,13056.0,11651.0,10101.0,8661.0,7269.0,5520.0,4286.0,3483.0,2893.0,2667.0,2537.0,2427.0,2619.0,2715.0,2976.0,3415.0,4327.0,5904.0,8126.0,10265.0,11644.0,12254.0,12240.0,11555.0,10581.0,9635.0,8153.0,6672.0,5355.0,4190.0,3504.0,3065.0,2845.0,2770.0,2571.0,2592.0,2557.0
a25v2,0,---,5473.0,6906.0,8672.0,10292.0,11600.0,12099.0,11791.0,10834.0,9545.0,8256.0,4744.0,4861.0,4931.0,4954.0,5010.0,5048.0,4987.0,5024.0,4959.0,4950.0,4898.0,4782.0,4800.0,4688.0,4627.0,4604.0,4511.0,4459.0,4399.0,4273.0,4249.0,4188.0,4095.0,4062.0,3946.0,3885.0,3820.0,3768.0,3703.0,3609.0,3521.0,3525.0,3427.0,3390.0,3343.0,3212.0,3212.0,3133.0,3063.0,3040.0,-,2864.0,3608.0,4378.0,4910.0,5224.0,5142.0,4951.0,4788.0,4740.0,6254.0,9617.0,12222.0,13634.0,13170.0,11602.0,10135.0,8621.0,7236.0,5565.0,4249.0,3471.0,2905.0,2694.0,2544.0,2421.0,2598.0,2687.0,2967.0,3389.0,4365.0,5886.0,8055.0,10224.0,11479.0,12256.0,12161.0,11417.0,10435.0,9549.0,8041.0,6547.0,5279.0,4174.0,3533.0,3042.0,2748.0,2728.0,2537.0,2557.0,2544.0
a25v2,250,---,5419.0,6916.0,8661.0,10276.0,11611.0,12096.0,11803.0,10843.0,9556.0,8234.0,4699.0,4808.0,4869.0,4887.0,4948.0,4974.0,4926.0,4948.0,4895.0,4869.0,4821.0,4708.0,4717.0,4621.0,4559.0,4525.0,4407.0,4359.0,4276.0,4162.0,4132.0,4071.0,3966.0,3935.0,3813.0,3739.0,3687.0,3621.0,3565.0,3460.0,3373.0,3368.0,3272.0,3246.0,3168.0,3050.0,3050.0,2958.0,2893.0,2871.0,-,2494.0,3233.0,4035.0,4682.0,4936.0,4965.0,4786.0,4503.0,4538.0,6045.0,9486.0,12159.0,13787.0,13394.0,11726.0,10230.0,8631.0,7292.0,5519.0,4122.0,3325.0,2655.0,2309.0,2176.0,2113.0,2217.0,2303.0,2603.0,3048.0,3972.0,5542.0,7800.0,10248.0,11766.0,12378.0,12436.0,11812.0,10906.0,9919.0,8429.0,6749.0,5265.0,4030.0,3325.0,2777.0,2459.0,2401.0,2199.0,2217.0,2153.0
a25v2,250,---,5417.0,6908.0,8665.0,10270.0,11604.0,12093.0,11818.0,10839.0,9553.0,8246.0,4704.0,4805.0,4857.0,4888.0,4945.0,4980.0,4931.0,4953.0,4888.0,4866.0,4818.0,4713.0,4730.0,4621.0,4560.0,4512.0,4394.0,4354.0,4276.0,4162.0,4127.0,4066.0,3970.0,3935.0,3825.0,3747.0,3690.0,3615.0,3563.0,3454.0,3371.0,3362.0,3270.0,3231.0,3169.0,3051.0,3047.0,2960.0,2890.0,2868.0,-,2481.0,3189.0,4027.0,4622.0,4967.0,4967.0,4786.0,4446.0,4588.0,5987.0,9425.0,12201.0,13725.0,13402.0,11776.0,10224.0,8666.0,7273.0,5489.0,4180.0,3262.0,2577.0,2271.0,2163.0,2033.0,2186.0,2265.0,2554.0,3024.0,3982.0,5528.0,7845.0,10241.0,11873.0,12518.0,12535.0,11935.0,10944.0,9947.0,8389.0,6780.0,5239.0,4016.0,3291.0,2719.0,2447.0,2362.0,2175.0,2175.0,2163.0
a25v2,250,---,5428.0,6900.0,8656.0,10280.0,11608.0,12093.0,11822.0,10853.0,9551.0,8232.0,4703.0,4795.0,4869.0,4887.0,4939.0,4978.0,4922.0,4957.0,4887.0,4869.0,4817.0,4716.0,4712.0,4625.0,4559.0,4502.0,4402.0,4354.0,4275.0,4162.0,4135.0,4070.0,3970.0,3921.0,3812.0,3742.0,3681.0,3616.0,3563.0,3459.0,3376.0,3367.0,3271.0,3240.0,3179.0,3052.0,3039.0,2969.0,2891.0,2869.0,-,2487.0,3222.0,4061.0,4640.0,4923.0,4923.0,4721.0,4495.0,4587.0,6005.0,9499.0,12097.0,13775.0,13358.0,11750.0,10257.0,8666.0,7214.0,5502.0,4148.0,3315.0,2655.0,2314.0,2198.0,2094.0,2221.0,2302.0,2591.0,3048.0,3951.0,5467.0,7683.0,10176.0,11634.0,12375.0,12496.0,11756.0,10778.0,9904.0,8325.0,6740.0,5206.0,4073.0,3326.0,2788.0,2499.0,2366.0,2221.0,2227.0,2186.0
a25v2,750,---,5451.0,6894.0,8671.0,10290.0,11599.0,12107.0,11801.0,10839.0,9543.0,8252.0,4645.0,4744.0,4807.0,4821.0,4857.0,4888.0,4825.0,4848.0,4771.0,4744.0,4708.0,4560.0,4560.0,4448.0,4380.0,4349.0,4241.0,4182.0,4106.0,3993.0,3957.0,3885.0,3782.0,3737.0,3620.0,3548.0,3490.0,3422.0,3368.0,3251.0,3170.0,3170.0,3080.0,3040.0,2981.0,2864.0,2860.0,2792.0,2721.0,2694.0,-,2759.0,3514.0,4269.0,4855.0,5102.0,5167.0,4900.0,4673.0,4686.0,6072.0,9508.0,12138.0,13700.0,13244.0,11663.0,10309.0,8675.0,7374.0,5616.0,4250.0,3514.0,2837.0,2570.0,2427.0,2356.0,2466.0,2525.0,2811.0,3221.0,4132.0,5512.0,7634.0,9853.0,11266.0,11812.0,11858.0,11233.0,10400.0,9456.0,8018.0,6547.0,5232.0,4145.0,3456.0,2987.0,2688.0,2616.0,2427.0,2466.0,2427.0
a25v2,750,---,5443.0,6890.0,8666.0,10275.0,11610.0,12109.0,11821.0,10833.0,9547.0,8243.0,4652.0,4746.0,4800.0,4827.0,4863.0,4886.0,4823.0,4845.0,4782.0,4751.0,4697.0,4557.0,4548.0,4450.0,4382.0,4342.0,4234.0,4184.0,4103.0,3973.0,3951.0,3883.0,3780.0,3744.0,3618.0,3555.0,3483.0,3416.0,3357.0,3254.0,3164.0,3173.0,3088.0,3047.0,2980.0,2867.0,2867.0,2795.0,2715.0,2692.0,-,2664.0,3396.0,4216.0,4704.0,5010.0,5104.0,4898.0,4622.0,4697.0,6011.0,9395.0,12110.0,13749.0,13286.0,11773.0,10303.0,8670.0,7306.0,5517.0,4222.0,3465.0,2790.0,2452.0,2339.0,2233.0,2370.0,2433.0,2714.0,3109.0,4034.0,5442.0,7638.0,9877.0,11347.0,11954.0,12073.0,11291.0,10421.0,9489.0,8151.0,6605.0,5204.0,4091.0,3403.0,2883.0,2614.0,2596.0,2370.0,2377.0,2339.0
a25v2,750,---,5438.0,6896.0,8659.0,10293.0,11603.0,12105.0,11800.0,10836.0,9557.0,8247.0,4639.0,4747.0,4801.0,4805.0,4850.0,4872.0,4827.0,4841.0,4778.0,4756.0,4688.0,4558.0,4563.0,4446.0,4392.0,4352.0,4235.0,4172.0,4101.0,3979.0,3953.0,3885.0,3782.0,3742.0,3616.0,3553.0,3481.0,3414.0,3360.0,3262.0,3167.0,3172.0,3078.0,3037.0,2974.0,2862.0,2862.0,2786.0,2714.0,2696.0,-,2648.0,3428.0,4233.0,4727.0,5126.0,5038.0,4866.0,4645.0,4683.0,6051.0,9423.0,12084.0,13719.0,13384.0,11660.0,10240.0,8751.0,7332.0,5564.0,4220.0,3529.0,2769.0,2503.0,2401.0,2325.0,2414.0,2471.0,2762.0,3143.0,4049.0,5570.0,7648.0,10019.0,11305.0,11850.0,11945.0,11318.0,10487.0,9626.0,8174.0,6590.0,5202.0,4100.0,3415.0,2908.0,2642.0,2553.0,2382.0,2414.0,2395.0
a25v2,1250,---,5430.0,6886.0,8662.0,10271.0,11606.0,12114.0,11818.0,10851.0,9547.0,8239.0,4603.0,4693.0,4760.0,4764.0,4818.0,4818.0,4751.0,4769.0,4702.0,4670.0,4603.0,4463.0,4463.0,4342.0,4279.0,4230.0,4122.0,4063.0,3987.0,3861.0,3820.0,3749.0,3654.0,3605.0,3492.0,3425.0,3362.0,3277.0,3223.0,3124.0,3038.0,3034.0,2948.0,2908.0,2850.0,2733.0,2728.0,2661.0,2593.0,2575.0,-,2754.0,3477.0,4305.0,4811.0,5153.0,5258.0,4963.0,4673.0,4733.0,6100.0,9446.0,12161.0,13706.0,13265.0,11681.0,10169.0,8736.0,7263.0,5567.0,4286.0,3470.0,2859.0,2570.0,2465.0,2379.0,2491.0,2550.0,2859.0,3207.0,4029.0,5436.0,7467.0,9571.0,11043.0,11549.0,11773.0,10945.0,10169.0,9308.0,7802.0,6481.0,5140.0,4095.0,3359.0,2951.0,2688.0,2649.0,2484.0,2465.0,2451.0
a25v2,1250,---,5435.0,6896.0,8671.0,10294.0,11607.0,12092.0,11796.0,10834.0,9566.0,8240.0,4594.0,4706.0,4751.0,4756.0,4805.0,4828.0,4765.0,4778.0,4697.0,4670.0,4603.0,4468.0,4468.0,4351.0,4293.0,4239.0,4126.0,4072.0,3992.0,3857.0,3830.0,3753.0,3654.0,3609.0,3484.0,3425.0,3349.0,3290.0,3227.0,3128.0,3034.0,3034.0,2935.0,2913.0,2850.0,2728.0,2733.0,2665.0,2598.0,2580.0,-,2757.0,3515.0,4286.0,4763.0,5122.0,5168.0,5005.0,4691.0,4717.0,6083.0,9546.0,12192.0,13662.0,13205.0,11728.0,10173.0,8690.0,7363.0,5540.0,4286.0,3495.0,2861.0,2548.0,2437.0,2326.0,2437.0,2528.0,2822.0,3162.0,4070.0,5429.0,7468.0,9644.0,11062.0,11565.0,11584.0,11016.0,10147.0,9304.0,7840.0,6396.0,5122.0,4077.0,3436.0,2940.0,2659.0,2613.0,2437.0,2489.0,2430.0
a25v2,1250,---,5443.0,6894.0,8661.0,10279.0,11595.0,12100.0,11811.0,10860.0,9553.0,8242.0,4605.0,4713.0,4754.0,4776.0,4812.0,4835.0,4776.0,4781.0,4709.0,4668.0,4601.0,4479.0,4479.0,4362.0,4285.0,4236.0,4127.0,4082.0,3992.0,3862.0,3835.0,3753.0,3659.0,3618.0,3488.0,3424.0,3361.0,3289.0,3226.0,3127.0,3046.0,3041.0,2951.0,2915.0,2857.0,2735.0,2730.0,2663.0,2600.0,2586.0,-,2819.0,3522.0,4325.0,4888.0,5162.0,5236.0,4928.0,4714.0,4801.0,6107.0,9428.0,12113.0,13747.0,13366.0,11631.0,10145.0,8658.0,7212.0,5558.0,4279.0,3542.0,2886.0,2584.0,2484.0,2357.0,2504.0,2578.0,2892.0,3254.0,4044.0,5417.0,7386.0,9575.0,10821.0,11484.0,11571.0,10895.0,10011.0,9200.0,7821.0,6462.0,5162.0,4131.0,3468.0,3013.0,2718.0,2678.0,2491.0,2504.0,2497.0
A25V2,0,---,5464.0,6901.0,8666.0,10281.0,11591.0,12117.0,11793.0,10845.0,9544.0,8258.0,4765.0,4887.0,4948.0,4976.0,5032.0,5070.0,5014.0,5046.0,4985.0,4981.0,4924.0,4802.0,4821.0,4713.0,4661.0,4633.0,4525.0,4492.0,4417.0,4295.0,4281.0,4225.0,4126.0,4093.0,3967.0,3901.0,3849.0,3779.0,3723.0,3633.0,3535.0,3553.0,3460.0,3417.0,3366.0,3244.0,3234.0,3154.0,3084.0,3061.0,-,2993.0,3731.0,4512.0,4960.0,5286.0,5293.0,5090.0,4873.0,4823.0,6399.0,9769.0,12090.0,13558.0,13146.0,11468.0,10130.0,8612.0,7187.0,5568.0,4389.0,3586.0,3029.0,2798.0,2682.0,2596.0,2733.0,2812.0,3116.0,3536.0,4512.0,5951.0,8055.0,10130.0,11461.0,12054.0,12047.0,11367.0,10441.0,9451.0,8178.0,6667.0,5307.0,4266.0,3659.0,3174.0,2914.0,2856.0,2682.0,2726.0,2690.0
A25V2,0,---,5478.0,6906.0,8668.0,10273.0,11581.0,12092.0,11801.0,10846.0,9556.0,8272.0,4795.0,4900.0,4981.0,5010.0,5057.0,5100.0,5038.0,5072.0,5010.0,5005.0,4957.0,4823.0,4842.0,4742.0,4690.0,4651.0,4556.0,4518.0,4456.0,4322.0,4308.0,4241.0,4145.0,4121.0,3997.0,3940.0,3878.0,3820.0,3753.0,3658.0,3572.0,3586.0,3476.0,3448.0,3390.0,3262.0,3266.0,3180.0,3118.0,3094.0,-,2960.0,3739.0,4483.0,4922.0,5240.0,5219.0,5000.0,4695.0,4865.0,6430.0,9730.0,12330.0,13590.0,13080.0,11522.0,9950.0,8498.0,7138.0,5410.0,4192.0,3541.0,2967.0,2712.0,2627.0,2514.0,2669.0,2790.0,3066.0,3491.0,4398.0,5963.0,7995.0,10212.0,11423.0,11947.0,11983.0,11352.0,10432.0,9412.0,7946.0,6593.0,5233.0,4206.0,3526.0,3123.0,2896.0,2847.0,2648.0,2677.0,2620.0
A25V2,0,---,5486.0,6904.0,8650.0,10266.0,11588.0,12107.0,11780.0,10852.0,9568.0,8280.0,4803.0,4914.0,4986.0,5005.0,5072.0,5106.0,5044.0,5087.0,5015.0,5015.0,4962.0,4842.0,4870.0,4760.0,4693.0,4673.0,4577.0,4534.0,4467.0,4342.0,4317.0,4260.0,4164.0,4140.0,4019.0,3957.0,3904.0,3827.0,3774.0,3678.0,3582.0,3601.0,3495.0,3471.0,3404.0,3284.0,3284.0,3202.0,3130.0,3106.0,-,3096.0,3832.0,4516.0,5043.0,5388.0,5298.0,5193.0,4892.0,5005.0,6478.0,9582.0,12107.0,13588.0,13099.0,11476.0,10086.0,8575.0,7200.0,5524.0,4344.0,3607.0,3111.0,2878.0,2765.0,2683.0,2788.0,2923.0,3201.0,3615.0,4486.0,5959.0,8056.0,10138.0,11311.0,12002.0,11919.0,11296.0,10356.0,9432.0,8056.0,6501.0,5403.0,4329.0,3720.0,3306.0,3006.0,2991.0,2788.0,2803.0,2788.0
A25V2,250,---,5436.0,6910.0,8670.0,10283.0,11609.0,12082.0,11796.0,10842.0,9550.0,8254.0,4712.0,4812.0,4864.0,4894.0,4946.0,4981.0,4924.0,4942.0,4881.0,4868.0,4820.0,4708.0,4716.0,4617.0,4543.0,4508.0,4391.0,4348.0,4274.0,4153.0,4131.0,4057.0,3958.0,3927.0,3802.0,3736.0,3671.0,3611.0,3550.0,3455.0,3364.0,3364.0,3264.0,3238.0,3164.0,3043.0,3034.0,2965.0,2882.0,2852.0,-,2636.0,3369.0,4170.0,4706.0,5027.0,5045.0,4860.0,4632.0,4657.0,6049.0,9456.0,12130.0,13688.0,13417.0,11698.0,10158.0,8741.0,7164.0,5476.0,4220.0,3388.0,2704.0,2433.0,2297.0,2242.0,2341.0,2451.0,2729.0,3148.0,4053.0,5618.0,7694.0,10121.0,11532.0,12241.0,12351.0,11723.0,10707.0,9789.0,8261.0,6684.0,5224.0,4127.0,3431.0,2870.0,2624.0,2532.0,2353.0,2365.0,2322.0
A25V2,250,---,5424.0,6911.0,8677.0,10291.0,11596.0,12074.0,11787.0,10843.0,9565.0,8251.0,4697.0,4797.0,4858.0,4893.0,4949.0,4976.0,4923.0,4958.0,4884.0,4871.0,4823.0,4710.0,4715.0,4615.0,4554.0,4519.0,4410.0,4354.0,4280.0,4153.0,4127.0,4062.0,3962.0,3932.0,3814.0,3740.0,3684.0,3610.0,3558.0,3453.0,3362.0,3362.0,3270.0,3231.0,3170.0,3049.0,3044.0,2953.0,2896.0,2866.0,-,2698.0,3335.0,4203.0,4709.0,5090.0,5040.0,4859.0,4597.0,4697.0,6089.0,9494.0,12148.0,13691.0,13329.0,11711.0,10174.0,8663.0,7239.0,5521.0,4172.0,3447.0,2798.0,2492.0,2342.0,2261.0,2398.0,2467.0,2723.0,3173.0,4091.0,5502.0,7801.0,10137.0,11567.0,12129.0,12286.0,11661.0,10705.0,9781.0,8251.0,6789.0,5296.0,4134.0,3422.0,2898.0,2623.0,2560.0,2342.0,2367.0,2342.0
A25V2,250,---,5424.0,6917.0,8663.0,10278.0,11597.0,12089.0,11793.0,10848.0,9569.0,8241.0,4701.0,4801.0,4858.0,4884.0,4949.0,4980.0,4928.0,4949.0,4884.0,4867.0,4814.0,4710.0,4706.0,4619.0,4558.0,4510.0,4392.0,4353.0,4275.0,4153.0,4135.0,4070.0,3961.0,3931.0,3813.0,3744.0,3678.0,3604.0,3548.0,3452.0,3365.0,3365.0,3265.0,3225.0,3164.0,3043.0,3038.0,2969.0,2882.0,2864.0,-,2643.0,3376.0,4190.0,4703.0,5073.0,5111.0,4866.0,4653.0,4641.0,6075.0,9426.0,12169.0,13648.0,13341.0,11681.0,10328.0,8687.0,7246.0,5474.0,4215.0,3407.0,2712.0,2467.0,2348.0,2273.0,2373.0,2474.0,2749.0,3181.0,4127.0,5699.0,7910.0,10153.0,11612.0,12195.0,12288.0,11706.0,10704.0,9777.0,8299.0,6745.0,5311.0,4202.0,3426.0,2918.0,2636.0,2586.0,2392.0,2373.0,2386.0
A25V2,500,---,5425.0,6908.0,8657.0,10280.0,11601.0,12081.0,11806.0,10851.0,9564.0,8247.0,4697.0,4788.0,4854.0,4889.0,4924.0,4959.0,4893.0,4924.0,4850.0,4828.0,4784.0,4671.0,4671.0,4566.0,4501.0,4444.0,4330.0,4283.0,4204.0,4086.0,4060.0,3990.0,3886.0,3846.0,3716.0,3659.0,3593.0,3524.0,3458.0,3358.0,3266.0,3266.0,3170.0,3131.0,3074.0,2948.0,2939.0,2869.0,2795.0,2773.0,-,2554.0,3349.0,4115.0,4624.0,4995.0,5042.0,4839.0,4516.0,4576.0,5970.0,9463.0,12101.0,13686.0,13435.0,11826.0,10235.0,8703.0,7268.0,5473.0,4139.0,3337.0,2691.0,2386.0,2285.0,2165.0,2297.0,2362.0,2626.0,3020.0,3960.0,5485.0,7710.0,10061.0,11431.0,12101.0,12125.0,11587.0,10624.0,9720.0,8195.0,6711.0,5156.0,4049.0,3314.0,2805.0,2524.0,2464.0,2285.0,2267.0,2249.0
A25V2,500,---,5422.0,6906.0,8661.0,10281.0,11591.0,12088.0,11804.0,10853.0,9560.0,8251.0,4693.0,4793.0,4845.0,4863.0,4915.0,4959.0,4894.0,4902.0,4845.0,4828.0,4776.0,4662.0,4666.0,4562.0,4479.0,4435.0,4326.0,4274.0,4204.0,4077.0,4038.0,3981.0,3881.0,3841.0,3715.0,3658.0,3584.0,3514.0,3462.0,3357.0,3265.0,3269.0,3169.0,3134.0,3077.0,2942.0,2938.0,2863.0,2789.0,2767.0,-,2590.0,3339.0,4119.0,4604.0,4964.0,5042.0,4784.0,4514.0,4586.0,6043.0,9395.0,12093.0,13760.0,13401.0,11794.0,10223.0,8700.0,7261.0,5510.0,4179.0,3357.0,2698.0,2380.0,2278.0,2164.0,2308.0,2398.0,2674.0,3111.0,3933.0,5474.0,7608.0,10031.0,11416.0,12027.0,12267.0,11524.0,10582.0,9689.0,8166.0,6661.0,5258.0,4065.0,3357.0,2800.0,2584.0,2440.0,2266.0,2308.0,2284.0
A25V2,500,---,5421.0,6907.0,8660.0,10273.0,11598.0,12092.0,11817.0,10837.0,9565.0,8245.0,4691.0,4787.0,4852.0,4879.0,4927.0,4948.0,4896.0,4918.0,4844.0,4835.0,4778.0,4660.0,4673.0,4559.0,4481.0,4437.0,4328.0,4284.0,4205.0,4083.0,4052.0,3987.0,3877.0,3851.0,3724.0,3659.0,3593.0,3523.0,3453.0,3361.0,3278.0,3270.0,3174.0,3130.0,3069.0,2951.0,2942.0,2867.0,2798.0,2776.0,-,2632.0,3378.0,4223.0,4654.0,5036.0,5043.0,4839.0,4605.0,4654.0,6048.0,9506.0,12108.0,13742.0,13360.0,11750.0,10228.0,8600.0,7231.0,5524.0,4155.0,3440.0,2737.0,2422.0,2355.0,2256.0,2392.0,2435.0,2700.0,3057.0,3995.0,5524.0,7675.0,9950.0,11430.0,12077.0,12096.0,11473.0,10585.0,9660.0,8193.0,6701.0,5228.0,4050.0,3366.0,2866.0,2589.0,2546.0,2361.0,2361.0,2287.0
A25V2,1250,---,5450.0,6914.0,8671.0,10292.0,11594.0,12099.0,11797.0,10837.0,9554.0,8238.0,4603.0,4693.0,4747.0,4770.0,4810.0,4828.0,4752.0,4774.0,4711.0,4662.0,4590.0,4463.0,4463.0,4355.0,4283.0,4238.0,4121.0,4067.0,3986.0,3855.0,3833.0,3761.0,3657.0,3617.0,3481.0,3418.0,3360.0,3288.0,3229.0,3130.0,3040.0,3031.0,2950.0,2909.0,2851.0,2734.0,2729.0,2662.0,2594.0,2585.0,-,2918.0,3704.0,4441.0,4847.0,5275.0,5289.0,4981.0,4812.0,4805.0,6223.0,9464.0,12102.0,13716.0,13133.0,11660.0,10264.0,8629.0,7233.0,5535.0,4300.0,3543.0,2981.0,2715.0,2644.0,2469.0,2630.0,2694.0,2988.0,3283.0,4153.0,5500.0,7429.0,9541.0,10888.0,11379.0,11435.0,10909.0,9920.0,9197.0,7815.0,6405.0,5205.0,4202.0,3564.0,3108.0,2834.0,2813.0,2630.0,2623.0,2644.0
A25V2,1250,---,5451.0,6903.0,8671.0,10281.0,11606.0,12098.0,11805.0,10840.0,9546.0,8247.0,4603.0,4712.0,4748.0,4775.0,4815.0,4824.0,4766.0,4775.0,4712.0,4671.0,4594.0,4477.0,4473.0,4364.0,4283.0,4243.0,4121.0,4062.0,3999.0,3859.0,3823.0,3756.0,3666.0,3625.0,3490.0,3422.0,3359.0,3287.0,3228.0,3129.0,3034.0,3039.0,2949.0,2917.0,2854.0,2737.0,2737.0,2664.0,2601.0,2579.0,-,2895.0,3635.0,4430.0,4905.0,5239.0,5219.0,5030.0,4800.0,4800.0,6244.0,9523.0,12098.0,13654.0,13180.0,11721.0,10172.0,8602.0,7256.0,5519.0,4339.0,3635.0,2951.0,2686.0,2616.0,2497.0,2623.0,2686.0,2916.0,3272.0,4123.0,5512.0,7465.0,9489.0,10849.0,11470.0,11610.0,10933.0,9970.0,9258.0,7891.0,6433.0,5177.0,4158.0,3523.0,3090.0,2825.0,2790.0,2602.0,2616.0,2602.0
A25V2,1250,---,5449.0,6899.0,8669.0,10280.0,11603.0,12109.0,11798.0,10831.0,9563.0,8244.0,4600.0,4713.0,4763.0,4767.0,4808.0,4826.0,4763.0,4777.0,4700.0,4668.0,4587.0,4469.0,4465.0,4357.0,4289.0,4239.0,4117.0,4063.0,3991.0,3860.0,3833.0,3756.0,3652.0,3612.0,3494.0,3426.0,3354.0,3287.0,3237.0,3124.0,3034.0,3038.0,2948.0,2916.0,2862.0,2736.0,2740.0,2668.0,2600.0,2582.0,-,2927.0,3748.0,4476.0,4947.0,5240.0,5268.0,5097.0,4819.0,4869.0,6254.0,9474.0,12222.0,13664.0,13215.0,11601.0,10066.0,8631.0,7210.0,5568.0,4333.0,3591.0,2991.0,2741.0,2627.0,2563.0,2670.0,2741.0,3012.0,3319.0,4162.0,5575.0,7425.0,9524.0,10744.0,11423.0,11408.0,10851.0,9959.0,9252.0,7839.0,6468.0,5190.0,4219.0,3576.0,3162.0,2862.0,2834.0,2627.0,2670.0,2655.0
A25V3,0,---,5430.0,6887.0,8656.0,10285.0,11584.0,12109.0,11806.0,10860.0,9552.0,8258.0,4764.0,4864.0,4927.0,4945.0,5009.0,5045.0,4986.0,5013.0,4959.0,4945.0,4900.0,4801.0,4805.0,4715.0,4642.0,4615.0,4497.0,4457.0,4393.0,4285.0,4253.0,4176.0,4081.0,4054.0,3927.0,3873.0,3810.0,3755.0,3697.0,3588.0,3502.0,3516.0,3416.0,3380.0,3321.0,3199.0,3194.0,3117.0,3040.0,3009.0,-,2814.0,3563.0,4367.0,4792.0,5183.0,5089.0,4893.0,4704.0,4745.0,6283.0,9537.0,12095.0,13668.0,13168.0,11629.0,10185.0,8686.0,7276.0,5541.0,4259.0,3442.0,2895.0,2598.0,2497.0,2389.0,2517.0,2598.0,2915.0,3381.0,4319.0,5939.0,8059.0,10306.0,11724.0,12210.0,12277.0,11575.0,10738.0,9679.0,8099.0,6675.0,5271.0,4211.0,3543.0,3030.0,2760.0,2699.0,2497.0,2544.0,2504.0
A25V3,0,---,5414.0,6891.0,8654.0,10283.0,11586.0,12100.0,11796.0,10859.0,9569.0,8257.0,4731.0,4842.0,4905.0,4932.0,4981.0,5030.0,4963.0,4999.0,4936.0,4927.0,4882.0,4771.0,4780.0,4682.0,4610.0,4574.0,4481.0,4423.0,4365.0,4244.0,4222.0,4164.0,4066.0,4030.0,3914.0,3842.0,3789.0,3713.0,3664.0,3566.0,3481.0,3481.0,3387.0,3352.0,3289.0,3164.0,3169.0,3088.0,3017.0,2990.0,-,2805.0,3580.0,4308.0,4780.0,5138.0,5091.0,5010.0,4639.0,4726.0,6257.0,9608.0,12157.0,13708.0,13250.0,11557.0,10121.0,8610.0,7275.0,5495.0,4227.0,3492.0,2906.0,2636.0,2521.0,2414.0,2555.0,2656.0,2953.0,3378.0,4335.0,5893.0,7956.0,10236.0,11611.0,12231.0,12191.0,11584.0,10512.0,9581.0,8098.0,6594.0,5286.0,4187.0,3526.0,3034.0,2737.0,2663.0,2515.0,2562.0,2528.0
A25V3,0,---,5429.0,6884.0,8653.0,10265.0,11598.0,12111.0,11805.0,10855.0,9576.0,8248.0,4750.0,4862.0,4916.0,4943.0,5006.0,5042.0,4984.0,5015.0,4952.0,4939.0,4898.0,4786.0,4790.0,4700.0,4624.0,4597.0,4493.0,4443.0,4376.0,4263.0,4236.0,4178.0,4083.0,4047.0,3926.0,3858.0,3804.0,3741.0,3683.0,3579.0,3493.0,3502.0,3408.0,3372.0,3313.0,3187.0,3183.0,3102.0,3034.0,2998.0,-,2866.0,3623.0,4394.0,4885.0,5172.0,5250.0,5046.0,4752.0,4822.0,6196.0,9581.0,12154.0,13584.0,13114.0,11656.0,10163.0,8726.0,7282.0,5579.0,4331.0,3546.0,2992.0,2705.0,2593.0,2558.0,2649.0,2705.0,3028.0,3455.0,4352.0,5810.0,7969.0,10079.0,11530.0,12035.0,12091.0,11467.0,10591.0,9532.0,8095.0,6623.0,5334.0,4268.0,3553.0,3147.0,2859.0,2803.0,2642.0,2642.0,2600.0
A25V3,250,---,5405.0,6897.0,8654.0,10287.0,11607.0,12083.0,11805.0,10853.0,9567.0,8242.0,4706.0,4809.0,4882.0,4903.0,4950.0,4980.0,4925.0,4963.0,4895.0,4882.0,4830.0,4715.0,4719.0,4625.0,4573.0,4518.0,4427.0,4363.0,4286.0,4153.0,4132.0,4076.0,3977.0,3935.0,3815.0,3746.0,3686.0,3613.0,3562.0,3454.0,3369.0,3364.0,3266.0,3236.0,3180.0,3043.0,3034.0,2961.0,2889.0,2863.0,-,2532.0,3290.0,4049.0,4620.0,4927.0,5005.0,4795.0,4524.0,4602.0,5980.0,9427.0,12068.0,13765.0,13386.0,11774.0,10330.0,8663.0,7249.0,5553.0,4181.0,3351.0,2695.0,2382.0,2250.0,2159.0,2304.0,2406.0,2695.0,3074.0,3952.0,5505.0,7670.0,10017.0,11545.0,12291.0,12249.0,11750.0,10727.0,9812.0,8332.0,6780.0,5288.0,4139.0,3369.0,2869.0,2526.0,2448.0,2316.0,2292.0,2274.0
A25V3,250,---,5416.0,6892.0,8669.0,10287.0,11609.0,12081.0,11802.0,10845.0,9553.0,8257.0,4712.0,4802.0,4875.0,4909.0,4952.0,4987.0,4918.0,4961.0,4905.0,4879.0,4828.0,4716.0,4729.0,4626.0,4570.0,4527.0,4416.0,4360.0,4287.0,4163.0,4133.0,4077.0,3965.0,3927.0,3811.0,3751.0,3678.0,3618.0,3553.0,3454.0,3369.0,3364.0,3266.0,3231.0,3171.0,3042.0,3038.0,2957.0,2892.0,2858.0,-,2630.0,3323.0,4140.0,4666.0,5087.0,5050.0,4852.0,4616.0,4654.0,5984.0,9413.0,11994.0,13720.0,13368.0,11802.0,10304.0,8757.0,7358.0,5532.0,4227.0,3447.0,2735.0,2475.0,2296.0,2240.0,2364.0,2419.0,2692.0,3162.0,3973.0,5539.0,7723.0,10118.0,11598.0,12260.0,12371.0,11573.0,10849.0,9877.0,8237.0,6820.0,5334.0,4128.0,3453.0,2902.0,2568.0,2549.0,2376.0,2370.0,2339.0
A25V3,250,---,5408.0,6897.0,8658.0,10264.0,11606.0,12090.0,11818.0,10859.0,9556.0,8248.0,4700.0,4817.0,4873.0,4903.0,4946.0,4989.0,4937.0,4955.0,4903.0,4890.0,4825.0,4709.0,4726.0,4631.0,4566.0,4523.0,4406.0,4363.0,4277.0,4165.0,4130.0,4065.0,3971.0,3932.0,3811.0,3755.0,3681.0,3612.0,3556.0,3453.0,3362.0,3371.0,3267.0,3232.0,3176.0,3051.0,3047.0,2956.0,2896.0,2857.0,-,2639.0,3316.0,4161.0,4671.0,5031.0,5025.0,4851.0,4559.0,4615.0,6006.0,9423.0,12199.0,13646.0,13448.0,11770.0,10224.0,8665.0,7224.0,5522.0,4217.0,3441.0,2745.0,2422.0,2304.0,2223.0,2379.0,2428.0,2695.0,3099.0,4012.0,5578.0,7696.0,10069.0,11528.0,12317.0,12323.0,11572.0,10696.0,9708.0,8311.0,6727.0,5298.0,4112.0,3422.0,2882.0,2590.0,2515.0,2403.0,2354.0,2323.0
A25V3,750,---,5417.0,6902.0,8661.0,10283.0,11597.0,12085.0,11802.0,10861.0,9564.0,8242.0,4621.0,4715.0,4758.0,4788.0,4822.0,4857.0,4784.0,4814.0,4745.0,4711.0,4668.0,4553.0,4544.0,4437.0,4352.0,4313.0,4198.0,4142.0,4065.0,3941.0,3907.0,3842.0,3735.0,3701.0,3573.0,3513.0,3449.0,3372.0,3307.0,3213.0,3119.0,3119.0,3025.0,2982.0,2931.0,2807.0,2803.0,2730.0,2666.0,2644.0,-,2735.0,3440.0,4241.0,4726.0,5160.0,5153.0,4946.0,4655.0,4681.0,6033.0,9344.0,12072.0,13754.0,13489.0,11684.0,10242.0,8697.0,7339.0,5606.0,4274.0,3524.0,2832.0,2567.0,2450.0,2347.0,2489.0,2554.0,2793.0,3149.0,4002.0,5483.0,7520.0,9809.0,11167.0,11859.0,12001.0,11368.0,10449.0,9576.0,8147.0,6686.0,5231.0,4170.0,3511.0,3000.0,2657.0,2593.0,2463.0,2463.0,2431.0
A25V3,750,---,5419.0,6894.0,8660.0,10290.0,11610.0,12086.0,11807.0,10847.0,9556.0,8244.0,4613.0,4720.0,4772.0,4784.0,4827.0,4857.0,4793.0,4802.0,4742.0,4720.0,4664.0,4549.0,4549.0,4441.0,4351.0,4313.0,4206.0,4137.0,4068.0,3940.0,3918.0,3850.0,3747.0,3700.0,3584.0,3515.0,3447.0,3382.0,3318.0,3219.0,3129.0,3125.0,3027.0,2992.0,2936.0,2816.0,2804.0,2731.0,2666.0,2649.0,-,2730.0,3465.0,4200.0,4757.0,5105.0,5164.0,4928.0,4725.0,4672.0,6109.0,9371.0,12075.0,13696.0,13361.0,11806.0,10283.0,8623.0,7284.0,5532.0,4298.0,3576.0,2867.0,2585.0,2454.0,2355.0,2506.0,2565.0,2835.0,3241.0,4042.0,5492.0,7540.0,9653.0,11215.0,11852.0,11865.0,11228.0,10473.0,9555.0,8078.0,6602.0,5256.0,4180.0,3465.0,2946.0,2710.0,2670.0,2447.0,2447.0,2415.0
A25V3,750,---,5406.0,6901.0,8672.0,10291.0,11596.0,12062.0,11803.0,10850.0,9566.0,8253.0,4613.0,4711.0,4766.0,4779.0,4834.0,4851.0,4787.0,4808.0,4741.0,4719.0,4664.0,4550.0,4546.0,4444.0,4334.0,4308.0,4194.0,4143.0,4071.0,3936.0,3906.0,3834.0,3732.0,3690.0,3571.0,3503.0,3444.0,3364.0,3313.0,3203.0,3114.0,3114.0,3020.0,2978.0,2914.0,2796.0,2796.0,2720.0,2656.0,2631.0,-,2760.0,3469.0,4265.0,4738.0,5112.0,5152.0,4941.0,4705.0,4731.0,6124.0,9404.0,12013.0,13767.0,13373.0,11671.0,10186.0,8727.0,7320.0,5572.0,4297.0,3561.0,2865.0,2595.0,2438.0,2339.0,2464.0,2569.0,2838.0,3174.0,4028.0,5447.0,7570.0,9752.0,11145.0,11730.0,12046.0,11329.0,10409.0,9502.0,8004.0,6525.0,5296.0,4166.0,3476.0,2990.0,2700.0,2628.0,2431.0,2490.0,2477.0
A25V3,1250,---,5412.0,6905.0,8648.0,10278.0,11610.0,12103.0,11811.0,10850.0,9557.0,8233.0,4612.0,4704.0,4752.0,4761.0,4796.0,4822.0,4756.0,4765.0,4700.0,4669.0,4603.0,4468.0,4468.0,4341.0,4271.0,4223.0,4119.0,4062.0,3979.0,3857.0,3817.0,3747.0,3642.0,3594.0,3468.0,3411.0,3341.0,3276.0,3206.0,3114.0,3022.0,3018.0,2922.0,2882.0,2826.0,2716.0,2712.0,2629.0,2572.0,2546.0,-,2799.0,3561.0,4316.0,4781.0,5213.0,5186.0,5031.0,4748.0,4734.0,6151.0,9401.0,11991.0,13698.0,13374.0,11715.0,10211.0,8720.0,7358.0,5598.0,4363.0,3567.0,2913.0,2623.0,2502.0,2434.0,2542.0,2589.0,2852.0,3244.0,4006.0,5483.0,7446.0,9638.0,10926.0,11526.0,11634.0,11034.0,10069.0,9348.0,7884.0,6508.0,5186.0,4208.0,3513.0,3028.0,2785.0,2697.0,2515.0,2488.0,2535.0
A25V3,1250,---,5419.0,6894.0,8659.0,10279.0,11604.0,12098.0,11816.0,10856.0,9548.0,8241.0,4613.0,4701.0,4754.0,4767.0,4807.0,4825.0,4754.0,4772.0,4706.0,4671.0,4613.0,4472.0,4468.0,4349.0,4283.0,4239.0,4125.0,4067.0,3984.0,3856.0,3825.0,3750.0,3640.0,3601.0,3486.0,3420.0,3341.0,3279.0,3213.0,3125.0,3028.0,3037.0,2932.0,2896.0,2839.0,2720.0,2720.0,2637.0,2579.0,2562.0,-,2826.0,3598.0,4335.0,4841.0,5148.0,5237.0,5032.0,4779.0,4827.0,6138.0,9497.0,12051.0,13772.0,13219.0,11689.0,10166.0,8637.0,7299.0,5605.0,4328.0,3584.0,2929.0,2669.0,2574.0,2417.0,2574.0,2615.0,2908.0,3284.0,4042.0,5489.0,7469.0,9552.0,10856.0,11471.0,11614.0,10924.0,10160.0,9245.0,7886.0,6520.0,5216.0,4192.0,3564.0,3058.0,2772.0,2731.0,2587.0,2540.0,2560.0
A25V3,1250,---,5411.0,6895.0,8659.0,10263.0,11611.0,12098.0,11806.0,10853.0,9563.0,8247.0,4622.0,4706.0,4759.0,4768.0,4812.0,4826.0,4764.0,4772.0,4706.0,4666.0,4617.0,4476.0,4476.0,4360.0,4289.0,4245.0,4134.0,4072.0,3988.0,3864.0,3837.0,3758.0,3647.0,3607.0,3487.0,3425.0,3350.0,3288.0,3221.0,3124.0,3035.0,3035.0,2938.0,2902.0,2840.0,2734.0,2725.0,2650.0,2588.0,2570.0,-,2841.0,3597.0,4345.0,4879.0,5288.0,5191.0,5045.0,4817.0,4782.0,6106.0,9426.0,12094.0,13633.0,13245.0,11789.0,10278.0,8643.0,7263.0,5586.0,4338.0,3597.0,2987.0,2675.0,2571.0,2488.0,2619.0,2661.0,2890.0,3313.0,4089.0,5454.0,7360.0,9523.0,10888.0,11443.0,11512.0,10930.0,10126.0,9266.0,7852.0,6536.0,5232.0,4144.0,3527.0,3105.0,2827.0,2772.0,2592.0,2599.0,2571.0
M4,0,---,5350.0,6806.0,8590.0,10210.0,11566.0,12112.0,11848.0,10920.0,9641.0,8303.0,4754.0,4859.0,4923.0,4950.0,4991.0,5041.0,4986.0,5014.0,4964.0,4941.0,4895.0,4791.0,4800.0,4700.0,4631.0,4595.0,4495.0,4459.0,4381.0,4267.0,4254.0,4186.0,4081.0,4049.0,3935.0,3872.0,3799.0,3740.0,3685.0,3589.0,3498.0,3498.0,3412.0,3376.0,3312.0,3189.0,3189.0,3107.0,3030.0,3007.0,-,2632.0,3349.0,4142.0,4701.0,5069.0,5094.0,4891.0,4650.0,4586.0,5989.0,9338.0,12047.0,13703.0,13316.0,11844.0,10334.0,8837.0,7391.0,5678.0,4288.0,3508.0,2797.0,2512.0,2372.0,2245.0,2404.0,2499.0,2759.0,3184.0,4130.0,5722.0,7962.0,10233.0,11705.0,12403.0,12453.0,11762.0,10829.0,9839.0,8368.0,6794.0,5348.0,4218.0,3457.0,2950.0,2670.0,2582.0,2360.0,2372.0,2372.0
M4,0,---,5352.0,6800.0,8577.0,10209.0,11556.0,12133.0,11863.0,10919.0,9636.0,8303.0,4760.0,4870.0,4935.0,4971.0,5012.0,5054.0,5003.0,5035.0,4976.0,4948.0,4921.0,4802.0,4820.0,4701.0,4650.0,4614.0,4508.0,4472.0,4398.0,4284.0,4266.0,4197.0,4101.0,4073.0,3931.0,3890.0,3817.0,3757.0,3702.0,3610.0,3519.0,3523.0,3422.0,3395.0,3331.0,3198.0,3202.0,3120.0,3047.0,3019.0,-,2732.0,3445.0,4264.0,4752.0,5102.0,5155.0,4950.0,4614.0,4706.0,5993.0,9353.0,11981.0,13769.0,13354.0,11783.0,10225.0,8832.0,7472.0,5696.0,4330.0,3544.0,2858.0,2554.0,2488.0,2330.0,2501.0,2567.0,2858.0,3274.0,4165.0,5776.0,7881.0,10244.0,11624.0,12264.0,12251.0,11723.0,10832.0,9716.0,8284.0,6799.0,5386.0,4178.0,3531.0,3049.0,2713.0,2640.0,2468.0,2495.0,2449.0
M4,0,---,5370.0,6791.0,8560.0,10212.0,11569.0,12138.0,11847.0,10930.0,9648.0,8300.0,4773.0,4879.0,4953.0,4990.0,5037.0,5069.0,5023.0,5046.0,4995.0,4976.0,4939.0,4828.0,4833.0,4722.0,4671.0,4634.0,4537.0,4495.0,4421.0,4287.0,4277.0,4217.0,4120.0,4083.0,3962.0,3898.0,3842.0,3782.0,3726.0,3629.0,3532.0,3537.0,3453.0,3412.0,3356.0,3222.0,3222.0,3143.0,3069.0,3050.0,-,2702.0,3393.0,4218.0,4689.0,5057.0,5128.0,4883.0,4644.0,4644.0,6005.0,9256.0,12075.0,13669.0,13398.0,11798.0,10359.0,8792.0,7502.0,5670.0,4334.0,3515.0,2844.0,2548.0,2406.0,2341.0,2477.0,2573.0,2818.0,3199.0,4115.0,5676.0,7908.0,10250.0,11772.0,12346.0,12385.0,11862.0,10862.0,10011.0,8379.0,6824.0,5366.0,4244.0,3522.0,2960.0,2677.0,2573.0,2419.0,2393.0,2380.0
M4,250,---,5328.0,6812.0,8597.0,10231.0,11569.0,12045.0,11845.0,10948.0,9647.0,8301.0,4682.0,4790.0,4861.0,4878.0,4940.0,4969.0,4919.0,4944.0,4886.0,4861.0,4819.0,4698.0,4698.0,4611.0,4548.0,4515.0,4402.0,4352.0,4261.0,4140.0,4110.0,4044.0,3956.0,3915.0,3781.0,3723.0,3656.0,3585.0,3523.0,3427.0,3335.0,3322.0,3235.0,3189.0,3139.0,3010.0,3001.0,2914.0,2851.0,2814.0,-,2275.0,2956.0,3775.0,4361.0,4646.0,4704.0,4567.0,4313.0,4313.0,5570.0,8881.0,11595.0,13210.0,13247.0,11494.0,10116.0,8643.0,7239.0,5559.0,4086.0,3257.0,2502.0,2127.0,2017.0,1921.0,2032.0,2112.0,2365.0,2787.0,3701.0,5132.0,7265.0,9884.0,11463.0,12202.0,12313.0,11721.0,10845.0,9831.0,8363.0,6763.0,5264.0,3970.0,3205.0,2655.0,2296.0,2207.0,2080.0,2022.0,1985.0
M4,250,---,5319.0,6799.0,8569.0,10209.0,11579.0,12076.0,11853.0,10947.0,9652.0,8312.0,4691.0,4796.0,4855.0,4885.0,4936.0,4961.0,4910.0,4936.0,4872.0,4868.0,4813.0,4700.0,4704.0,4603.0,4539.0,4510.0,4400.0,4358.0,4265.0,4147.0,4114.0,4055.0,3945.0,3911.0,3793.0,3722.0,3663.0,3599.0,3540.0,3439.0,3346.0,3334.0,3245.0,3199.0,3148.0,3022.0,3009.0,2933.0,2866.0,2832.0,-,2314.0,3060.0,3888.0,4470.0,4826.0,4875.0,4738.0,4459.0,4459.0,5704.0,9143.0,11967.0,13772.0,13552.0,12022.0,10443.0,8934.0,7470.0,5775.0,4239.0,3334.0,2594.0,2204.0,2100.0,1980.0,2089.0,2188.0,2479.0,2901.0,3757.0,5281.0,7569.0,10163.0,11704.0,12538.0,12647.0,12099.0,11106.0,10152.0,8665.0,6987.0,5424.0,4130.0,3290.0,2725.0,2402.0,2303.0,2106.0,2078.0,2073.0
M4,250,---,5325.0,6800.0,8580.0,10220.0,11573.0,12062.0,11864.0,10962.0,9638.0,8297.0,4680.0,4793.0,4852.0,4882.0,4928.0,4979.0,4911.0,4941.0,4878.0,4857.0,4814.0,4696.0,4705.0,4604.0,4545.0,4511.0,4401.0,4346.0,4266.0,4153.0,4115.0,4047.0,3946.0,3912.0,3790.0,3722.0,3655.0,3596.0,3528.0,3432.0,3343.0,3335.0,3246.0,3200.0,3145.0,3018.0,3006.0,2930.0,2858.0,2829.0,-,2267.0,2939.0,3758.0,4309.0,4703.0,4750.0,4608.0,4309.0,4299.0,5454.0,8766.0,11622.0,13196.0,13259.0,11627.0,10157.0,8650.0,7265.0,5574.0,4115.0,3238.0,2488.0,2115.0,2010.0,1895.0,1989.0,2083.0,2356.0,2771.0,3643.0,5133.0,7301.0,9800.0,11433.0,12141.0,12257.0,11658.0,10666.0,9826.0,8330.0,6755.0,5265.0,3973.0,3207.0,2598.0,2293.0,2178.0,2041.0,2015.0,1989.0
M4,250,---,5315.0,6808.0,8583.0,10210.0,11588.0,12073.0,11850.0,10956.0,9649.0,8279.0,4683.0,4788.0,4856.0,4881.0,4940.0,4974.0,4911.0,4936.0,4877.0,4856.0,4810.0,4687.0,4696.0,4611.0,4544.0,4502.0,4405.0,4346.0,4262.0,4143.0,4106.0,4051.0,3958.0,3916.0,3789.0,3722.0,3659.0,3591.0,3524.0,3435.0,3343.0,3330.0,3241.0,3199.0,3140.0,3014.0,3009.0,2925.0,2853.0,2824.0,-,2364.0,3037.0,3880.0,4521.0,4849.0,4909.0,4734.0,4488.0,4411.0,5670.0,9135.0,11926.0,13743.0,13579.0,12058.0,10487.0,8987.0,7443.0,5763.0,4258.0,3360.0,2605.0,2238.0,2096.0,2008.0,2068.0,2162.0,2490.0,2889.0,3760.0,5314.0,7635.0,10131.0,11729.0,12517.0,12703.0,12025.0,11001.0,10218.0,8571.0,7011.0,5467.0,4165.0,3355.0,2687.0,2408.0,2293.0,2129.0,2101.0,2047.0
M4,750,---,5336.0,6829.0,8578.0,10218.0,11585.0,12110.0,11858.0,10912.0,9623.0,8283.0,4629.0,4725.0,4781.0,4803.0,4842.0,4872.0,4811.0,4824.0,4759.0,4729.0,4681.0,4551.0,4564.0,4434.0,4369.0,4330.0,4221.0,4165.0,4091.0,3957.0,3926.0,3861.0,3753.0,3709.0,3597.0,3531.0,3458.0,3397.0,3332.0,3232.0,3141.0,3141.0,3050.0,3015.0,2950.0,2833.0,2829.0,2750.0,2681.0,2659.0,-,2491.0,3228.0,4025.0,4606.0,4989.0,5043.0,4851.0,4576.0,4540.0,5780.0,9104.0,11914.0,13723.0,13567.0,11944.0,10518.0,8907.0,7463.0,5708.0,4330.0,3450.0,2773.0,2396.0,2270.0,2138.0,2294.0,2330.0,2587.0,2971.0,3827.0,5259.0,7379.0,9877.0,11351.0,11968.0,12213.0,11560.0,10800.0,9793.0,8278.0,6678.0,5313.0,4175.0,3396.0,2815.0,2521.0,2485.0,2270.0,2288.0,2234.0
M4,750,---,5344.0,6814.0,8583.0,10210.0,11584.0,12110.0,11862.0,10914.0,9627.0,8292.0,4639.0,4735.0,4778.0,4796.0,4844.0,4865.0,4800.0,4831.0,4765.0,4735.0,4683.0,4561.0,4565.0,4444.0,4378.0,4326.0,4213.0,4174.0,4091.0,3970.0,3931.0,3857.0,3761.0,3722.0,3591.0,3535.0,3457.0,3391.0,3339.0,3230.0,3143.0,3143.0,3048.0,3013.0,2956.0,2839.0,2830.0,2748.0,2687.0,2669.0,-,2532.0,3234.0,4044.0,4588.0,5035.0,5029.0,4878.0,4564.0,4545.0,5797.0,9128.0,11987.0,13776.0,13583.0,11896.0,10379.0,8904.0,7544.0,5821.0,4292.0,3524.0,2750.0,2418.0,2297.0,2170.0,2291.0,2345.0,2611.0,2998.0,3862.0,5319.0,7344.0,9799.0,11262.0,11993.0,12307.0,11534.0,10675.0,9787.0,8348.0,6740.0,5319.0,4159.0,3409.0,2865.0,2520.0,2472.0,2254.0,2297.0,2272.0
M4,750,---,5337.0,6803.0,8574.0,10227.0,11584.0,12115.0,11867.0,10914.0,9626.0,8287.0,4637.0,4715.0,4776.0,4802.0,4828.0,4867.0,4802.0,4828.0,4767.0,4737.0,4680.0,4567.0,4563.0,4441.0,4371.0,4324.0,4223.0,4171.0,4089.0,3971.0,3936.0,3867.0,3758.0,3723.0,3593.0,3536.0,3467.0,3401.0,3332.0,3232.0,3140.0,3140.0,3045.0,3014.0,2945.0,2831.0,2827.0,2753.0,2697.0,2662.0,-,2505.0,3226.0,4011.0,4553.0,4952.0,4934.0,4791.0,4601.0,4553.0,5797.0,9125.0,11934.0,13625.0,13547.0,11970.0,10517.0,8928.0,7482.0,5773.0,4303.0,3464.0,2773.0,2380.0,2250.0,2148.0,2261.0,2351.0,2583.0,2982.0,3803.0,5273.0,7345.0,9797.0,11255.0,12065.0,12107.0,11553.0,10583.0,9803.0,8273.0,6779.0,5303.0,4178.0,3398.0,2833.0,2529.0,2464.0,2285.0,2255.0,2232.0
M4,1250,---,5336.0,6818.0,8563.0,10225.0,11586.0,12106.0,11866.0,10930.0,9631.0,8270.0,4605.0,4688.0,4741.0,4749.0,4798.0,4819.0,4745.0,4763.0,4706.0,4666.0,4601.0,4461.0,4452.0,4347.0,4286.0,4220.0,4124.0,4054.0,3975.0,3853.0,3813.0,3735.0,3630.0,3599.0,3477.0,3411.0,3337.0,3267.0,3201.0,3105.0,3022.0,3017.0,2917.0,2882.0,2825.0,2711.0,2707.0,2628.0,2567.0,2549.0,-,2611.0,3287.0,4092.0,4658.0,5033.0,5014.0,4891.0,4621.0,4590.0,5813.0,9052.0,12094.0,13765.0,13427.0,12032.0,10385.0,8837.0,7466.0,5733.0,4332.0,3484.0,2765.0,2427.0,2304.0,2243.0,2298.0,2390.0,2642.0,3041.0,3834.0,5211.0,7270.0,9550.0,11043.0,11737.0,11817.0,11240.0,10416.0,9543.0,8087.0,6606.0,5242.0,4080.0,3416.0,2863.0,2556.0,2470.0,2329.0,2335.0,2329.0
M4,1250,---,5344.0,6808.0,8584.0,10215.0,11570.0,12118.0,11855.0,10925.0,9632.0,8290.0,4612.0,4699.0,4739.0,4756.0,4787.0,4813.0,4752.0,4770.0,4695.0,4664.0,4607.0,4471.0,4467.0,4349.0,4279.0,4226.0,4129.0,4055.0,3989.0,3858.0,3818.0,3744.0,3634.0,3603.0,3476.0,3402.0,3332.0,3275.0,3209.0,3108.0,3016.0,3020.0,2924.0,2884.0,2827.0,2713.0,2709.0,2630.0,2569.0,2551.0,-,2595.0,3302.0,4102.0,4671.0,5103.0,5096.0,4884.0,4565.0,4559.0,5866.0,9205.0,11994.0,13608.0,13527.0,11907.0,10431.0,8899.0,7542.0,5741.0,4383.0,3514.0,2801.0,2482.0,2326.0,2263.0,2345.0,2414.0,2689.0,3014.0,3883.0,5209.0,7304.0,9568.0,11038.0,11782.0,11869.0,11300.0,10343.0,9549.0,8086.0,6591.0,5259.0,4058.0,3427.0,2895.0,2601.0,2532.0,2345.0,2363.0,2357.0
M4,1250,---,5337.0,6791.0,8574.0,10200.0,11578.0,12120.0,11873.0,10931.0,9632.0,8297.0,4597.0,4708.0,4747.0,4756.0,4804.0,4818.0,4760.0,4769.0,4703.0,4668.0,4611.0,4470.0,4461.0,4342.0,4276.0,4241.0,4122.0,4060.0,3977.0,3853.0,3822.0,3752.0,3642.0,3607.0,3470.0,3413.0,3342.0,3281.0,3206.0,3113.0,3025.0,3025.0,2924.0,2893.0,2836.0,2712.0,2721.0,2633.0,2572.0,2554.0,-,2606.0,3314.0,4115.0,4711.0,5074.0,5087.0,4917.0,4679.0,4579.0,5801.0,9177.0,11915.0,13801.0,13531.0,11896.0,10443.0,8852.0,7436.0,5726.0,4310.0,3589.0,2787.0,2487.0,2343.0,2217.0,2374.0,2411.0,2706.0,3038.0,3871.0,5237.0,7317.0,9553.0,11013.0,11708.0,11852.0,11320.0,10368.0,9528.0,8025.0,6672.0,5212.0,4109.0,3401.0,2913.0,2618.0,2518.0,2393.0,2349.0,2311.0
M4,0,---,5362.0,6798.0,8580.0,10221.0,11562.0,12124.0,11848.0,10919.0,9636.0,8308.0,4741.0,4854.0,4908.0,4949.0,4994.0,5026.0,4990.0,5004.0,4940.0,4945.0,4895.0,4786.0,4809.0,4704.0,4627.0,4591.0,4482.0,4451.0,4383.0,4260.0,4242.0,4174.0,4079.0,4052.0,3929.0,3870.0,3802.0,3739.0,3680.0,3585.0,3494.0,3499.0,3404.0,3376.0,3308.0,3181.0,3177.0,3104.0,3027.0,3000.0,-,2806.0,3519.0,4266.0,4737.0,5168.0,5215.0,4959.0,4697.0,4751.0,6137.0,9321.0,12107.0,13675.0,13318.0,11737.0,10243.0,8708.0,7322.0,5585.0,4293.0,3546.0,2900.0,2624.0,2496.0,2409.0,2537.0,2597.0,2907.0,3338.0,4165.0,5707.0,7793.0,9913.0,11407.0,12026.0,11999.0,11407.0,10518.0,9563.0,8156.0,6608.0,5289.0,4179.0,3566.0,3021.0,2766.0,2698.0,2537.0,2550.0,2523.0
M4,0,---,5345.0,6800.0,8577.0,10200.0,11568.0,12118.0,11859.0,10927.0,9640.0,8309.0,4754.0,4872.0,4922.0,4954.0,5004.0,5054.0,4986.0,5013.0,4954.0,4954.0,4913.0,4795.0,4809.0,4700.0,4640.0,4604.0,4504.0,4472.0,4400.0,4272.0,4259.0,4186.0,4086.0,4054.0,3940.0,3881.0,3818.0,3754.0,3695.0,3600.0,3504.0,3513.0,3418.0,3386.0,3318.0,3195.0,3190.0,3109.0,3040.0,3018.0,-,2845.0,3534.0,4376.0,4835.0,5224.0,5231.0,5009.0,4779.0,4897.0,6122.0,9399.0,11931.0,13629.0,13316.0,11688.0,10289.0,8724.0,7339.0,5677.0,4362.0,3638.0,3005.0,2664.0,2560.0,2518.0,2622.0,2713.0,2998.0,3381.0,4237.0,5767.0,7826.0,9948.0,11354.0,11924.0,12210.0,11375.0,10408.0,9538.0,8195.0,6644.0,5329.0,4271.0,3666.0,3137.0,2831.0,2789.0,2588.0,2595.0,2560.0
M4,0,---,5357.0,6812.0,8566.0,10195.0,11563.0,12119.0,11848.0,10939.0,9644.0,8309.0,4778.0,4879.0,4948.0,4971.0,5022.0,5049.0,5008.0,5035.0,4971.0,4971.0,4930.0,4815.0,4833.0,4710.0,4659.0,4622.0,4535.0,4480.0,4407.0,4283.0,4278.0,4209.0,4104.0,4076.0,3952.0,3897.0,3828.0,3773.0,3704.0,3612.0,3516.0,3530.0,3442.0,3406.0,3337.0,3218.0,3218.0,3130.0,3071.0,3034.0,-,2804.0,3470.0,4285.0,4815.0,5141.0,5141.0,5032.0,4747.0,4781.0,6091.0,9324.0,11993.0,13657.0,13277.0,11803.0,10261.0,8808.0,7389.0,5616.0,4332.0,3579.0,2927.0,2669.0,2539.0,2451.0,2587.0,2682.0,2913.0,3293.0,4135.0,5657.0,7749.0,10003.0,11497.0,12095.0,12081.0,11409.0,10587.0,9684.0,8258.0,6798.0,5338.0,4237.0,3585.0,3103.0,2811.0,2736.0,2573.0,2567.0,2533.0
M4,250,---,5332.0,6811.0,8590.0,10217.0,11569.0,12076.0,11852.0,10935.0,9646.0,8298.0,4694.0,4795.0,4863.0,4893.0,4935.0,4973.0,4918.0,4943.0,4888.0,4867.0,4817.0,4703.0,4715.0,4614.0,4546.0,4517.0,4407.0,4352.0,4272.0,4145.0,4119.0,4052.0,3950.0,3912.0,3790.0,3731.0,3659.0,3591.0,3528.0,3439.0,3338.0,3346.0,3240.0,3202.0,3152.0,3025.0,3012.0,2940.0,2860.0,2831.0,-,2445.0,3151.0,3953.0,4499.0,4920.0,4943.0,4755.0,4488.0,4533.0,5773.0,9203.0,11996.0,13720.0,13555.0,11996.0,10346.0,8873.0,7389.0,5574.0,4203.0,3333.0,2650.0,2292.0,2184.0,2081.0,2155.0,2275.0,2514.0,2952.0,3805.0,5307.0,7451.0,9840.0,11507.0,12286.0,12463.0,11763.0,10904.0,9937.0,8401.0,6860.0,5312.0,4106.0,3333.0,2792.0,2457.0,2372.0,2184.0,2184.0,2155.0
M4,250,---,5336.0,6816.0,8588.0,10220.0,11582.0,12068.0,11853.0,10948.0,9633.0,8288.0,4689.0,4791.0,4858.0,4884.0,4934.0,4977.0,4913.0,4943.0,4879.0,4858.0,4812.0,4693.0,4706.0,4613.0,4554.0,4516.0,4406.0,4355.0,4271.0,4148.0,4118.0,4055.0,3958.0,3911.0,3793.0,3733.0,3662.0,3594.0,3535.0,3437.0,3340.0,3336.0,3239.0,3205.0,3150.0,3019.0,3010.0,2934.0,2862.0,2837.0,-,2399.0,3121.0,3957.0,4510.0,4928.0,4916.0,4736.0,4510.0,4533.0,5735.0,9156.0,12018.0,13740.0,13514.0,11894.0,10482.0,8924.0,7423.0,5616.0,4245.0,3353.0,2630.0,2280.0,2179.0,2054.0,2162.0,2258.0,2500.0,2963.0,3810.0,5345.0,7462.0,9941.0,11510.0,12278.0,12554.0,11832.0,10895.0,10037.0,8405.0,6858.0,5323.0,4064.0,3313.0,2794.0,2438.0,2348.0,2167.0,2167.0,2156.0
M4,250,---,5329.0,6809.0,8583.0,10218.0,11576.0,12068.0,11849.0,10954.0,9638.0,8301.0,4682.0,4796.0,4854.0,4884.0,4926.0,4968.0,4909.0,4934.0,4880.0,4863.0,4817.0,4699.0,4707.0,4606.0,4552.0,4510.0,4409.0,4350.0,4266.0,4144.0,4115.0,4043.0,3947.0,3909.0,3787.0,3724.0,3661.0,3589.0,3535.0,3438.0,3341.0,3333.0,3236.0,3190.0,3135.0,3018.0,3001.0,2925.0,2854.0,2824.0,-,2405.0,3133.0,3958.0,4491.0,4932.0,4897.0,4754.0,4485.0,4485.0,5699.0,9165.0,12035.0,13685.0,13662.0,11926.0,10454.0,8884.0,7366.0,5590.0,4210.0,3362.0,2646.0,2285.0,2125.0,2033.0,2182.0,2279.0,2543.0,2984.0,3843.0,5367.0,7515.0,10024.0,11456.0,12333.0,12447.0,11857.0,10912.0,9996.0,8380.0,6834.0,5327.0,4130.0,3299.0,2743.0,2474.0,2383.0,2159.0,2194.0,2176.0
M4,750,---,5344.0,6825.0,8583.0,10216.0,11576.0,12109.0,11866.0,10909.0,9618.0,8293.0,4629.0,4720.0,4781.0,4789.0,4828.0,4867.0,4807.0,4820.0,4750.0,4737.0,4677.0,4556.0,4560.0,4430.0,4365.0,4317.0,4222.0,4157.0,4084.0,3958.0,3932.0,3854.0,3750.0,3711.0,3585.0,3529.0,3451.0,3391.0,3330.0,3230.0,3139.0,3135.0,3040.0,3005.0,2940.0,2832.0,2823.0,2745.0,2685.0,2659.0,-,2529.0,3262.0,4109.0,4641.0,5041.0,5017.0,4847.0,4605.0,4581.0,5803.0,9168.0,12013.0,13707.0,13568.0,11807.0,10476.0,8872.0,7462.0,5694.0,4296.0,3455.0,2729.0,2420.0,2287.0,2196.0,2323.0,2372.0,2614.0,3001.0,3861.0,5259.0,7316.0,9780.0,11226.0,12007.0,12140.0,11432.0,10554.0,9713.0,8176.0,6748.0,5307.0,4103.0,3389.0,2844.0,2541.0,2469.0,2293.0,2269.0,2263.0
M4,750,---,5329.0,6815.0,8592.0,10234.0,11582.0,12097.0,11854.0,10914.0,9614.0,8293.0,4618.0,4718.0,4770.0,4783.0,4835.0,4857.0,4796.0,4818.0,4753.0,4727.0,4675.0,4558.0,4553.0,4432.0,4363.0,4324.0,4211.0,4168.0,4085.0,3964.0,3925.0,3856.0,3752.0,3709.0,3592.0,3522.0,3453.0,3388.0,3323.0,3232.0,3141.0,3132.0,3037.0,3007.0,2942.0,2825.0,2825.0,2751.0,2677.0,2656.0,-,2471.0,3205.0,4019.0,4760.0,5616.0,5088.0,4796.0,4529.0,4529.0,5725.0,9034.0,11845.0,13515.0,13472.0,12155.0,11020.0,8700.0,7364.0,5670.0,4207.0,3418.0,2720.0,2398.0,2246.0,2325.0,2252.0,2610.0,3345.0,3047.0,3770.0,5160.0,7273.0,9623.0,11044.0,11760.0,11967.0,11457.0,10922.0,10291.0,8154.0,6697.0,5245.0,4092.0,3394.0,2853.0,2507.0,2459.0,2483.0,2956.0,2343.0
M4,750,---,5344.0,6820.0,8596.0,10216.0,11579.0,12109.0,11852.0,10928.0,9621.0,8275.0,4623.0,4728.0,4775.0,4797.0,4841.0,4862.0,4797.0,4823.0,4754.0,4728.0,4676.0,4550.0,4563.0,4432.0,4372.0,4324.0,4220.0,4172.0,4089.0,3955.0,3929.0,3855.0,3755.0,3712.0,3590.0,3525.0,3456.0,3382.0,3330.0,3230.0,3143.0,3139.0,3043.0,3008.0,2948.0,2830.0,2826.0,2748.0,2687.0,2661.0,-,2601.0,3312.0,4080.0,4579.0,5022.0,5090.0,4878.0,4610.0,4597.0,5795.0,9202.0,11972.0,13706.0,13513.0,11934.0,10462.0,8815.0,7486.0,5808.0,4385.0,3512.0,2794.0,2470.0,2339.0,2258.0,2364.0,2433.0,2688.0,3032.0,3892.0,5334.0,7367.0,9782.0,11279.0,11978.0,12053.0,11535.0,10637.0,9776.0,8285.0,6793.0,5359.0,4179.0,3443.0,2932.0,2607.0,2557.0,2383.0,2345.0,2314.0
M4,1250,---,5343.0,6808.0,8591.0,10202.0,11578.0,12134.0,11865.0,10908.0,9619.0,8291.0,4602.0,4695.0,4739.0,4765.0,4800.0,4818.0,4756.0,4765.0,4695.0,4659.0,4593.0,4469.0,4465.0,4342.0,4271.0,4222.0,4121.0,4055.0,3984.0,3856.0,3816.0,3750.0,3631.0,3600.0,3481.0,3406.0,3340.0,3278.0,3212.0,3110.0,3018.0,3027.0,2921.0,2890.0,2832.0,2713.0,2713.0,2638.0,2572.0,2559.0,-,2698.0,3384.0,4238.0,4678.0,5066.0,5157.0,4930.0,4652.0,4652.0,5895.0,9182.0,12010.0,13634.0,13531.0,11913.0,10360.0,8820.0,7402.0,5733.0,4380.0,3539.0,2853.0,2549.0,2400.0,2316.0,2420.0,2484.0,2730.0,3093.0,3908.0,5312.0,7286.0,9531.0,10968.0,11525.0,11667.0,11078.0,10353.0,9467.0,8069.0,6658.0,5222.0,4147.0,3423.0,2924.0,2633.0,2607.0,2439.0,2452.0,2400.0
M4,1250,---,5355.0,6807.0,8580.0,10235.0,11586.0,12118.0,11854.0,10904.0,9627.0,8285.0,4598.0,4690.0,4739.0,4761.0,4791.0,4822.0,4752.0,4765.0,4699.0,4655.0,4593.0,4466.0,4470.0,4343.0,4285.0,4233.0,4123.0,4061.0,3982.0,3850.0,3819.0,3740.0,3634.0,3603.0,3476.0,3410.0,3335.0,3273.0,3203.0,3119.0,3018.0,3023.0,2926.0,2891.0,2829.0,2715.0,2710.0,2635.0,2569.0,2556.0,-,2689.0,3433.0,4216.0,4738.0,5104.0,5123.0,4953.0,4745.0,4699.0,5932.0,9235.0,11872.0,13680.0,13478.0,11937.0,10351.0,8811.0,7447.0,5737.0,4425.0,3544.0,2891.0,2584.0,2467.0,2349.0,2467.0,2506.0,2787.0,3074.0,3955.0,5319.0,7316.0,9581.0,10965.0,11598.0,11715.0,11115.0,10299.0,9483.0,8041.0,6579.0,5280.0,4105.0,3498.0,2989.0,2682.0,2630.0,2454.0,2460.0,2441.0
M4,1250,---,5359.0,6803.0,8575.0,10223.0,11579.0,12123.0,11858.0,10916.0,9626.0,8292.0,4603.0,4687.0,4749.0,4762.0,4802.0,4828.0,4758.0,4767.0,4696.0,4661.0,4599.0,4475.0,4471.0,4356.0,4276.0,4236.0,4122.0,4064.0,3985.0,3852.0,3817.0,3746.0,3640.0,3600.0,3481.0,3415.0,3344.0,3282.0,3207.0,3110.0,3026.0,3021.0,2929.0,2893.0,2836.0,2721.0,2721.0,2637.0,2575.0,2558.0,-,2676.0,3372.0,4146.0,4649.0,5140.0,5140.0,4965.0,4643.0,4649.0,5810.0,9145.0,11924.0,13659.0,13588.0,11957.0,10364.0,8900.0,7423.0,5778.0,4411.0,3566.0,2857.0,2560.0,2418.0,2315.0,2431.0,2463.0,2740.0,3076.0,3908.0,5294.0,7287.0,9564.0,10950.0,11666.0,11802.0,11234.0,10325.0,9454.0,8164.0,6571.0,5275.0,4166.0,3418.0,2947.0,2650.0,2611.0,2431.0,2431.0,2405.0