mocho2,0,---,1674.0,2150.0,2691.0,3096.0,3433.0,3567.0,3494.0,3240.0,2923.0,2565.0,1425.0,1461.0,1482.0,1493.0,1511.0,1525.0,1506.0,1512.0,1494.0,1487.0,1471.0,1437.0,1434.0,1405.0,1388.0,1371.0,1343.0,1328.0,1302.0,1267.0,1255.0,1236.0,1205.0,1186.0,1151.0,1131.0,1110.0,1087.0,1067.0,1038.0,1008.0,1001.0,971.0,955.0,938.0,899.0,896.0,868.0,845.0,831.0,-,0.0,0.0,0.0,1043.0,1133.0,1121.0,1075.0,997.0,1040.0,1424.0,2230.0,2839.0,3114.0,2976.0,2646.0,2292.0,1931.0,1552.0,1104.0,0.0,0.0,0.0,0.0,0.0,0.0,0.0,0.0,0.0,0.0,0.0,1280.0,1809.0,2283.0,2570.0,2706.0,2659.0,2498.0,2302.0,2079.0,1711.0,1353.0,1053.0,0.0,0.0,0.0,0.0,0.0,0.0,0.0,0.0
mocho2,0,---,1666.0,2135.0,2676.0,3083.0,3421.0,3557.0,3477.0,3226.0,2913.0,2553.0,1421.0,1455.0,1478.0,1490.0,1505.0,1519.0,1497.0,1506.0,1485.0,1483.0,1466.0,1433.0,1430.0,1402.0,1382.0,1369.0,1337.0,1324.0,1297.0,1264.0,1253.0,1229.0,1202.0,1185.0,1148.0,1129.0,1103.0,1083.0,1065.0,1034.0,1005.0,998.0,968.0,954.0,935.0,898.0,890.0,867.0,842.0,829.0,-,0.0,0.0,0.0,1061.0,1137.0,1130.0,1091.0,1012.0,1033.0,1425.0,2235.0,2855.0,3136.0,3007.0,2659.0,2333.0,1935.0,1535.0,1115.0,0.0,0.0,0.0,0.0,0.0,0.0,0.0,0.0,0.0,0.0,0.0,1281.0,1802.0,2306.0,2613.0,2742.0,2703.0,2509.0,2323.0,2110.0,1731.0,1376.0,1059.0,0.0,0.0,0.0,0.0,0.0,0.0,0.0,0.0
mocho2,0,---,1692.0,2174.0,2723.0,3128.0,3472.0,3606.0,3534.0,3275.0,2953.0,2599.0,1443.0,1479.0,1499.0,1515.0,1529.0,1543.0,1524.0,1532.0,1511.0,1507.0,1488.0,1458.0,1453.0,1423.0,1403.0,1389.0,1357.0,1342.0,1318.0,1281.0,1271.0,1248.0,1217.0,1199.0,1167.0,1143.0,1120.0,1100.0,1076.0,1049.0,1019.0,1012.0,980.0,967.0,948.0,909.0,901.0,878.0,853.0,839.0,-,0.0,0.0,0.0,1051.0,1117.0,1110.0,1067.0,995.0,1009.0,1414.0,2210.0,2815.0,3086.0,2960.0,2625.0,2270.0,1920.0,1517.0,1090.0,0.0,0.0,0.0,0.0,0.0,0.0,0.0,0.0,0.0,0.0,0.0,1262.0,1791.0,2270.0,2538.0,2677.0,2633.0,2481.0,2273.0,2066.0,1703.0,1339.0,1038.0,0.0,0.0,0.0,0.0,0.0,0.0,0.0,0.0
mocho2,0,---,1664.0,2136.0,2683.0,3084.0,3420.0,3557.0,3481.0,3232.0,2915.0,2554.0,1423.0,1456.0,1476.0,1487.0,1506.0,1521.0,1500.0,1508.0,1490.0,1485.0,1466.0,1433.0,1433.0,1402.0,1382.0,1370.0,1340.0,1324.0,1298.0,1265.0,1253.0,1232.0,1201.0,1186.0,1146.0,1128.0,1103.0,1086.0,1066.0,1035.0,1006.0,999.0,968.0,955.0,938.0,899.0,892.0,868.0,843.0,828.0,-,0.0,0.0,0.0,1056.0,1135.0,1104.0,1072.0,999.0,1020.0,1423.0,2238.0,2816.0,3113.0,2990.0,2622.0,2271.0,1904.0,1520.0,1097.0,0.0,0.0,0.0,0.0,0.0,0.0,0.0,0.0,0.0,0.0,0.0,1261.0,1807.0,2277.0,2559.0,2689.0,2651.0,2480.0,2294.0,2065.0,1716.0,1359.0,1055.0,0.0,0.0,0.0,0.0,0.0,0.0,0.0,0.0
mocho2,12.5,---,1703.0,2187.0,2736.0,3138.0,3490.0,3615.0,3551.0,3288.0,2956.0,2607.0,1442.0,1478.0,1500.0,1516.0,1530.0,1543.0,1525.0,1533.0,1515.0,1508.0,1489.0,1452.0,1453.0,1421.0,1402.0,1388.0,1360.0,1341.0,1317.0,1281.0,1269.0,1247.0,1216.0,1198.0,1163.0,1141.0,1118.0,1099.0,1077.0,1048.0,1021.0,1012.0,982.0,967.0,947.0,911.0,902.0,877.0,853.0,838.0,-,0.0,0.0,0.0,1056.0,1119.0,1130.0,1074.0,1008.0,1021.0,1435.0,2243.0,2838.0,3126.0,2992.0,2659.0,2306.0,1922.0,1535.0,1103.0,0.0,0.0,0.0,0.0,0.0,0.0,0.0,0.0,0.0,0.0,0.0,1259.0,1786.0,2279.0,2596.0,2703.0,2662.0,2517.0,2305.0,2082.0,1739.0,1360.0,1055.0,0.0,0.0,0.0,0.0,0.0,0.0,0.0,0.0
mocho2,12.5,---,1708.0,2199.0,2747.0,3154.0,3503.0,3636.0,3568.0,3305.0,2972.0,2622.0,1451.0,1488.0,1509.0,1524.0,1538.0,1554.0,1530.0,1539.0,1520.0,1514.0,1495.0,1462.0,1458.0,1430.0,1410.0,1395.0,1364.0,1348.0,1322.0,1287.0,1276.0,1254.0,1221.0,1206.0,1170.0,1148.0,1123.0,1102.0,1082.0,1053.0,1026.0,1017.0,987.0,969.0,951.0,912.0,905.0,881.0,857.0,841.0,-,0.0,0.0,0.0,1042.0,1119.0,1119.0,1061.0,1003.0,1014.0,1424.0,2233.0,2839.0,3120.0,2979.0,2640.0,2269.0,1927.0,1521.0,1082.0,0.0,0.0,0.0,0.0,0.0,0.0,0.0,0.0,0.0,0.0,0.0,1235.0,1747.0,2247.0,2541.0,2670.0,2622.0,2463.0,2281.0,2066.0,1702.0,1344.0,1031.0,0.0,0.0,0.0,0.0,0.0,0.0,0.0,0.0
mocho2,12.5,---,1708.0,2191.0,2739.0,3145.0,3493.0,3625.0,3558.0,3295.0,2966.0,2613.0,1446.0,1481.0,1503.0,1521.0,1534.0,1547.0,1527.0,1530.0,1517.0,1511.0,1490.0,1458.0,1453.0,1424.0,1407.0,1390.0,1358.0,1345.0,1318.0,1279.0,1271.0,1250.0,1220.0,1201.0,1164.0,1143.0,1121.0,1098.0,1079.0,1048.0,1021.0,1014.0,981.0,965.0,948.0,910.0,902.0,878.0,852.0,839.0,-,0.0,0.0,0.0,1040.0,1123.0,1111.0,1057.0,995.0,1011.0,1427.0,2223.0,2838.0,3092.0,2976.0,2641.0,2288.0,1910.0,1511.0,1087.0,0.0,0.0,0.0,0.0,0.0,0.0,0.0,0.0,0.0,0.0,0.0,1261.0,1781.0,2277.0,2573.0,2687.0,2643.0,2486.0,2295.0,2069.0,1694.0,1353.0,1035.0,0.0,0.0,0.0,0.0,0.0,0.0,0.0,0.0
mocho2,12.5,---,1702.0,2184.0,2736.0,3141.0,3490.0,3618.0,3552.0,3293.0,2963.0,2611.0,1445.0,1483.0,1506.0,1521.0,1534.0,1547.0,1527.0,1533.0,1518.0,1511.0,1490.0,1455.0,1453.0,1425.0,1404.0,1392.0,1362.0,1345.0,1317.0,1284.0,1272.0,1248.0,1219.0,1202.0,1166.0,1144.0,1118.0,1098.0,1078.0,1050.0,1022.0,1013.0,982.0,966.0,950.0,909.0,902.0,877.0,855.0,839.0,-,0.0,0.0,0.0,1021.0,1104.0,1089.0,1051.0,974.0,987.0,1394.0,2159.0,2749.0,3021.0,2897.0,2557.0,2213.0,1843.0,1472.0,1063.0,0.0,0.0,0.0,0.0,0.0,0.0,0.0,0.0,0.0,0.0,0.0,1232.0,1721.0,2182.0,2471.0,2577.0,2542.0,2375.0,2191.0,1982.0,1662.0,1315.0,1008.0,0.0,0.0,0.0,0.0,0.0,0.0,0.0,0.0
mocho2,25,---,1712.0,2196.0,2751.0,3155.0,3506.0,3639.0,3569.0,3305.0,2981.0,2625.0,1455.0,1492.0,1513.0,1528.0,1544.0,1556.0,1536.0,1543.0,1524.0,1518.0,1502.0,1466.0,1463.0,1434.0,1413.0,1398.0,1368.0,1351.0,1325.0,1291.0,1278.0,1259.0,1227.0,1208.0,1173.0,1150.0,1128.0,1108.0,1084.0,1056.0,1027.0,1020.0,987.0,972.0,956.0,916.0,907.0,884.0,858.0,844.0,-,0.0,0.0,0.0,1006.0,1073.0,1066.0,1038.0,967.0,983.0,1349.0,2145.0,2730.0,3003.0,2871.0,2525.0,2175.0,1825.0,1455.0,1040.0,0.0,0.0,0.0,0.0,0.0,0.0,0.0,0.0,0.0,0.0,0.0,1190.0,1678.0,2128.0,2399.0,2523.0,2477.0,2327.0,2138.0,1934.0,1609.0,1280.0,992.0,0.0,0.0,0.0,0.0,0.0,0.0,0.0,0.0
mocho2,25,---,1691.0,2167.0,2717.0,3119.0,3465.0,3599.0,3530.0,3269.0,2945.0,2593.0,1437.0,1473.0,1497.0,1510.0,1526.0,1538.0,1517.0,1526.0,1508.0,1500.0,1484.0,1451.0,1448.0,1419.0,1400.0,1383.0,1355.0,1336.0,1313.0,1277.0,1268.0,1243.0,1214.0,1196.0,1160.0,1138.0,1119.0,1095.0,1074.0,1046.0,1017.0,1011.0,979.0,964.0,945.0,907.0,899.0,875.0,852.0,837.0,-,0.0,0.0,0.0,1007.0,1082.0,1067.0,1023.0,963.0,980.0,1354.0,2123.0,2688.0,2977.0,2848.0,2498.0,2169.0,1808.0,1429.0,1035.0,0.0,0.0,0.0,0.0,0.0,0.0,0.0,0.0,0.0,0.0,0.0,1170.0,1657.0,2110.0,2375.0,2487.0,2450.0,2294.0,2123.0,1905.0,1591.0,1257.0,971.0,0.0,0.0,0.0,0.0,0.0,0.0,0.0,0.0
mocho2,25,---,1710.0,2194.0,2748.0,3154.0,3504.0,3635.0,3566.0,3311.0,2976.0,2626.0,1451.0,1485.0,1509.0,1522.0,1537.0,1552.0,1532.0,1537.0,1519.0,1511.0,1495.0,1461.0,1459.0,1428.0,1410.0,1393.0,1368.0,1347.0,1322.0,1286.0,1273.0,1253.0,1221.0,1203.0,1167.0,1147.0,1122.0,1103.0,1080.0,1053.0,1023.0,1015.0,986.0,968.0,951.0,911.0,904.0,880.0,854.0,841.0,-,0.0,0.0,0.0,1047.0,1129.0,1118.0,1077.0,995.0,1009.0,1402.0,2220.0,2819.0,3089.0,2975.0,2647.0,2281.0,1922.0,1530.0,1092.0,0.0,0.0,0.0,0.0,0.0,0.0,0.0,0.0,0.0,0.0,0.0,1250.0,1767.0,2256.0,2544.0,2687.0,2643.0,2489.0,2286.0,2063.0,1707.0,1362.0,1050.0,0.0,0.0,0.0,0.0,0.0,0.0,0.0,0.0
mocho2,25,---,1693.0,2179.0,2727.0,3129.0,3473.0,3608.0,3542.0,3280.0,2956.0,2602.0,1440.0,1477.0,1496.0,1508.0,1529.0,1539.0,1520.0,1527.0,1509.0,1503.0,1485.0,1449.0,1447.0,1417.0,1397.0,1386.0,1353.0,1337.0,1313.0,1275.0,1265.0,1245.0,1213.0,1197.0,1162.0,1139.0,1118.0,1095.0,1074.0,1046.0,1016.0,1008.0,977.0,962.0,946.0,907.0,900.0,875.0,849.0,836.0,-,0.0,0.0,0.0,1039.0,1088.0,1090.0,1051.0,972.0,999.0,1363.0,2157.0,2734.0,3022.0,2895.0,2540.0,2217.0,1857.0,1474.0,1053.0,0.0,0.0,0.0,0.0,0.0,0.0,0.0,0.0,0.0,0.0,0.0,1217.0,1713.0,2184.0,2450.0,2591.0,2543.0,2399.0,2203.0,1975.0,1653.0,1318.0,999.0,0.0,0.0,0.0,0.0,0.0,0.0,0.0,0.0
mocho2,50,---,1651.0,2123.0,2662.0,3065.0,3398.0,3531.0,3457.0,3209.0,2898.0,2535.0,1421.0,1456.0,1477.0,1487.0,1501.0,1519.0,1497.0,1505.0,1488.0,1486.0,1466.0,1434.0,1433.0,1399.0,1381.0,1369.0,1338.0,1324.0,1299.0,1263.0,1253.0,1232.0,1204.0,1184.0,1150.0,1127.0,1106.0,1086.0,1067.0,1035.0,1007.0,998.0,970.0,957.0,938.0,900.0,893.0,870.0,844.0,831.0,-,0.0,0.0,0.0,1104.0,1189.0,1183.0,1119.0,1051.0,1063.0,1471.0,2352.0,2955.0,3247.0,3139.0,2799.0,2431.0,2033.0,1618.0,1173.0,0.0,0.0,0.0,0.0,0.0,0.0,0.0,0.0,0.0,0.0,0.0,1325.0,1869.0,2432.0,2749.0,2859.0,2827.0,2672.0,2450.0,2217.0,1842.0,1463.0,1106.0,0.0,0.0,0.0,0.0,0.0,0.0,0.0,0.0
mocho2,50,---,1631.0,2091.0,2624.0,3027.0,3358.0,3489.0,3416.0,3168.0,2861.0,2502.0,1402.0,1438.0,1458.0,1469.0,1482.0,1500.0,1478.0,1490.0,1470.0,1464.0,1447.0,1417.0,1415.0,1383.0,1368.0,1353.0,1324.0,1307.0,1283.0,1251.0,1238.0,1218.0,1189.0,1170.0,1135.0,1117.0,1093.0,1071.0,1056.0,1026.0,994.0,987.0,959.0,947.0,929.0,891.0,884.0,863.0,836.0,825.0,-,0.0,0.0,0.0,1075.0,1170.0,1168.0,1102.0,1038.0,1059.0,1458.0,2312.0,2928.0,3223.0,3107.0,2768.0,2410.0,2025.0,1629.0,1152.0,0.0,0.0,0.0,0.0,0.0,0.0,0.0,0.0,0.0,0.0,0.0,1303.0,1857.0,2385.0,2711.0,2835.0,2801.0,2653.0,2432.0,2187.0,1818.0,1442.0,1107.0,0.0,0.0,0.0,0.0,0.0,0.0,0.0,0.0
mocho2,50,---,1721.0,2211.0,2764.0,3168.0,3526.0,3657.0,3593.0,3328.0,2998.0,2643.0,1470.0,1509.0,1533.0,1546.0,1562.0,1574.0,1555.0,1565.0,1548.0,1539.0,1521.0,1484.0,1480.0,1449.0,1432.0,1416.0,1384.0,1367.0,1343.0,1305.0,1298.0,1271.0,1241.0,1222.0,1187.0,1165.0,1141.0,1118.0,1097.0,1066.0,1040.0,1031.0,998.0,982.0,965.0,926.0,917.0,891.0,867.0,853.0,-,0.0,0.0,0.0,1088.0,1166.0,1157.0,1100.0,1031.0,1045.0,1472.0,2299.0,2914.0,3204.0,3061.0,2737.0,2362.0,1973.0,1588.0,1122.0,0.0,0.0,0.0,0.0,0.0,0.0,0.0,0.0,0.0,0.0,0.0,1302.0,1828.0,2332.0,2642.0,2777.0,2739.0,2588.0,2378.0,2143.0,1761.0,1411.0,1088.0,0.0,0.0,0.0,0.0,0.0,0.0,0.0,0.0
mocho2,50,---,1695.0,2173.0,2723.0,3128.0,3472.0,3608.0,3540.0,3279.0,2957.0,2602.0,1448.0,1485.0,1507.0,1519.0,1538.0,1550.0,1531.0,1537.0,1522.0,1515.0,1496.0,1461.0,1458.0,1429.0,1411.0,1395.0,1363.0,1346.0,1324.0,1290.0,1274.0,1255.0,1222.0,1206.0,1170.0,1146.0,1125.0,1105.0,1082.0,1053.0,1026.0,1018.0,988.0,971.0,951.0,915.0,905.0,881.0,856.0,841.0,-,0.0,0.0,0.0,1055.0,1130.0,1123.0,1074.0,997.0,1031.0,1413.0,2237.0,2825.0,3115.0,2978.0,2656.0,2293.0,1934.0,1529.0,1097.0,0.0,0.0,0.0,0.0,0.0,0.0,0.0,0.0,0.0,0.0,0.0,1250.0,1782.0,2269.0,2558.0,2686.0,2661.0,2495.0,2293.0,2075.0,1724.0,1360.0,1043.0,0.0,0.0,0.0,0.0,0.0,0.0,0.0,0.0
mocho2,125,---,1701.0,2188.0,2738.0,3143.0,3492.0,3623.0,3560.0,3295.0,2969.0,2617.0,1461.0,1503.0,1524.0,1537.0,1552.0,1564.0,1544.0,1552.0,1536.0,1530.0,1513.0,1473.0,1471.0,1441.0,1419.0,1405.0,1372.0,1359.0,1330.0,1294.0,1284.0,1262.0,1230.0,1213.0,1175.0,1152.0,1128.0,1107.0,1086.0,1054.0,1026.0,1018.0,986.0,969.0,951.0,913.0,905.0,879.0,856.0,844.0,-,0.0,0.0,0.0,1131.0,1232.0,1210.0,1161.0,1075.0,1099.0,1547.0,2448.0,3063.0,3379.0,3229.0,2910.0,2533.0,2117.0,1679.0,1187.0,0.0,0.0,0.0,0.0,0.0,0.0,0.0,0.0,0.0,0.0,0.0,1357.0,1950.0,2490.0,2819.0,2939.0,2907.0,2751.0,2554.0,2283.0,1897.0,1490.0,1149.0,0.0,0.0,0.0,0.0,0.0,0.0,0.0,0.0
mocho2,125,---,1686.0,2165.0,2710.0,3115.0,3460.0,3594.0,3524.0,3267.0,2942.0,2587.0,1449.0,1485.0,1507.0,1522.0,1535.0,1551.0,1532.0,1538.0,1520.0,1514.0,1496.0,1461.0,1457.0,1426.0,1407.0,1392.0,1361.0,1345.0,1319.0,1284.0,1272.0,1250.0,1219.0,1201.0,1165.0,1142.0,1119.0,1099.0,1077.0,1047.0,1018.0,1009.0,978.0,962.0,946.0,905.0,899.0,874.0,849.0,834.0,-,0.0,0.0,0.0,1104.0,1199.0,1177.0,1135.0,1062.0,1070.0,1485.0,2375.0,2967.0,3285.0,3145.0,2830.0,2448.0,2047.0,1615.0,1168.0,0.0,0.0,0.0,0.0,0.0,0.0,0.0,0.0,0.0,0.0,0.0,1298.0,1856.0,2394.0,2697.0,2832.0,2822.0,2659.0,2441.0,2190.0,1819.0,1440.0,1094.0,0.0,0.0,0.0,0.0,0.0,0.0,0.0,0.0
mocho2,125,---,1733.0,2225.0,2774.0,3188.0,3550.0,3667.0,3610.0,3348.0,3010.0,2660.0,1483.0,1523.0,1544.0,1555.0,1572.0,1583.0,1564.0,1571.0,1554.0,1549.0,1530.0,1491.0,1488.0,1457.0,1436.0,1420.0,1388.0,1373.0,1346.0,1309.0,1297.0,1275.0,1244.0,1223.0,1186.0,1164.0,1141.0,1117.0,1095.0,1064.0,1036.0,1029.0,996.0,978.0,958.0,919.0,912.0,885.0,860.0,848.0,-,0.0,0.0,0.0,1125.0,1212.0,1191.0,1159.0,1075.0,1095.0,1505.0,2409.0,3027.0,3333.0,3195.0,2881.0,2516.0,2071.0,1675.0,1187.0,0.0,0.0,0.0,0.0,0.0,0.0,0.0,0.0,0.0,0.0,0.0,1335.0,1904.0,2441.0,2783.0,2896.0,2879.0,2730.0,2512.0,2261.0,1872.0,1465.0,1136.0,0.0,0.0,0.0,0.0,0.0,0.0,0.0,0.0
mocho2,125,---,1755.0,2254.0,2812.0,3222.0,3589.0,3706.0,3649.0,3386.0,3051.0,2698.0,1500.0,1541.0,1562.0,1574.0,1589.0,1603.0,1584.0,1589.0,1572.0,1568.0,1550.0,1509.0,1505.0,1473.0,1451.0,1437.0,1405.0,1387.0,1360.0,1323.0,1312.0,1288.0,1255.0,1235.0,1200.0,1176.0,1150.0,1130.0,1106.0,1076.0,1048.0,1037.0,1003.0,988.0,968.0,930.0,920.0,894.0,869.0,854.0,-,0.0,0.0,0.0,1099.0,1194.0,1187.0,1136.0,1070.0,1076.0,1488.0,2376.0,2977.0,3291.0,3164.0,2832.0,2475.0,2059.0,1638.0,1167.0,0.0,0.0,0.0,0.0,0.0,0.0,0.0,0.0,0.0,0.0,0.0,1318.0,1853.0,2402.0,2735.0,2861.0,2862.0,2699.0,2463.0,2222.0,1859.0,1459.0,1121.0,0.0,0.0,0.0,0.0,0.0,0.0,0.0,0.0
mocho2,250,---,1751.0,2249.0,2805.0,3218.0,3581.0,3694.0,3638.0,3379.0,3042.0,2685.0,1496.0,1537.0,1557.0,1570.0,1585.0,1596.0,1578.0,1583.0,1565.0,1559.0,1542.0,1501.0,1495.0,1464.0,1443.0,1425.0,1392.0,1375.0,1348.0,1310.0,1297.0,1274.0,1243.0,1225.0,1185.0,1162.0,1135.0,1114.0,1089.0,1059.0,1028.0,1018.0,986.0,968.0,950.0,909.0,903.0,875.0,850.0,837.0,-,0.0,0.0,0.0,1215.0,1328.0,1318.0,1262.0,1163.0,1181.0,1654.0,2647.0,3247.0,3635.0,3495.0,3114.0,2765.0,2323.0,1847.0,1310.0,0.0,0.0,0.0,0.0,0.0,0.0,0.0,0.0,0.0,0.0,0.0,1419.0,2069.0,2677.0,2976.0,3129.0,3102.0,2960.0,2768.0,2487.0,2091.0,1630.0,1244.0,0.0,0.0,0.0,0.0,0.0,0.0,0.0,0.0
mocho2,250,---,1726.0,2218.0,2769.0,3179.0,3538.0,3659.0,3600.0,3347.0,3004.0,2654.0,1476.0,1520.0,1539.0,1551.0,1564.0,1580.0,1558.0,1565.0,1547.0,1541.0,1523.0,1482.0,1478.0,1445.0,1423.0,1412.0,1376.0,1357.0,1331.0,1294.0,1281.0,1258.0,1227.0,1206.0,1172.0,1149.0,1122.0,1102.0,1076.0,1046.0,1017.0,1010.0,977.0,958.0,939.0,900.0,893.0,867.0,842.0,829.0,-,0.0,0.0,0.0,1205.0,1296.0,1302.0,1236.0,1149.0,1172.0,1616.0,2608.0,3213.0,3578.0,3449.0,3066.0,2733.0,2261.0,1824.0,1296.0,0.0,0.0,0.0,0.0,0.0,0.0,0.0,0.0,0.0,0.0,0.0,1412.0,2032.0,2644.0,2958.0,3082.0,3085.0,2930.0,2726.0,2469.0,2068.0,1633.0,1235.0,0.0,0.0,0.0,0.0,0.0,0.0,0.0,0.0
mocho2,250,---,1778.0,2289.0,2837.0,3265.0,3627.0,3718.0,3677.0,3434.0,3079.0,2729.0,1511.0,1549.0,1571.0,1585.0,1601.0,1613.0,1590.0,1599.0,1578.0,1572.0,1556.0,1515.0,1509.0,1477.0,1454.0,1437.0,1402.0,1384.0,1355.0,1317.0,1304.0,1280.0,1248.0,1228.0,1189.0,1164.0,1139.0,1117.0,1092.0,1060.0,1032.0,1023.0,988.0,972.0,951.0,913.0,903.0,876.0,851.0,837.0,-,0.0,0.0,0.0,1168.0,1267.0,1274.0,1215.0,1125.0,1153.0,1570.0,2534.0,3141.0,3487.0,3367.0,3005.0,2670.0,2230.0,1787.0,1275.0,0.0,0.0,0.0,0.0,0.0,0.0,0.0,0.0,0.0,0.0,0.0,1387.0,1981.0,2579.0,2910.0,3024.0,2995.0,2883.0,2673.0,2406.0,2016.0,1607.0,1200.0,0.0,0.0,0.0,0.0,0.0,0.0,0.0,0.0
mocho2,250,---,1818.0,2338.0,2894.0,3327.0,3686.0,3778.0,3738.0,3495.0,3141.0,2789.0,1548.0,1586.0,1605.0,1619.0,1633.0,1646.0,1622.0,1631.0,1613.0,1608.0,1586.0,1550.0,1544.0,1509.0,1482.0,1468.0,1433.0,1413.0,1384.0,1345.0,1330.0,1306.0,1274.0,1253.0,1215.0,1188.0,1162.0,1141.0,1115.0,1082.0,1054.0,1042.0,1007.0,989.0,971.0,927.0,921.0,893.0,866.0,850.0,-,0.0,0.0,0.0,1205.0,1303.0,1302.0,1231.0,1158.0,1159.0,1609.0,2606.0,3216.0,3627.0,3460.0,3088.0,2757.0,2299.0,1845.0,1315.0,0.0,0.0,0.0,0.0,0.0,0.0,0.0,0.0,0.0,0.0,0.0,1408.0,2047.0,2672.0,2980.0,3111.0,3109.0,2961.0,2768.0,2496.0,2089.0,1651.0,1251.0,0.0,0.0,0.0,0.0,0.0,0.0,0.0,0.0
mocho2,750,---,1747.0,2246.0,2804.0,3212.0,3573.0,3699.0,3633.0,3373.0,3035.0,2682.0,1468.0,1502.0,1520.0,1532.0,1547.0,1555.0,1528.0,1534.0,1512.0,1503.0,1481.0,1442.0,1438.0,1403.0,1379.0,1362.0,1324.0,1306.0,1275.0,1236.0,1222.0,1197.0,1163.0,1144.0,1105.0,1080.0,1055.0,1031.0,1001.0,973.0,942.0,933.0,902.0,886.0,869.0,829.0,821.0,797.0,775.0,759.0,-,0.0,0.0,0.0,1122.0,1205.0,1199.0,1138.0,1058.0,1091.0,1493.0,2381.0,3011.0,3323.0,3205.0,2861.0,2495.0,2096.0,1653.0,1175.0,0.0,0.0,0.0,0.0,0.0,0.0,0.0,0.0,0.0,0.0,0.0,1246.0,1793.0,2338.0,2654.0,2784.0,2754.0,2593.0,2390.0,2148.0,1809.0,1433.0,1104.0,0.0,0.0,0.0,0.0,0.0,0.0,0.0,0.0
mocho2,750,---,1722.0,2211.0,2768.0,3172.0,3534.0,3656.0,3598.0,3331.0,2998.0,2645.0,1448.0,1480.0,1499.0,1508.0,1524.0,1533.0,1510.0,1517.0,1492.0,1482.0,1460.0,1422.0,1419.0,1386.0,1359.0,1341.0,1308.0,1288.0,1259.0,1219.0,1207.0,1183.0,1149.0,1128.0,1094.0,1067.0,1043.0,1019.0,992.0,958.0,931.0,924.0,892.0,877.0,857.0,821.0,813.0,789.0,766.0,753.0,-,0.0,0.0,0.0,1104.0,1195.0,1184.0,1141.0,1058.0,1079.0,1468.0,2362.0,2985.0,3295.0,3182.0,2845.0,2477.0,2076.0,1651.0,1178.0,0.0,0.0,0.0,0.0,0.0,0.0,0.0,0.0,0.0,0.0,0.0,1245.0,1789.0,2317.0,2624.0,2753.0,2743.0,2582.0,2384.0,2160.0,1803.0,1421.0,1085.0,0.0,0.0,0.0,0.0,0.0,0.0,0.0,0.0
mocho2,750,---,1763.0,2264.0,2821.0,3236.0,3598.0,3714.0,3658.0,3399.0,3053.0,2701.0,1468.0,1504.0,1522.0,1537.0,1548.0,1558.0,1532.0,1539.0,1513.0,1501.0,1482.0,1440.0,1437.0,1398.0,1378.0,1359.0,1322.0,1304.0,1274.0,1236.0,1217.0,1191.0,1158.0,1138.0,1099.0,1076.0,1050.0,1025.0,1001.0,966.0,936.0,929.0,899.0,883.0,864.0,824.0,815.0,793.0,768.0,755.0,-,0.0,0.0,0.0,1126.0,1219.0,1203.0,1149.0,1072.0,1090.0,1494.0,2391.0,3024.0,3341.0,3216.0,2896.0,2502.0,2126.0,1693.0,1210.0,0.0,0.0,0.0,0.0,0.0,0.0,0.0,0.0,0.0,0.0,0.0,1273.0,1823.0,2382.0,2722.0,2843.0,2834.0,2661.0,2462.0,2229.0,1865.0,1473.0,1114.0,0.0,0.0,0.0,0.0,0.0,0.0,0.0,0.0
mocho2,750,---,1754.0,2256.0,2810.0,3227.0,3588.0,3702.0,3647.0,3388.0,3046.0,2692.0,1462.0,1497.0,1518.0,1529.0,1540.0,1552.0,1527.0,1533.0,1505.0,1496.0,1476.0,1436.0,1430.0,1395.0,1371.0,1352.0,1319.0,1298.0,1268.0,1230.0,1213.0,1191.0,1155.0,1135.0,1096.0,1072.0,1046.0,1024.0,996.0,962.0,935.0,926.0,897.0,881.0,860.0,822.0,815.0,789.0,766.0,753.0,-,0.0,0.0,0.0,1105.0,1198.0,1184.0,1147.0,1081.0,1075.0,1456.0,2359.0,2988.0,3299.0,3184.0,2855.0,2491.0,2095.0,1663.0,1203.0,0.0,0.0,0.0,0.0,0.0,0.0,0.0,0.0,0.0,0.0,0.0,1254.0,1792.0,2335.0,2663.0,2786.0,2788.0,2624.0,2411.0,2195.0,1837.0,1456.0,1104.0,0.0,0.0,0.0,0.0,0.0,0.0,0.0,0.0
mocho2,1250,---,1695.0,2178.0,2721.0,3129.0,3479.0,3611.0,3545.0,3282.0,2951.0,2600.0,1409.0,1437.0,1455.0,1461.0,1471.0,1479.0,1458.0,1458.0,1433.0,1423.0,1404.0,1364.0,1355.0,1323.0,1298.0,1277.0,1244.0,1223.0,1192.0,1154.0,1139.0,1114.0,1080.0,1061.0,1023.0,1000.0,971.0,946.0,924.0,894.0,865.0,856.0,829.0,814.0,795.0,758.0,754.0,730.0,707.0,696.0,-,0.0,0.0,0.0,1034.0,1119.0,1090.0,1074.0,989.0,1001.0,1360.0,2160.0,2782.0,3066.0,2961.0,2619.0,2270.0,1907.0,1520.0,1093.0,0.0,0.0,0.0,0.0,0.0,0.0,0.0,0.0,0.0,0.0,0.0,1129.0,1601.0,2064.0,2364.0,2459.0,2448.0,2293.0,2131.0,1909.0,1599.0,1284.0,985.0,0.0,0.0,0.0,0.0,0.0,0.0,0.0,0.0
mocho2,1250,---,1706.0,2194.0,2745.0,3149.0,3499.0,3633.0,3565.0,3305.0,2971.0,2619.0,1418.0,1448.0,1465.0,1467.0,1481.0,1486.0,1462.0,1464.0,1443.0,1432.0,1412.0,1373.0,1365.0,1329.0,1305.0,1285.0,1249.0,1230.0,1201.0,1160.0,1145.0,1118.0,1085.0,1068.0,1027.0,1001.0,976.0,953.0,929.0,898.0,870.0,864.0,832.0,819.0,798.0,763.0,756.0,732.0,711.0,700.0,-,0.0,0.0,0.0,1017.0,1093.0,1088.0,1045.0,969.0,979.0,1329.0,2121.0,2715.0,3006.0,2901.0,2571.0,2208.0,1849.0,1482.0,1072.0,0.0,0.0,0.0,0.0,0.0,0.0,0.0,0.0,0.0,0.0,0.0,1104.0,1552.0,2001.0,2298.0,2414.0,2391.0,2251.0,2067.0,1872.0,1565.0,1248.0,963.0,0.0,0.0,0.0,0.0,0.0,0.0,0.0,0.0
mocho2,1250,---,1747.0,2248.0,2804.0,3217.0,3574.0,3696.0,3635.0,3372.0,3039.0,2684.0,1449.0,1480.0,1495.0,1506.0,1515.0,1524.0,1499.0,1501.0,1478.0,1463.0,1444.0,1402.0,1394.0,1358.0,1334.0,1312.0,1277.0,1253.0,1225.0,1186.0,1165.0,1143.0,1109.0,1085.0,1051.0,1022.0,996.0,968.0,943.0,914.0,884.0,875.0,846.0,828.0,811.0,771.0,767.0,743.0,720.0,709.0,-,0.0,0.0,0.0,1056.0,1125.0,1135.0,1086.0,1003.0,1013.0,1382.0,2215.0,2825.0,3106.0,2998.0,2662.0,2279.0,1907.0,1522.0,1105.0,0.0,0.0,0.0,0.0,0.0,0.0,0.0,0.0,0.0,0.0,0.0,1140.0,1627.0,2101.0,2361.0,2496.0,2448.0,2302.0,2141.0,1936.0,1611.0,1278.0,981.0,0.0,0.0,0.0,0.0,0.0,0.0,0.0,0.0
mocho2,1250,---,1731.0,2226.0,2776.0,3189.0,3547.0,3669.0,3609.0,3345.0,3011.0,2659.0,1436.0,1465.0,1482.0,1491.0,1501.0,1510.0,1484.0,1485.0,1463.0,1452.0,1428.0,1391.0,1381.0,1348.0,1321.0,1300.0,1264.0,1243.0,1214.0,1175.0,1159.0,1132.0,1098.0,1078.0,1041.0,1016.0,986.0,962.0,939.0,906.0,877.0,870.0,839.0,824.0,805.0,768.0,760.0,737.0,715.0,703.0,-,0.0,0.0,0.0,1046.0,1136.0,1134.0,1076.0,1008.0,1009.0,1379.0,2201.0,2830.0,3114.0,2992.0,2651.0,2283.0,1906.0,1526.0,1104.0,0.0,0.0,0.0,0.0,0.0,0.0,0.0,0.0,0.0,0.0,0.0,1158.0,1627.0,2079.0,2354.0,2483.0,2480.0,2326.0,2131.0,1937.0,1623.0,1294.0,987.0,0.0,0.0,0.0,0.0,0.0,0.0,0.0,0.0
mocho2,1875,---,1716.0,2204.0,2760.0,3167.0,3515.0,3648.0,3580.0,3316.0,2987.0,2631.0,1421.0,1451.0,1463.0,1470.0,1481.0,1487.0,1463.0,1465.0,1442.0,1429.0,1406.0,1365.0,1358.0,1319.0,1295.0,1275.0,1238.0,1215.0,1187.0,1146.0,1130.0,1103.0,1071.0,1051.0,1011.0,984.0,958.0,935.0,910.0,880.0,850.0,841.0,813.0,798.0,780.0,744.0,737.0,713.0,693.0,683.0,-,0.0,0.0,0.0,1070.0,1143.0,1124.0,1086.0,1011.0,1010.0,1407.0,2213.0,2816.0,3114.0,2982.0,2645.0,2303.0,1903.0,1517.0,1087.0,0.0,0.0,0.0,0.0,0.0,0.0,0.0,0.0,0.0,0.0,0.0,1136.0,1595.0,2047.0,2322.0,2433.0,2423.0,2256.0,2090.0,1878.0,1578.0,1251.0,951.0,0.0,0.0,0.0,0.0,0.0,0.0,0.0,0.0
mocho2,1875,---,1682.0,2162.0,2705.0,3110.0,3453.0,3589.0,3521.0,3262.0,2936.0,2584.0,1393.0,1426.0,1441.0,1444.0,1452.0,1460.0,1440.0,1440.0,1416.0,1405.0,1383.0,1345.0,1333.0,1299.0,1274.0,1252.0,1216.0,1195.0,1165.0,1126.0,1110.0,1084.0,1053.0,1034.0,993.0,968.0,943.0,920.0,899.0,867.0,838.0,832.0,803.0,786.0,768.0,735.0,728.0,705.0,684.0,674.0,-,0.0,0.0,0.0,1043.0,1107.0,1104.0,1073.0,987.0,1003.0,1365.0,2170.0,2770.0,3049.0,2928.0,2576.0,2234.0,1871.0,1487.0,1075.0,0.0,0.0,0.0,0.0,0.0,0.0,0.0,0.0,0.0,0.0,0.0,1119.0,1559.0,1981.0,2242.0,2367.0,2349.0,2194.0,2023.0,1829.0,1529.0,1209.0,950.0,0.0,0.0,0.0,0.0,0.0,0.0,0.0,0.0
mocho2,1875,---,1715.0,2205.0,2756.0,3162.0,3512.0,3645.0,3575.0,3313.0,2985.0,2630.0,1415.0,1445.0,1458.0,1467.0,1474.0,1480.0,1455.0,1458.0,1435.0,1422.0,1398.0,1359.0,1349.0,1313.0,1288.0,1269.0,1230.0,1208.0,1180.0,1139.0,1125.0,1093.0,1064.0,1046.0,999.0,976.0,951.0,928.0,903.0,875.0,844.0,836.0,809.0,793.0,772.0,739.0,732.0,707.0,687.0,677.0,-,0.0,0.0,0.0,1003.0,1087.0,1081.0,1031.0,957.0,961.0,1331.0,2087.0,2674.0,2957.0,2842.0,2480.0,2142.0,1807.0,1431.0,1033.0,0.0,0.0,0.0,0.0,0.0,0.0,0.0,0.0,0.0,0.0,0.0,1072.0,1509.0,1913.0,2171.0,2269.0,2255.0,2125.0,1949.0,1759.0,1479.0,1182.0,921.0,0.0,0.0,0.0,0.0,0.0,0.0,0.0,0.0
mocho2,1875,---,1709.0,2197.0,2750.0,3156.0,3499.0,3633.0,3562.0,3300.0,2977.0,2618.0,1410.0,1441.0,1457.0,1462.0,1473.0,1476.0,1452.0,1456.0,1434.0,1416.0,1396.0,1357.0,1346.0,1312.0,1286.0,1263.0,1230.0,1207.0,1179.0,1138.0,1121.0,1094.0,1062.0,1041.0,999.0,974.0,949.0,926.0,903.0,872.0,843.0,835.0,808.0,792.0,773.0,738.0,729.0,707.0,687.0,677.0,-,0.0,0.0,0.0,1014.0,1083.0,1075.0,1038.0,968.0,977.0,1331.0,2114.0,2693.0,2971.0,2867.0,2503.0,2175.0,1821.0,1453.0,1055.0,0.0,0.0,0.0,0.0,0.0,0.0,0.0,0.0,0.0,0.0,0.0,1088.0,1511.0,1927.0,2192.0,2311.0,2283.0,2137.0,1984.0,1782.0,1483.0,1191.0,939.0,0.0,0.0,0.0,0.0,0.0,0.0,0.0,0.0