Nov18_2025,0,---,5511.0,6948.0,8707.0,10294.0,11591.0,12063.0,11759.0,10821.0,9538.0,8273.0,4839.0,4965.0,5039.0,5072.0,5133.0,5175.0,5128.0,5161.0,5109.0,5100.0,5067.0,4951.0,4974.0,4871.0,4811.0,4769.0,4685.0,4629.0,4582.0,4461.0,4442.0,4400.0,4297.0,4269.0,4143.0,4083.0,4013.0,3957.0,3891.0,3803.0,3709.0,3709.0,3611.0,3583.0,3523.0,3383.0,3383.0,3299.0,3233.0,3205.0,-,4549.0,5168.0,5706.0,5975.0,6478.0,6373.0,6291.0,5975.0,6186.0,7297.0,9542.0,11448.0,12910.0,12232.0,11039.0,10185.0,9156.0,8232.0,6852.0,5858.0,5239.0,4666.0,4408.0,4303.0,4245.0,4420.0,4455.0,4829.0,5204.0,5975.0,7472.0,9145.0,10875.0,11787.0,11939.0,11928.0,11156.0,10372.0,9601.0,8408.0,7215.0,6244.0,5426.0,5028.0,4689.0,4502.0,4490.0,4280.0,4338.0,4373.0
Nov18_2025,0,---,5502.0,6942.0,8702.0,10281.0,11586.0,12069.0,11757.0,10829.0,9556.0,8275.0,4852.0,4973.0,5047.0,5075.0,5131.0,5177.0,5145.0,5168.0,5122.0,5112.0,5075.0,4954.0,4987.0,4889.0,4810.0,4792.0,4694.0,4648.0,4587.0,4462.0,4448.0,4397.0,4290.0,4262.0,4142.0,4086.0,4021.0,3965.0,3900.0,3812.0,3714.0,3714.0,3622.0,3589.0,3529.0,3394.0,3385.0,3306.0,3227.0,3204.0,-,4478.0,5057.0,5740.0,6121.0,6330.0,6364.0,6237.0,6110.0,6110.0,7209.0,9512.0,11561.0,12833.0,12232.0,11098.0,10241.0,9200.0,8112.0,6966.0,5902.0,5196.0,4629.0,4420.0,4258.0,4177.0,4316.0,4397.0,4756.0,5161.0,6064.0,7568.0,9142.0,10982.0,12000.0,12220.0,11966.0,11260.0,10519.0,9778.0,8343.0,7198.0,6272.0,5358.0,4941.0,4629.0,4420.0,4501.0,4258.0,4270.0,4293.0
Nov18_2025,0,---,5504.0,6947.0,8700.0,10291.0,11568.0,12063.0,11772.0,10828.0,9547.0,8279.0,4856.0,4972.0,5051.0,5078.0,5143.0,5180.0,5134.0,5171.0,5125.0,5115.0,5078.0,4967.0,4981.0,4889.0,4824.0,4782.0,4690.0,4653.0,4579.0,4463.0,4449.0,4394.0,4287.0,4264.0,4144.0,4093.0,4015.0,3964.0,3899.0,3806.0,3714.0,3714.0,3612.0,3584.0,3520.0,3381.0,3381.0,3302.0,3224.0,3205.0,-,4595.0,5162.0,5753.0,6037.0,6462.0,6344.0,6261.0,6037.0,6237.0,7360.0,9404.0,11530.0,12818.0,12263.0,11105.0,10148.0,9132.0,8092.0,6923.0,5930.0,5316.0,4666.0,4430.0,4418.0,4288.0,4465.0,4548.0,4843.0,5292.0,6190.0,7490.0,9108.0,10739.0,11825.0,11979.0,11802.0,11211.0,10396.0,9640.0,8317.0,7159.0,6308.0,5458.0,4973.0,4702.0,4536.0,4583.0,4335.0,4465.0,4383.0
Nov18_2025,7,---,5389.0,6811.0,8569.0,10194.0,11542.0,12095.0,11841.0,10935.0,9660.0,8348.0,4781.0,4901.0,4979.0,5007.0,5067.0,5113.0,5058.0,5094.0,5039.0,5035.0,4998.0,4887.0,4901.0,4786.0,4735.0,4708.0,4597.0,4570.0,4501.0,4386.0,4376.0,4303.0,4211.0,4174.0,4063.0,3999.0,3935.0,3875.0,3819.0,3714.0,3631.0,3631.0,3539.0,3502.0,3451.0,3318.0,3318.0,3230.0,3157.0,3134.0,-,4166.0,4723.0,5377.0,5759.0,6173.0,6162.0,6108.0,5868.0,5912.0,6806.0,9173.0,11344.0,13089.0,12729.0,11344.0,10286.0,9315.0,8300.0,6828.0,5835.0,5083.0,4363.0,4090.0,4035.0,3872.0,4024.0,4068.0,4526.0,4810.0,5573.0,7035.0,8737.0,10700.0,11813.0,12183.0,12183.0,11627.0,10787.0,9915.0,8497.0,7362.0,6228.0,5279.0,4723.0,4417.0,4210.0,4243.0,3959.0,4014.0,4057.0
Nov18_2025,7,---,5391.0,6819.0,8572.0,10188.0,11547.0,12092.0,11835.0,10938.0,9661.0,8343.0,4792.0,4901.0,4975.0,4997.0,5057.0,5107.0,5052.0,5094.0,5039.0,5039.0,4997.0,4883.0,4911.0,4801.0,4746.0,4705.0,4595.0,4563.0,4499.0,4398.0,4375.0,4311.0,4215.0,4178.0,4055.0,4004.0,3936.0,3881.0,3812.0,3725.0,3629.0,3629.0,3537.0,3505.0,3446.0,3313.0,3318.0,3226.0,3158.0,3126.0,-,4057.0,4650.0,5328.0,5762.0,6122.0,6091.0,5963.0,5815.0,5879.0,6641.0,9078.0,11525.0,12913.0,12743.0,11430.0,10444.0,9343.0,8305.0,6853.0,5858.0,4947.0,4290.0,4046.0,3930.0,3802.0,3951.0,4004.0,4343.0,4745.0,5572.0,6991.0,8802.0,10752.0,12033.0,12447.0,12266.0,11737.0,10815.0,9904.0,8506.0,7351.0,6207.0,5190.0,4735.0,4279.0,4067.0,4141.0,3877.0,3951.0,3898.0
Nov18_2025,7,---,5389.0,6830.0,8579.0,10186.0,11531.0,12082.0,11834.0,10943.0,9672.0,8340.0,4778.0,4897.0,4971.0,4998.0,5072.0,5099.0,5049.0,5090.0,5035.0,5035.0,4989.0,4884.0,4911.0,4792.0,4728.0,4696.0,4604.0,4562.0,4494.0,4388.0,4365.0,4305.0,4200.0,4172.0,4062.0,3993.0,3943.0,3874.0,3814.0,3718.0,3631.0,3631.0,3534.0,3502.0,3438.0,3314.0,3305.0,3227.0,3167.0,3130.0,-,4145.0,4716.0,5340.0,5739.0,6191.0,6094.0,5997.0,5857.0,5879.0,6740.0,8991.0,11532.0,13061.0,12577.0,11424.0,10445.0,9346.0,8269.0,6902.0,5793.0,4996.0,4371.0,4102.0,3984.0,3854.0,3962.0,4091.0,4479.0,4813.0,5664.0,7160.0,8937.0,10854.0,12006.0,12544.0,12232.0,11661.0,10714.0,10014.0,8528.0,7257.0,6180.0,5265.0,4727.0,4361.0,4102.0,4167.0,3908.0,3973.0,3994.0
Nov18_2025,14,---,5432.0,6863.0,8608.0,10226.0,11554.0,12084.0,11826.0,10902.0,9621.0,8312.0,4803.0,4925.0,4996.0,5028.0,5099.0,5141.0,5075.0,5132.0,5071.0,5066.0,5019.0,4906.0,4925.0,4803.0,4761.0,4733.0,4634.0,4592.0,4536.0,4405.0,4400.0,4329.0,4236.0,4203.0,4090.0,4029.0,3973.0,3898.0,3856.0,3748.0,3659.0,3668.0,3560.0,3532.0,3476.0,3344.0,3340.0,3250.0,3185.0,3152.0,-,4211.0,4780.0,5327.0,5787.0,6301.0,6126.0,6104.0,5885.0,5940.0,6924.0,9112.0,11344.0,12996.0,12602.0,11377.0,10392.0,9309.0,8226.0,6815.0,5852.0,5032.0,4375.0,4157.0,4058.0,3905.0,4047.0,4091.0,4408.0,4955.0,5754.0,7077.0,8926.0,10797.0,11880.0,12077.0,12044.0,11399.0,10666.0,9779.0,8434.0,7187.0,6126.0,5185.0,4780.0,4375.0,4178.0,4189.0,3971.0,4025.0,4025.0
Nov18_2025,14,---,5423.0,6848.0,8620.0,10212.0,11558.0,12086.0,11804.0,10906.0,9643.0,8319.0,4816.0,4941.0,5006.0,5043.0,5094.0,5145.0,5089.0,5136.0,5076.0,5066.0,5034.0,4914.0,4937.0,4830.0,4766.0,4733.0,4636.0,4604.0,4530.0,4419.0,4400.0,4340.0,4243.0,4210.0,4095.0,4030.0,3965.0,3905.0,3849.0,3748.0,3664.0,3660.0,3567.0,3521.0,3470.0,3345.0,3326.0,3252.0,3178.0,3151.0,-,4211.0,4825.0,5439.0,5834.0,6207.0,6152.0,6087.0,5867.0,5955.0,6821.0,9015.0,11439.0,13007.0,12700.0,11417.0,10342.0,9300.0,8203.0,6843.0,5900.0,5056.0,4398.0,4134.0,4047.0,3926.0,4101.0,4189.0,4507.0,4847.0,5604.0,7183.0,8872.0,10682.0,11855.0,12250.0,12064.0,11439.0,10682.0,9837.0,8466.0,7293.0,6163.0,5297.0,4836.0,4408.0,4211.0,4211.0,4003.0,4090.0,4036.0
Nov18_2025,14,---,5432.0,6862.0,8622.0,10228.0,11547.0,12067.0,11821.0,10906.0,9624.0,8320.0,4800.0,4921.0,5014.0,5037.0,5093.0,5135.0,5102.0,5125.0,5065.0,5060.0,5023.0,4916.0,4930.0,4828.0,4763.0,4731.0,4643.0,4596.0,4536.0,4415.0,4396.0,4336.0,4243.0,4211.0,4104.0,4034.0,3965.0,3914.0,3853.0,3760.0,3667.0,3654.0,3570.0,3528.0,3482.0,3338.0,3333.0,3254.0,3185.0,3152.0,-,4164.0,4829.0,5451.0,5876.0,6279.0,6029.0,6083.0,5909.0,5865.0,6824.0,9234.0,11436.0,12984.0,12603.0,11349.0,10390.0,9310.0,8362.0,6835.0,5865.0,5058.0,4404.0,4164.0,4055.0,3903.0,4066.0,4110.0,4437.0,4873.0,5756.0,7152.0,8918.0,10760.0,12003.0,12243.0,12090.0,11458.0,10782.0,9953.0,8449.0,7348.0,6170.0,5167.0,4720.0,4393.0,4175.0,4186.0,3979.0,4012.0,3957.0
Nov18_2025,21,---,5418.0,6867.0,8635.0,10223.0,11555.0,12098.0,11829.0,10882.0,9617.0,8289.0,4741.0,4853.0,4916.0,4952.0,5001.0,5033.0,5001.0,5037.0,4970.0,4970.0,4920.0,4826.0,4840.0,4737.0,4669.0,4624.0,4539.0,4494.0,4423.0,4315.0,4292.0,4248.0,4131.0,4095.0,3983.0,3929.0,3857.0,3799.0,3745.0,3642.0,3561.0,3557.0,3467.0,3427.0,3368.0,3238.0,3238.0,3158.0,3086.0,3059.0,-,4058.0,4682.0,5316.0,5728.0,6088.0,5950.0,5918.0,5802.0,5866.0,6785.0,9163.0,11552.0,13053.0,12662.0,11436.0,10315.0,9163.0,8233.0,6827.0,5675.0,4935.0,4280.0,3984.0,3910.0,3794.0,3942.0,3974.0,4375.0,4724.0,5675.0,7060.0,8741.0,10654.0,11848.0,12229.0,11943.0,11446.0,10622.0,9787.0,8466.0,7123.0,6088.0,5157.0,4682.0,4344.0,4058.0,4037.0,3889.0,3900.0,3889.0
Nov18_2025,21,---,5414.0,6868.0,8624.0,10235.0,11563.0,12094.0,11824.0,10892.0,9605.0,8291.0,4739.0,4856.0,4915.0,4951.0,5000.0,5041.0,4991.0,5027.0,4973.0,4973.0,4928.0,4829.0,4838.0,4730.0,4672.0,4649.0,4537.0,4501.0,4429.0,4312.0,4294.0,4235.0,4132.0,4105.0,3987.0,3924.0,3861.0,3807.0,3749.0,3641.0,3560.0,3564.0,3474.0,3434.0,3380.0,3249.0,3240.0,3159.0,3096.0,3065.0,-,4090.0,4763.0,5318.0,5809.0,6183.0,6130.0,6002.0,5831.0,5809.0,6835.0,9216.0,11459.0,13136.0,12613.0,11416.0,10316.0,9195.0,8202.0,6835.0,5703.0,4944.0,4282.0,4079.0,3930.0,3855.0,4015.0,4004.0,4378.0,4752.0,5585.0,7080.0,8821.0,10711.0,11758.0,12185.0,12121.0,11395.0,10583.0,9836.0,8373.0,7144.0,6087.0,5190.0,4677.0,4368.0,4122.0,4101.0,3887.0,3962.0,3919.0
Nov18_2025,21,---,5421.0,6864.0,8613.0,10222.0,11562.0,12119.0,11809.0,10892.0,9620.0,8294.0,4742.0,4855.0,4913.0,4940.0,4999.0,5034.0,4990.0,5025.0,4981.0,4963.0,4922.0,4828.0,4846.0,4733.0,4666.0,4634.0,4540.0,4486.0,4432.0,4302.0,4284.0,4230.0,4135.0,4104.0,3987.0,3924.0,3866.0,3798.0,3744.0,3654.0,3555.0,3564.0,3466.0,3425.0,3367.0,3241.0,3232.0,3160.0,3088.0,3061.0,-,3978.0,4605.0,5253.0,5685.0,6076.0,5932.0,5942.0,5736.0,5849.0,6723.0,9252.0,11576.0,12995.0,12697.0,11350.0,10383.0,9170.0,8142.0,6703.0,5695.0,4883.0,4163.0,3917.0,3793.0,3670.0,3834.0,3917.0,4184.0,4677.0,5531.0,7021.0,8810.0,10928.0,12039.0,12337.0,12337.0,11679.0,10846.0,9880.0,8471.0,7217.0,6034.0,5099.0,4605.0,4246.0,3989.0,3999.0,3752.0,3793.0,3783.0
Nov18_2025,28,---,5437.0,6859.0,8630.0,10246.0,11552.0,12084.0,11804.0,10888.0,9632.0,8300.0,4728.0,4836.0,4913.0,4936.0,4981.0,5039.0,4985.0,5012.0,4972.0,4954.0,4913.0,4800.0,4823.0,4705.0,4646.0,4619.0,4516.0,4475.0,4416.0,4303.0,4276.0,4208.0,4118.0,4087.0,3969.0,3910.0,3852.0,3788.0,3734.0,3635.0,3536.0,3549.0,3450.0,3418.0,3355.0,3224.0,3228.0,3147.0,3075.0,3057.0,-,3987.0,4588.0,5292.0,5707.0,6100.0,5955.0,5862.0,5738.0,5800.0,6743.0,9146.0,11611.0,13082.0,12667.0,11321.0,10409.0,9218.0,8172.0,6794.0,5655.0,4816.0,4163.0,3967.0,3822.0,3677.0,3832.0,3956.0,4236.0,4681.0,5593.0,6981.0,8918.0,10875.0,11932.0,12357.0,12108.0,11466.0,10803.0,9819.0,8317.0,7178.0,6028.0,5127.0,4567.0,4215.0,4008.0,4029.0,3791.0,3822.0,3811.0
Nov18_2025,28,---,5428.0,6863.0,8634.0,10236.0,11559.0,12097.0,11798.0,10893.0,9607.0,8308.0,4726.0,4844.0,4907.0,4930.0,4993.0,5039.0,4980.0,5016.0,4966.0,4957.0,4916.0,4803.0,4826.0,4717.0,4658.0,4618.0,4523.0,4482.0,4409.0,4296.0,4278.0,4215.0,4120.0,4088.0,3975.0,3916.0,3857.0,3798.0,3730.0,3635.0,3549.0,3554.0,3454.0,3422.0,3368.0,3228.0,3223.0,3155.0,3074.0,3051.0,-,4019.0,4677.0,5272.0,5711.0,6034.0,6045.0,6003.0,5784.0,5899.0,6692.0,9187.0,11558.0,13092.0,12643.0,11401.0,10325.0,9198.0,8175.0,6744.0,5658.0,4844.0,4238.0,4009.0,3842.0,3727.0,3873.0,3977.0,4270.0,4687.0,5627.0,6953.0,8989.0,10827.0,12006.0,12341.0,12142.0,11537.0,10858.0,9908.0,8488.0,7089.0,6013.0,5126.0,4552.0,4249.0,4009.0,4040.0,3842.0,3863.0,3852.0
Nov18_2025,28,---,5422.0,6881.0,8623.0,10235.0,11563.0,12105.0,11816.0,10876.0,9608.0,8289.0,4736.0,4858.0,4916.0,4944.0,4989.0,5038.0,4993.0,5025.0,4962.0,4962.0,4912.0,4804.0,4831.0,4727.0,4650.0,4632.0,4524.0,4474.0,4411.0,4307.0,4289.0,4221.0,4122.0,4095.0,3977.0,3919.0,3860.0,3792.0,3738.0,3639.0,3553.0,3553.0,3458.0,3422.0,3363.0,3232.0,3228.0,3156.0,3083.0,3047.0,-,3960.0,4586.0,5243.0,5715.0,6074.0,6064.0,5930.0,5735.0,5797.0,6721.0,9132.0,11605.0,13093.0,12703.0,11317.0,10322.0,9306.0,8167.0,6762.0,5684.0,4863.0,4124.0,3940.0,3796.0,3714.0,3837.0,3929.0,4217.0,4596.0,5653.0,7080.0,8896.0,10845.0,12056.0,12436.0,12138.0,11656.0,10722.0,9860.0,8598.0,7151.0,6074.0,5089.0,4607.0,4248.0,3929.0,3950.0,3724.0,3817.0,3786.0
Nov18_2025,35,---,5471.0,6895.0,8663.0,10258.0,11566.0,12064.0,11799.0,10873.0,9593.0,8286.0,4713.0,4820.0,4894.0,4922.0,4978.0,5020.0,4959.0,4992.0,4936.0,4936.0,4875.0,4759.0,4778.0,4680.0,4624.0,4592.0,4508.0,4457.0,4396.0,4275.0,4261.0,4196.0,4089.0,4061.0,3936.0,3894.0,3829.0,3773.0,3708.0,3610.0,3535.0,3535.0,3433.0,3405.0,3349.0,3219.0,3224.0,3140.0,3070.0,3042.0,-,4102.0,4678.0,5287.0,5832.0,6174.0,6121.0,5982.0,5800.0,5886.0,6783.0,9133.0,11526.0,13096.0,12669.0,11355.0,10383.0,9165.0,8065.0,6729.0,5715.0,4935.0,4283.0,4080.0,3952.0,3813.0,3995.0,3995.0,4411.0,4785.0,5661.0,7114.0,8962.0,10746.0,11910.0,12306.0,12220.0,11505.0,10618.0,9774.0,8396.0,7167.0,6121.0,5181.0,4689.0,4272.0,4102.0,4112.0,3888.0,3941.0,3931.0
Nov18_2025,35,---,5452.0,6884.0,8647.0,10257.0,11569.0,12071.0,11815.0,10876.0,9596.0,8280.0,4712.0,4810.0,4903.0,4917.0,4977.0,5028.0,4954.0,4991.0,4940.0,4921.0,4884.0,4763.0,4777.0,4679.0,4619.0,4600.0,4498.0,4456.0,4396.0,4275.0,4265.0,4195.0,4102.0,4065.0,3949.0,3898.0,3833.0,3758.0,3712.0,3623.0,3526.0,3535.0,3447.0,3405.0,3349.0,3219.0,3228.0,3144.0,3070.0,3056.0,-,4116.0,4647.0,5317.0,5807.0,6104.0,6094.0,5956.0,5817.0,5817.0,6689.0,9093.0,11614.0,13092.0,12752.0,11401.0,10327.0,9210.0,8200.0,6753.0,5775.0,4956.0,4254.0,4062.0,3860.0,3775.0,3977.0,4030.0,4360.0,4764.0,5615.0,7094.0,8870.0,10678.0,11763.0,12252.0,12039.0,11412.0,10710.0,9795.0,8338.0,7211.0,6136.0,5126.0,4647.0,4318.0,4084.0,4137.0,3892.0,3924.0,3913.0
Nov18_2025,35,---,5467.0,6902.0,8659.0,10253.0,11568.0,12066.0,11791.0,10882.0,9587.0,8286.0,4707.0,4823.0,4889.0,4917.0,4977.0,5029.0,4973.0,5001.0,4945.0,4945.0,4889.0,4763.0,4777.0,4679.0,4623.0,4590.0,4502.0,4460.0,4399.0,4283.0,4255.0,4194.0,4096.0,4078.0,3952.0,3887.0,3840.0,3761.0,3714.0,3616.0,3537.0,3537.0,3444.0,3411.0,3355.0,3229.0,3220.0,3155.0,3080.0,3052.0,-,4044.0,4650.0,5235.0,5695.0,6155.0,5998.0,5894.0,5716.0,5841.0,6761.0,9196.0,11422.0,13073.0,12707.0,11422.0,10314.0,9259.0,8130.0,6740.0,5695.0,4849.0,4253.0,3960.0,3845.0,3730.0,3908.0,3887.0,4295.0,4681.0,5591.0,7116.0,8809.0,10680.0,11944.0,12279.0,12101.0,11432.0,10816.0,9813.0,8391.0,7012.0,6071.0,5068.0,4629.0,4232.0,4013.0,4013.0,3793.0,3877.0,3835.0
Nov18_2025,42,---,5418.0,6840.0,8636.0,10230.0,11573.0,12101.0,11828.0,10877.0,9622.0,8289.0,4745.0,4851.0,4921.0,4947.0,5009.0,5049.0,5000.0,5031.0,4978.0,4969.0,4917.0,4820.0,4829.0,4749.0,4692.0,4648.0,4534.0,4494.0,4424.0,4314.0,4296.0,4234.0,4142.0,4102.0,3983.0,3931.0,3856.0,3803.0,3746.0,3644.0,3561.0,3561.0,3464.0,3420.0,3358.0,3231.0,3226.0,3156.0,3077.0,3046.0,-,3983.0,4636.0,5219.0,5719.0,5995.0,5985.0,5913.0,5719.0,5790.0,6802.0,9202.0,11612.0,13083.0,12644.0,11428.0,10284.0,9151.0,8058.0,6699.0,5627.0,4769.0,4197.0,3921.0,3768.0,3687.0,3891.0,3891.0,4269.0,4667.0,5586.0,7016.0,8834.0,10785.0,11908.0,12143.0,11949.0,11520.0,10621.0,9672.0,8262.0,7026.0,5995.0,5035.0,4555.0,4177.0,3993.0,3993.0,3758.0,3789.0,3830.0
Nov18_2025,42,---,5423.0,6873.0,8634.0,10244.0,11557.0,12102.0,11809.0,10869.0,9614.0,8293.0,4745.0,4856.0,4922.0,4940.0,4998.0,5046.0,4984.0,5024.0,4971.0,4971.0,4918.0,4811.0,4838.0,4736.0,4678.0,4638.0,4536.0,4496.0,4417.0,4301.0,4288.0,4230.0,4124.0,4097.0,3982.0,3929.0,3858.0,3796.0,3738.0,3640.0,3543.0,3556.0,3459.0,3419.0,3370.0,3237.0,3228.0,3144.0,3077.0,3055.0,-,3884.0,4511.0,5258.0,5646.0,5965.0,5945.0,5845.0,5706.0,5726.0,6702.0,9261.0,11602.0,13116.0,12667.0,11313.0,10357.0,9251.0,8126.0,6662.0,5557.0,4760.0,4113.0,3814.0,3664.0,3595.0,3774.0,3824.0,4142.0,4571.0,5567.0,7011.0,8893.0,10845.0,11940.0,12428.0,12100.0,11562.0,10686.0,9779.0,8285.0,7080.0,5935.0,4939.0,4461.0,4043.0,3834.0,3884.0,3664.0,3714.0,3664.0
Nov18_2025,42,---,5437.0,6878.0,8641.0,10252.0,11559.0,12096.0,11809.0,10870.0,9599.0,8292.0,4739.0,4851.0,4909.0,4945.0,5012.0,5039.0,4985.0,5025.0,4985.0,4958.0,4922.0,4810.0,4833.0,4730.0,4672.0,4640.0,4537.0,4484.0,4421.0,4309.0,4282.0,4229.0,4130.0,4099.0,3996.0,3933.0,3853.0,3799.0,3750.0,3651.0,3562.0,3557.0,3468.0,3432.0,3383.0,3244.0,3235.0,3163.0,3092.0,3061.0,-,3849.0,4464.0,5238.0,5556.0,5982.0,5873.0,5843.0,5665.0,5724.0,6687.0,9207.0,11588.0,13176.0,12858.0,11310.0,10308.0,9137.0,8096.0,6617.0,5605.0,4772.0,4077.0,3809.0,3680.0,3522.0,3700.0,3740.0,4147.0,4603.0,5496.0,6974.0,8860.0,10804.0,12064.0,12362.0,12213.0,11588.0,10675.0,9743.0,8254.0,7133.0,5873.0,4921.0,4425.0,4077.0,3869.0,3859.0,3651.0,3690.0,3700.0
Nov18_2025,49,---,5486.0,6908.0,8650.0,10253.0,11584.0,12085.0,11789.0,10868.0,9580.0,8278.0,4723.0,4828.0,4890.0,4919.0,4995.0,5033.0,4971.0,5009.0,4933.0,4933.0,4876.0,4766.0,4785.0,4694.0,4642.0,4609.0,4508.0,4475.0,4399.0,4289.0,4270.0,4208.0,4108.0,4079.0,3964.0,3907.0,3845.0,3783.0,3726.0,3645.0,3549.0,3554.0,3459.0,3435.0,3378.0,3239.0,3239.0,3163.0,3101.0,3082.0,-,4167.0,4838.0,5369.0,5748.0,6170.0,6072.0,6007.0,5888.0,5964.0,6863.0,9168.0,11485.0,12990.0,12784.0,11323.0,10240.0,9179.0,8216.0,6819.0,5813.0,5001.0,4330.0,4156.0,3994.0,3918.0,3994.0,4156.0,4492.0,4773.0,5715.0,7166.0,8974.0,10825.0,11961.0,12362.0,12264.0,11604.0,10803.0,9937.0,8421.0,7263.0,6235.0,5228.0,4773.0,4405.0,4102.0,4200.0,3983.0,4005.0,3961.0
Nov18_2025,49,---,5478.0,6902.0,8659.0,10259.0,11574.0,12063.0,11788.0,10867.0,9594.0,8289.0,4728.0,4828.0,4894.0,4909.0,4989.0,5018.0,4965.0,5003.0,4942.0,4913.0,4885.0,4766.0,4785.0,4695.0,4638.0,4600.0,4510.0,4462.0,4401.0,4272.0,4258.0,4211.0,4106.0,4078.0,3964.0,3912.0,3850.0,3788.0,3726.0,3627.0,3546.0,3551.0,3451.0,3427.0,3370.0,3247.0,3233.0,3157.0,3090.0,3076.0,-,4171.0,4832.0,5417.0,5828.0,6121.0,6067.0,6034.0,5872.0,5839.0,6825.0,9068.0,11614.0,13001.0,12654.0,11278.0,10390.0,9328.0,8147.0,6825.0,5774.0,4994.0,4387.0,4106.0,3986.0,3846.0,4030.0,4084.0,4496.0,4853.0,5774.0,7128.0,8992.0,10920.0,12036.0,12481.0,12286.0,11668.0,10801.0,9880.0,8461.0,7183.0,6164.0,5211.0,4680.0,4355.0,4192.0,4182.0,3932.0,4041.0,3997.0
Nov18_2025,49,---,5474.0,6900.0,8657.0,10253.0,11574.0,12095.0,11796.0,10873.0,9571.0,8278.0,4716.0,4840.0,4901.0,4915.0,4972.0,5015.0,4958.0,5005.0,4939.0,4920.0,4877.0,4759.0,4787.0,4683.0,4631.0,4593.0,4503.0,4465.0,4390.0,4271.0,4262.0,4210.0,4105.0,4082.0,3959.0,3897.0,3840.0,3774.0,3717.0,3622.0,3542.0,3556.0,3452.0,3414.0,3371.0,3234.0,3239.0,3158.0,3097.0,3064.0,-,4293.0,4909.0,5503.0,5918.0,6266.0,6165.0,6142.0,5918.0,5940.0,6837.0,9169.0,11635.0,13137.0,12599.0,11299.0,10222.0,9158.0,8407.0,6871.0,5727.0,5122.0,4438.0,4192.0,4125.0,3956.0,4158.0,4237.0,4640.0,4943.0,5727.0,7185.0,8956.0,10704.0,11825.0,12296.0,12027.0,11467.0,10884.0,9864.0,8429.0,7330.0,6277.0,5257.0,4842.0,4517.0,4293.0,4304.0,4069.0,4113.0,4136.0
Nov18_2025,457,---,5481.0,6917.0,8660.0,10273.0,11573.0,12072.0,11788.0,10856.0,9583.0,8273.0,4656.0,4759.0,4815.0,4843.0,4912.0,4945.0,4880.0,4917.0,4847.0,4819.0,4773.0,4656.0,4679.0,4582.0,4512.0,4493.0,4386.0,4334.0,4279.0,4153.0,4139.0,4073.0,3966.0,3948.0,3831.0,3761.0,3701.0,3635.0,3579.0,3481.0,3393.0,3402.0,3309.0,3276.0,3220.0,3095.0,3090.0,3015.0,2955.0,2931.0,-,3820.0,4485.0,5239.0,5636.0,6013.0,5904.0,5765.0,5705.0,5695.0,6608.0,9029.0,11649.0,13227.0,12830.0,11421.0,10389.0,9148.0,8087.0,6578.0,5556.0,4653.0,4058.0,3750.0,3651.0,3492.0,3750.0,3711.0,4098.0,4455.0,5388.0,6826.0,8732.0,10637.0,11957.0,12224.0,12095.0,11460.0,10796.0,9704.0,8235.0,7084.0,5874.0,4921.0,4445.0,4068.0,3830.0,3840.0,3592.0,3651.0,3651.0
Nov18_2025,457,---,5471.0,6905.0,8669.0,10270.0,11564.0,12075.0,11801.0,10868.0,9569.0,8274.0,4654.0,4747.0,4803.0,4845.0,4905.0,4933.0,4877.0,4914.0,4840.0,4817.0,4766.0,4668.0,4668.0,4575.0,4524.0,4487.0,4380.0,4339.0,4264.0,4153.0,4121.0,4056.0,3954.0,3935.0,3814.0,3749.0,3689.0,3629.0,3578.0,3471.0,3387.0,3387.0,3299.0,3262.0,3211.0,3086.0,3086.0,3007.0,2946.0,2919.0,-,3959.0,4540.0,5201.0,5700.0,6026.0,5975.0,5853.0,5700.0,5690.0,6667.0,9049.0,11594.0,13193.0,12846.0,11421.0,10281.0,9253.0,8031.0,6647.0,5527.0,4753.0,4102.0,3858.0,3746.0,3593.0,3746.0,3786.0,4173.0,4540.0,5476.0,6840.0,8642.0,10912.0,11828.0,12215.0,11981.0,11421.0,10668.0,9630.0,8316.0,7054.0,5945.0,5049.0,4540.0,4163.0,3919.0,3909.0,3695.0,3756.0,3746.0
Nov18_2025,457,---,5468.0,6919.0,8668.0,10254.0,11579.0,12081.0,11802.0,10863.0,9556.0,8273.0,4655.0,4752.0,4822.0,4850.0,4901.0,4948.0,4887.0,4906.0,4845.0,4827.0,4771.0,4664.0,4682.0,4571.0,4515.0,4478.0,4390.0,4338.0,4278.0,4148.0,4120.0,4064.0,3966.0,3929.0,3818.0,3752.0,3697.0,3627.0,3576.0,3483.0,3390.0,3394.0,3301.0,3269.0,3213.0,3087.0,3087.0,3018.0,2948.0,2929.0,-,3900.0,4469.0,5217.0,5656.0,6005.0,5916.0,5886.0,5716.0,5606.0,6554.0,9128.0,11642.0,13219.0,12780.0,11463.0,10395.0,9208.0,8141.0,6614.0,5567.0,4718.0,4050.0,3831.0,3681.0,3541.0,3721.0,3821.0,4150.0,4519.0,5397.0,6933.0,8729.0,10824.0,11972.0,12391.0,12161.0,11443.0,10884.0,9687.0,8390.0,7033.0,5906.0,4998.0,4409.0,4080.0,3831.0,3851.0,3631.0,3701.0,3721.0
Nov18_2025,464,---,5479.0,6915.0,8672.0,10275.0,11595.0,12083.0,11776.0,10856.0,9560.0,8263.0,4670.0,4773.0,4833.0,4865.0,4917.0,4958.0,4898.0,4921.0,4861.0,4842.0,4786.0,4670.0,4684.0,4591.0,4536.0,4503.0,4405.0,4350.0,4289.0,4164.0,4136.0,4080.0,3978.0,3955.0,3834.0,3783.0,3718.0,3648.0,3597.0,3499.0,3406.0,3411.0,3318.0,3290.0,3230.0,3099.0,3104.0,3030.0,2955.0,2937.0,-,4072.0,4678.0,5326.0,5764.0,6077.0,5942.0,5963.0,5837.0,5848.0,6683.0,9075.0,11633.0,13148.0,12751.0,11362.0,10307.0,9190.0,8124.0,6715.0,5587.0,4814.0,4219.0,4010.0,3843.0,3707.0,3853.0,3968.0,4323.0,4678.0,5545.0,6871.0,8824.0,10599.0,11644.0,12155.0,11957.0,11372.0,10453.0,9586.0,8197.0,6892.0,5994.0,5117.0,4626.0,4219.0,4010.0,4031.0,3811.0,3843.0,3864.0
Nov18_2025,464,---,5476.0,6915.0,8664.0,10278.0,11575.0,12073.0,11787.0,10860.0,9568.0,8276.0,4668.0,4765.0,4834.0,4867.0,4913.0,4950.0,4885.0,4927.0,4862.0,4853.0,4784.0,4678.0,4682.0,4576.0,4525.0,4502.0,4392.0,4345.0,4281.0,4161.0,4133.0,4073.0,3967.0,3949.0,3819.0,3773.0,3700.0,3635.0,3580.0,3492.0,3395.0,3400.0,3317.0,3280.0,3215.0,3086.0,3095.0,3012.0,2934.0,2924.0,-,3859.0,4495.0,5070.0,5556.0,5933.0,5884.0,5775.0,5626.0,5685.0,6678.0,9069.0,11649.0,13246.0,12800.0,11401.0,10319.0,9148.0,8007.0,6519.0,5546.0,4703.0,4078.0,3810.0,3651.0,3572.0,3691.0,3760.0,4108.0,4534.0,5417.0,6876.0,8732.0,10696.0,11788.0,12115.0,12046.0,11341.0,10577.0,9674.0,8285.0,6965.0,5874.0,4911.0,4395.0,4068.0,3840.0,3869.0,3621.0,3661.0,3691.0
Nov18_2025,464,---,5475.0,6928.0,8678.0,10275.0,11580.0,12075.0,11788.0,10853.0,9557.0,8261.0,4665.0,4758.0,4827.0,4859.0,4920.0,4957.0,4901.0,4920.0,4859.0,4832.0,4776.0,4670.0,4688.0,4582.0,4521.0,4494.0,4387.0,4346.0,4272.0,4156.0,4133.0,4063.0,3975.0,3943.0,3827.0,3767.0,3698.0,3628.0,3587.0,3494.0,3392.0,3401.0,3309.0,3281.0,3216.0,3096.0,3082.0,3017.0,2943.0,2929.0,-,3918.0,4635.0,5228.0,5699.0,6067.0,5954.0,5893.0,5719.0,5770.0,6701.0,9147.0,11633.0,13117.0,12779.0,11367.0,10283.0,9198.0,8113.0,6599.0,5535.0,4809.0,4164.0,3939.0,3765.0,3673.0,3796.0,3898.0,4205.0,4604.0,5494.0,6906.0,8707.0,10671.0,11787.0,12083.0,11961.0,11388.0,10467.0,9658.0,8318.0,7019.0,5893.0,4942.0,4542.0,4123.0,3939.0,3959.0,3765.0,3806.0,3785.0
Nov18_2025,471,---,5501.0,6943.0,8681.0,10278.0,11597.0,12077.0,11781.0,10834.0,9548.0,8257.0,4658.0,4748.0,4804.0,4842.0,4889.0,4946.0,4870.0,4884.0,4814.0,4814.0,4767.0,4663.0,4677.0,4555.0,4512.0,4493.0,4376.0,4338.0,4277.0,4145.0,4131.0,4069.0,3971.0,3942.0,3820.0,3763.0,3707.0,3636.0,3589.0,3495.0,3405.0,3405.0,3320.0,3287.0,3231.0,3104.0,3113.0,3033.0,2967.0,2948.0,-,3913.0,4573.0,5353.0,5708.0,6002.0,5891.0,5860.0,5678.0,5789.0,6682.0,9227.0,11670.0,13090.0,12664.0,11427.0,10291.0,9156.0,8121.0,6661.0,5556.0,4796.0,4116.0,3863.0,3771.0,3619.0,3782.0,3853.0,4157.0,4613.0,5495.0,6945.0,8750.0,10687.0,11822.0,12167.0,11873.0,11305.0,10545.0,9571.0,8263.0,6976.0,5860.0,4938.0,4491.0,4167.0,3984.0,3934.0,3711.0,3741.0,3751.0
Nov18_2025,471,---,5501.0,6946.0,8678.0,10282.0,11586.0,12085.0,11784.0,10838.0,9548.0,8249.0,4649.0,4753.0,4809.0,4828.0,4884.0,4927.0,4861.0,4913.0,4823.0,4819.0,4767.0,4649.0,4668.0,4574.0,4513.0,4484.0,4381.0,4334.0,4263.0,4150.0,4127.0,4061.0,3971.0,3943.0,3826.0,3764.0,3703.0,3647.0,3581.0,3496.0,3402.0,3411.0,3313.0,3284.0,3237.0,3106.0,3106.0,3026.0,2964.0,2950.0,-,3876.0,4473.0,5228.0,5626.0,5944.0,5904.0,5864.0,5685.0,5705.0,6669.0,9165.0,11660.0,13250.0,12693.0,11341.0,10337.0,9174.0,8101.0,6550.0,5536.0,4681.0,4035.0,3827.0,3658.0,3558.0,3747.0,3787.0,4095.0,4562.0,5437.0,6998.0,8747.0,10745.0,11908.0,12276.0,11928.0,11431.0,10656.0,9721.0,8200.0,6908.0,5854.0,4960.0,4443.0,4045.0,3836.0,3817.0,3628.0,3667.0,3677.0
Nov18_2025,471,---,5499.0,6941.0,8688.0,10290.0,11586.0,12074.0,11783.0,10839.0,9543.0,8251.0,4658.0,4738.0,4804.0,4823.0,4865.0,4921.0,4860.0,4884.0,4818.0,4804.0,4757.0,4649.0,4663.0,4560.0,4508.0,4480.0,4377.0,4330.0,4269.0,4147.0,4118.0,4057.0,3959.0,3935.0,3808.0,3757.0,3691.0,3635.0,3588.0,3484.0,3400.0,3404.0,3311.0,3278.0,3226.0,3109.0,3104.0,3029.0,2958.0,2944.0,-,4066.0,4671.0,5328.0,5714.0,6016.0,6006.0,5891.0,5724.0,5818.0,6788.0,9176.0,11605.0,13055.0,12690.0,11376.0,10302.0,9186.0,8133.0,6642.0,5578.0,4848.0,4171.0,4004.0,3837.0,3743.0,3910.0,3962.0,4223.0,4702.0,5505.0,6976.0,8873.0,10750.0,11814.0,12200.0,11918.0,11324.0,10521.0,9708.0,8216.0,7069.0,5995.0,4973.0,4515.0,4191.0,3983.0,4004.0,3733.0,3837.0,3837.0
Nov18_2025,478,---,5507.0,6935.0,8675.0,10276.0,11584.0,12083.0,11762.0,10841.0,9562.0,8277.0,4692.0,4783.0,4841.0,4869.0,4927.0,4956.0,4908.0,4936.0,4869.0,4850.0,4802.0,4697.0,4702.0,4610.0,4558.0,4515.0,4419.0,4376.0,4304.0,4193.0,4160.0,4102.0,4007.0,3983.0,3853.0,3796.0,3738.0,3676.0,3613.0,3532.0,3436.0,3446.0,3350.0,3316.0,3259.0,3139.0,3144.0,3053.0,2995.0,2976.0,-,3931.0,4543.0,5217.0,5667.0,6044.0,5881.0,5891.0,5718.0,5738.0,6667.0,9240.0,11609.0,13070.0,12702.0,11466.0,10292.0,9210.0,8097.0,6698.0,5605.0,4788.0,4104.0,3890.0,3757.0,3686.0,3808.0,3869.0,4268.0,4584.0,5462.0,7014.0,8791.0,10619.0,11793.0,12100.0,11814.0,11487.0,10547.0,9639.0,8230.0,7014.0,5953.0,4931.0,4503.0,4186.0,3921.0,3982.0,3747.0,3767.0,3788.0
Nov18_2025,478,---,5503.0,6923.0,8676.0,10263.0,11588.0,12088.0,11774.0,10854.0,9567.0,8262.0,4693.0,4788.0,4845.0,4874.0,4917.0,4960.0,4903.0,4926.0,4869.0,4855.0,4798.0,4693.0,4702.0,4612.0,4560.0,4521.0,4407.0,4369.0,4302.0,4174.0,4159.0,4097.0,4002.0,3973.0,3854.0,3792.0,3735.0,3664.0,3616.0,3511.0,3421.0,3440.0,3344.0,3306.0,3259.0,3125.0,3130.0,3054.0,2992.0,2968.0,-,4013.0,4696.0,5233.0,5730.0,6123.0,6071.0,5854.0,5792.0,5782.0,6785.0,9174.0,11626.0,13177.0,12733.0,11409.0,10209.0,9102.0,8140.0,6630.0,5564.0,4820.0,4178.0,3940.0,3806.0,3682.0,3858.0,3971.0,4313.0,4768.0,5533.0,6950.0,8771.0,10747.0,11781.0,12153.0,11822.0,11264.0,10488.0,9609.0,8150.0,6961.0,5895.0,4995.0,4499.0,4220.0,4002.0,4034.0,3775.0,3827.0,3847.0
Nov18_2025,478,---,5499.0,6928.0,8681.0,10282.0,11577.0,12074.0,11777.0,10855.0,9556.0,8266.0,4696.0,4787.0,4854.0,4868.0,4921.0,4959.0,4892.0,4921.0,4868.0,4854.0,4801.0,4692.0,4711.0,4606.0,4558.0,4524.0,4424.0,4371.0,4305.0,4190.0,4166.0,4109.0,3999.0,3970.0,3855.0,3798.0,3731.0,3669.0,3617.0,3516.0,3435.0,3435.0,3349.0,3315.0,3249.0,3134.0,3134.0,3053.0,2995.0,2967.0,-,3980.0,4532.0,5228.0,5729.0,6057.0,5903.0,5893.0,5729.0,5729.0,6712.0,9167.0,11643.0,13229.0,12667.0,11357.0,10252.0,9239.0,8134.0,6712.0,5627.0,4798.0,4103.0,3918.0,3785.0,3663.0,3785.0,3888.0,4225.0,4655.0,5535.0,6906.0,8697.0,10641.0,11756.0,12257.0,11920.0,11316.0,10590.0,9689.0,8185.0,6967.0,5893.0,5044.0,4532.0,4184.0,3908.0,3959.0,3765.0,3785.0,3785.0
Nov18_2025,485,---,5487.0,6930.0,8671.0,10294.0,11571.0,12095.0,11773.0,10845.0,9558.0,8258.0,4655.0,4756.0,4825.0,4848.0,4908.0,4944.0,4889.0,4908.0,4857.0,4834.0,4774.0,4664.0,4682.0,4577.0,4522.0,4489.0,4388.0,4347.0,4273.0,4145.0,4131.0,4071.0,3970.0,3938.0,3818.0,3759.0,3694.0,3635.0,3584.0,3483.0,3396.0,3405.0,3308.0,3267.0,3216.0,3092.0,3092.0,3014.0,2936.0,2918.0,-,3961.0,4531.0,5203.0,5712.0,6018.0,5957.0,5835.0,5723.0,5773.0,6751.0,9236.0,11608.0,13054.0,12617.0,11415.0,10274.0,9266.0,8054.0,6619.0,5580.0,4837.0,4114.0,3879.0,3747.0,3676.0,3788.0,3910.0,4226.0,4592.0,5427.0,6965.0,8910.0,10661.0,11741.0,12230.0,11863.0,11242.0,10397.0,9674.0,8207.0,6934.0,5875.0,5030.0,4460.0,4205.0,3910.0,3971.0,3727.0,3757.0,3747.0
Nov18_2025,485,---,5492.0,6930.0,8687.0,10286.0,11595.0,12085.0,11770.0,10827.0,9560.0,8257.0,4655.0,4743.0,4817.0,4845.0,4905.0,4928.0,4886.0,4909.0,4849.0,4831.0,4780.0,4660.0,4683.0,4567.0,4516.0,4484.0,4378.0,4345.0,4262.0,4156.0,4133.0,4077.0,3966.0,3938.0,3823.0,3763.0,3698.0,3643.0,3578.0,3481.0,3398.0,3398.0,3305.0,3282.0,3222.0,3092.0,3092.0,3023.0,2944.0,2931.0,-,3994.0,4569.0,5247.0,5740.0,6069.0,5997.0,5915.0,5750.0,5812.0,6736.0,9242.0,11645.0,13196.0,12672.0,11368.0,10217.0,9108.0,7968.0,6541.0,5483.0,4764.0,4087.0,3881.0,3779.0,3614.0,3789.0,3850.0,4220.0,4590.0,5494.0,6900.0,8574.0,10454.0,11655.0,11943.0,11645.0,11152.0,10320.0,9396.0,8040.0,6849.0,5822.0,4949.0,4446.0,4159.0,3892.0,3943.0,3686.0,3779.0,3768.0
Nov18_2025,485,---,5481.0,6927.0,8672.0,10294.0,11602.0,12090.0,11777.0,10837.0,9552.0,8244.0,4656.0,4757.0,4831.0,4845.0,4909.0,4937.0,4886.0,4900.0,4845.0,4845.0,4785.0,4656.0,4665.0,4578.0,4523.0,4486.0,4380.0,4334.0,4274.0,4140.0,4126.0,4062.0,3956.0,3933.0,3827.0,3767.0,3693.0,3638.0,3578.0,3472.0,3394.0,3399.0,3307.0,3274.0,3214.0,3095.0,3095.0,3021.0,2943.0,2924.0,-,3817.0,4465.0,5181.0,5593.0,5907.0,5917.0,5809.0,5583.0,5642.0,6663.0,9234.0,11687.0,13189.0,12718.0,11432.0,10353.0,9077.0,8145.0,6584.0,5495.0,4700.0,4062.0,3797.0,3640.0,3581.0,3689.0,3758.0,4111.0,4563.0,5495.0,7036.0,8930.0,10893.0,12031.0,12404.0,12188.0,11452.0,10628.0,9617.0,8253.0,6977.0,5829.0,4896.0,4406.0,4102.0,3788.0,3768.0,3611.0,3719.0,3631.0
Nov18_2025,492,---,5515.0,6943.0,8673.0,10290.0,11582.0,12082.0,11785.0,10842.0,9541.0,8258.0,4643.0,4756.0,4803.0,4827.0,4879.0,4912.0,4860.0,4897.0,4808.0,4808.0,4761.0,4648.0,4657.0,4567.0,4501.0,4478.0,4369.0,4318.0,4252.0,4138.0,4110.0,4049.0,3950.0,3926.0,3799.0,3742.0,3681.0,3620.0,3573.0,3460.0,3384.0,3398.0,3295.0,3271.0,3214.0,3087.0,3092.0,3007.0,2946.0,2932.0,-,3989.0,4654.0,5308.0,5786.0,6098.0,5973.0,5932.0,5817.0,5817.0,6815.0,9142.0,11646.0,13079.0,12664.0,11375.0,10337.0,9121.0,8113.0,6617.0,5620.0,4820.0,4228.0,3958.0,3833.0,3729.0,3854.0,3895.0,4259.0,4685.0,5485.0,7054.0,8809.0,10804.0,11739.0,12020.0,11968.0,11417.0,10503.0,9609.0,8217.0,6939.0,5921.0,5028.0,4550.0,4228.0,3989.0,4010.0,3802.0,3895.0,3843.0
Nov18_2025,492,---,5502.0,6928.0,8691.0,10276.0,11586.0,12076.0,11768.0,10840.0,9558.0,8271.0,4644.0,4737.0,4807.0,4821.0,4891.0,4928.0,4867.0,4886.0,4816.0,4797.0,4755.0,4648.0,4653.0,4555.0,4504.0,4462.0,4364.0,4317.0,4247.0,4140.0,4112.0,4047.0,3944.0,3926.0,3804.0,3739.0,3678.0,3618.0,3562.0,3464.0,3385.0,3385.0,3287.0,3254.0,3203.0,3082.0,3082.0,2998.0,2928.0,2918.0,-,3962.0,4587.0,5232.0,5734.0,6113.0,6041.0,5918.0,5744.0,5734.0,6758.0,9082.0,11632.0,13138.0,12728.0,11397.0,10321.0,9205.0,8120.0,6707.0,5550.0,4782.0,4167.0,3932.0,3819.0,3635.0,3870.0,3870.0,4259.0,4608.0,5468.0,6983.0,8837.0,10649.0,11868.0,12277.0,12021.0,11335.0,10475.0,9687.0,8253.0,6953.0,5908.0,5007.0,4526.0,4167.0,3973.0,3942.0,3717.0,3768.0,3768.0
Nov18_2025,492,---,5500.0,6935.0,8685.0,10285.0,11593.0,12078.0,11772.0,10845.0,9546.0,8257.0,4643.0,4747.0,4803.0,4827.0,4869.0,4921.0,4851.0,4874.0,4818.0,4789.0,4761.0,4648.0,4658.0,4554.0,4502.0,4479.0,4356.0,4314.0,4253.0,4135.0,4102.0,4051.0,3952.0,3924.0,3806.0,3750.0,3684.0,3627.0,3561.0,3467.0,3382.0,3401.0,3307.0,3265.0,3208.0,3086.0,3086.0,3015.0,2950.0,2926.0,-,4001.0,4631.0,5407.0,5779.0,5975.0,5955.0,5903.0,5748.0,5841.0,6699.0,9191.0,11610.0,13171.0,12706.0,11321.0,10287.0,9170.0,8105.0,6647.0,5572.0,4797.0,4197.0,3918.0,3815.0,3711.0,3877.0,3887.0,4290.0,4631.0,5510.0,6927.0,8767.0,10711.0,11744.0,12230.0,11910.0,11197.0,10545.0,9615.0,8198.0,6947.0,5882.0,5066.0,4590.0,4197.0,3990.0,4073.0,3804.0,3804.0,3804.0
Nov18_2025,499,---,5495.0,6931.0,8690.0,10297.0,11584.0,12061.0,11788.0,10848.0,9542.0,8255.0,4653.0,4759.0,4829.0,4847.0,4907.0,4940.0,4884.0,4912.0,4847.0,4824.0,4769.0,4667.0,4676.0,4569.0,4509.0,4481.0,4380.0,4329.0,4273.0,4148.0,4120.0,4069.0,3958.0,3935.0,3810.0,3759.0,3685.0,3634.0,3565.0,3472.0,3379.0,3384.0,3301.0,3268.0,3204.0,3074.0,3074.0,3004.0,2935.0,2916.0,-,3867.0,4495.0,5213.0,5572.0,5930.0,5851.0,5851.0,5651.0,5741.0,6568.0,9260.0,11652.0,13217.0,12709.0,11323.0,10326.0,9200.0,8133.0,6598.0,5562.0,4724.0,4056.0,3797.0,3688.0,3568.0,3727.0,3847.0,4146.0,4515.0,5492.0,6927.0,8741.0,10705.0,11782.0,12190.0,12051.0,11323.0,10565.0,9619.0,8133.0,6917.0,5781.0,4924.0,4435.0,4086.0,3827.0,3887.0,3668.0,3708.0,3668.0
Nov18_2025,499,---,5499.0,6933.0,8696.0,10301.0,11600.0,12056.0,11776.0,10841.0,9538.0,8254.0,4657.0,4755.0,4820.0,4857.0,4909.0,4941.0,4895.0,4913.0,4834.0,4825.0,4774.0,4667.0,4681.0,4578.0,4508.0,4480.0,4387.0,4336.0,4271.0,4145.0,4131.0,4062.0,3969.0,3931.0,3815.0,3759.0,3694.0,3629.0,3573.0,3485.0,3392.0,3387.0,3308.0,3266.0,3215.0,3084.0,3084.0,3015.0,2940.0,2922.0,-,3898.0,4568.0,5278.0,5608.0,5958.0,5948.0,5778.0,5598.0,5648.0,6717.0,9186.0,11586.0,13185.0,12785.0,11376.0,10386.0,9126.0,8107.0,6597.0,5608.0,4728.0,4078.0,3838.0,3738.0,3638.0,3738.0,3838.0,4118.0,4538.0,5478.0,6907.0,8737.0,10696.0,11786.0,12315.0,11986.0,11356.0,10586.0,9756.0,8257.0,6947.0,5858.0,4928.0,4478.0,4088.0,3948.0,3838.0,3678.0,3678.0,3678.0
Nov18_2025,499,---,5495.0,6936.0,8688.0,10301.0,11575.0,12071.0,11774.0,10843.0,9559.0,8248.0,4652.0,4759.0,4814.0,4851.0,4902.0,4939.0,4879.0,4907.0,4842.0,4837.0,4777.0,4666.0,4675.0,4578.0,4513.0,4476.0,4383.0,4332.0,4272.0,4151.0,4128.0,4068.0,3971.0,3938.0,3818.0,3758.0,3688.0,3632.0,3568.0,3475.0,3387.0,3387.0,3299.0,3262.0,3206.0,3081.0,3086.0,3002.0,2942.0,2924.0,-,3954.0,4588.0,5395.0,5722.0,6049.0,5957.0,5886.0,5732.0,5722.0,6816.0,9248.0,11608.0,13131.0,12702.0,11241.0,10311.0,9217.0,8052.0,6662.0,5661.0,4762.0,4108.0,3924.0,3760.0,3638.0,3781.0,3913.0,4220.0,4598.0,5405.0,6959.0,8737.0,10679.0,11670.0,12119.0,11935.0,11302.0,10597.0,9585.0,8267.0,6969.0,5876.0,4925.0,4435.0,4138.0,3934.0,3944.0,3750.0,3791.0,3791.0
Nov18_2025,957,---,5492.0,6933.0,8690.0,10285.0,11595.0,12057.0,11772.0,10854.0,9553.0,8257.0,4643.0,4746.0,4797.0,4821.0,4881.0,4909.0,4844.0,4886.0,4793.0,4783.0,4737.0,4625.0,4625.0,4517.0,4471.0,4434.0,4317.0,4275.0,4205.0,4093.0,4061.0,4000.0,3897.0,3860.0,3739.0,3683.0,3618.0,3552.0,3501.0,3389.0,3310.0,3319.0,3226.0,3193.0,3123.0,3002.0,3007.0,2937.0,2862.0,2839.0,-,3923.0,4527.0,5262.0,5634.0,5966.0,5966.0,5815.0,5694.0,5724.0,6620.0,9266.0,11641.0,13140.0,12586.0,11419.0,10433.0,9166.0,8220.0,6650.0,5533.0,4698.0,4155.0,3873.0,3783.0,3642.0,3732.0,3863.0,4155.0,4567.0,5443.0,6912.0,8582.0,10655.0,11600.0,12053.0,11963.0,11208.0,10443.0,9498.0,8049.0,6902.0,5785.0,4920.0,4457.0,4095.0,3893.0,3893.0,3722.0,3722.0,3732.0
Nov18_2025,957,---,5496.0,6939.0,8690.0,10282.0,11571.0,12080.0,11772.0,10838.0,9558.0,8265.0,4637.0,4739.0,4800.0,4819.0,4879.0,4907.0,4847.0,4875.0,4800.0,4781.0,4730.0,4623.0,4627.0,4534.0,4459.0,4431.0,4319.0,4277.0,4207.0,4076.0,4053.0,3992.0,3889.0,3857.0,3745.0,3679.0,3619.0,3549.0,3497.0,3394.0,3320.0,3315.0,3226.0,3189.0,3138.0,3011.0,3011.0,2937.0,2867.0,2834.0,-,3999.0,4641.0,5294.0,5770.0,6081.0,5967.0,5967.0,5791.0,5822.0,6786.0,9148.0,11551.0,13230.0,12608.0,11437.0,10225.0,9189.0,8143.0,6661.0,5584.0,4827.0,4164.0,3905.0,3812.0,3688.0,3854.0,3885.0,4278.0,4641.0,5470.0,6858.0,8650.0,10443.0,11582.0,11976.0,11790.0,11106.0,10370.0,9552.0,8122.0,6941.0,5957.0,4972.0,4537.0,4144.0,3967.0,3988.0,3760.0,3822.0,3812.0
Nov18_2025,957,---,5506.0,6940.0,8701.0,10285.0,11590.0,12069.0,11781.0,10835.0,9545.0,8250.0,4649.0,4746.0,4798.0,4821.0,4863.0,4914.0,4840.0,4881.0,4802.0,4779.0,4723.0,4625.0,4630.0,4527.0,4462.0,4425.0,4327.0,4276.0,4206.0,4076.0,4057.0,3992.0,3885.0,3861.0,3731.0,3675.0,3619.0,3554.0,3498.0,3400.0,3302.0,3312.0,3223.0,3186.0,3125.0,3004.0,3009.0,2934.0,2869.0,2841.0,-,4038.0,4568.0,5374.0,5711.0,6037.0,6027.0,5874.0,5711.0,5751.0,6720.0,9280.0,11717.0,13084.0,12656.0,11269.0,10351.0,9168.0,8087.0,6659.0,5609.0,4783.0,4109.0,3916.0,3783.0,3650.0,3844.0,3844.0,4211.0,4568.0,5425.0,6924.0,8678.0,10667.0,11585.0,11972.0,11819.0,11116.0,10432.0,9586.0,8168.0,6894.0,5853.0,4946.0,4517.0,4150.0,3916.0,3967.0,3732.0,3783.0,3803.0
Nov18_2025,964,---,5500.0,6943.0,8685.0,10297.0,11591.0,12076.0,11778.0,10837.0,9542.0,8247.0,4638.0,4727.0,4778.0,4806.0,4852.0,4890.0,4829.0,4848.0,4778.0,4764.0,4722.0,4601.0,4615.0,4503.0,4452.0,4410.0,4307.0,4261.0,4186.0,4061.0,4042.0,3977.0,3879.0,3846.0,3721.0,3674.0,3600.0,3539.0,3474.0,3385.0,3297.0,3301.0,3204.0,3176.0,3110.0,2989.0,2994.0,2924.0,2850.0,2836.0,-,4046.0,4696.0,5335.0,5744.0,6121.0,6100.0,5922.0,5849.0,5870.0,6729.0,9171.0,11561.0,13123.0,12651.0,11415.0,10251.0,9224.0,8071.0,6750.0,5670.0,4863.0,4192.0,3993.0,3857.0,3763.0,3909.0,3920.0,4287.0,4643.0,5524.0,6876.0,8584.0,10366.0,11561.0,11876.0,11572.0,10995.0,10220.0,9423.0,8029.0,6886.0,5859.0,5000.0,4528.0,4192.0,4014.0,4067.0,3846.0,3888.0,3867.0
Nov18_2025,964,---,5505.0,6933.0,8691.0,10295.0,11588.0,12076.0,11774.0,10848.0,9537.0,8254.0,4631.0,4724.0,4775.0,4799.0,4859.0,4896.0,4831.0,4864.0,4785.0,4766.0,4710.0,4608.0,4608.0,4506.0,4450.0,4403.0,4306.0,4259.0,4175.0,4064.0,4041.0,3975.0,3878.0,3850.0,3710.0,3664.0,3599.0,3538.0,3478.0,3380.0,3296.0,3301.0,3208.0,3176.0,3110.0,2990.0,2999.0,2915.0,2850.0,2827.0,-,3995.0,4651.0,5317.0,5806.0,6097.0,6024.0,5848.0,5775.0,5848.0,6815.0,9313.0,11602.0,13142.0,12622.0,11300.0,10301.0,9053.0,8085.0,6659.0,5671.0,4828.0,4162.0,3922.0,3829.0,3777.0,3829.0,3933.0,4266.0,4713.0,5504.0,6857.0,8626.0,10499.0,11498.0,11977.0,11800.0,11155.0,10353.0,9479.0,8095.0,6971.0,5900.0,4984.0,4526.0,4203.0,4006.0,4016.0,3829.0,3881.0,3839.0
Nov18_2025,964,---,5510.0,6946.0,8698.0,10287.0,11579.0,12067.0,11774.0,10849.0,9544.0,8252.0,4623.0,4725.0,4781.0,4799.0,4855.0,4888.0,4827.0,4846.0,4776.0,4762.0,4716.0,4595.0,4604.0,4502.0,4446.0,4409.0,4302.0,4251.0,4186.0,4061.0,4033.0,3968.0,3870.0,3842.0,3717.0,3661.0,3596.0,3531.0,3475.0,3378.0,3294.0,3289.0,3206.0,3168.0,3108.0,2987.0,2987.0,2918.0,2843.0,2825.0,-,4052.0,4675.0,5371.0,5814.0,6184.0,6089.0,6004.0,5846.0,5814.0,6859.0,9265.0,11598.0,13075.0,12600.0,11323.0,10194.0,9265.0,8062.0,6648.0,5582.0,4865.0,4263.0,4041.0,3873.0,3830.0,3915.0,3989.0,4379.0,4717.0,5572.0,6954.0,8706.0,10542.0,11640.0,11925.0,11651.0,11207.0,10279.0,9477.0,8052.0,6944.0,5899.0,5034.0,4590.0,4221.0,4052.0,4041.0,3852.0,3894.0,3915.0
Nov18_2025,971,---,5500.0,6958.0,8705.0,10312.0,11599.0,12064.0,11766.0,10819.0,9527.0,8245.0,4603.0,4715.0,4756.0,4780.0,4840.0,4882.0,4807.0,4840.0,4766.0,4742.0,4696.0,4580.0,4585.0,4487.0,4422.0,4389.0,4283.0,4236.0,4166.0,4046.0,4013.0,3962.0,3851.0,3827.0,3697.0,3646.0,3581.0,3516.0,3456.0,3367.0,3275.0,3288.0,3191.0,3158.0,3098.0,2982.0,2982.0,2908.0,2829.0,2810.0,-,4050.0,4736.0,5358.0,5770.0,6139.0,6075.0,5959.0,5738.0,5896.0,6856.0,9240.0,11645.0,13027.0,12584.0,11308.0,10242.0,9198.0,8111.0,6656.0,5685.0,4873.0,4219.0,4029.0,3913.0,3818.0,3924.0,3997.0,4293.0,4683.0,5527.0,6962.0,8681.0,10358.0,11529.0,11867.0,11476.0,11128.0,10105.0,9430.0,8111.0,6919.0,5907.0,5073.0,4556.0,4272.0,4050.0,4061.0,3881.0,3913.0,3881.0
Nov18_2025,971,---,5509.0,6948.0,8690.0,10292.0,11615.0,12080.0,11778.0,10827.0,9523.0,8243.0,4605.0,4703.0,4759.0,4778.0,4820.0,4862.0,4796.0,4815.0,4750.0,4736.0,4685.0,4578.0,4587.0,4480.0,4424.0,4387.0,4289.0,4228.0,4172.0,4047.0,4009.0,3949.0,3856.0,3828.0,3702.0,3651.0,3586.0,3530.0,3460.0,3371.0,3283.0,3283.0,3199.0,3166.0,3101.0,2985.0,2989.0,2915.0,2845.0,2822.0,-,4058.0,4678.0,5277.0,5690.0,6123.0,6020.0,5927.0,5772.0,5762.0,6743.0,9356.0,11669.0,13166.0,12567.0,11370.0,10213.0,9149.0,8106.0,6619.0,5566.0,4833.0,4151.0,3934.0,3810.0,3728.0,3872.0,3934.0,4285.0,4595.0,5504.0,7001.0,8633.0,10409.0,11576.0,11938.0,11597.0,10977.0,10244.0,9387.0,8034.0,6846.0,5834.0,4977.0,4471.0,4172.0,3934.0,3965.0,3800.0,3800.0,3800.0
Nov18_2025,971,---,5511.0,6958.0,8715.0,10310.0,11595.0,12057.0,11766.0,10818.0,9538.0,8238.0,4604.0,4711.0,4757.0,4776.0,4836.0,4882.0,4794.0,4831.0,4762.0,4739.0,4692.0,4572.0,4577.0,4475.0,4424.0,4387.0,4272.0,4235.0,4161.0,4027.0,4017.0,3953.0,3851.0,3823.0,3703.0,3643.0,3578.0,3518.0,3462.0,3361.0,3278.0,3278.0,3185.0,3157.0,3093.0,2972.0,2968.0,2898.0,2829.0,2811.0,-,3975.0,4654.0,5262.0,5777.0,6086.0,5942.0,5890.0,5736.0,5777.0,6755.0,9248.0,11627.0,13089.0,12687.0,11369.0,10247.0,9196.0,8135.0,6652.0,5643.0,4840.0,4150.0,3954.0,3851.0,3717.0,3820.0,3903.0,4222.0,4634.0,5530.0,6889.0,8661.0,10535.0,11575.0,12008.0,11874.0,11163.0,10422.0,9577.0,8105.0,6982.0,5890.0,4974.0,4500.0,4191.0,3954.0,3964.0,3759.0,3810.0,3800.0
Nov18_2025,978,---,5512.0,6943.0,8694.0,10301.0,11584.0,12061.0,11783.0,10834.0,9546.0,8249.0,4627.0,4724.0,4784.0,4789.0,4863.0,4886.0,4821.0,4849.0,4780.0,4757.0,4710.0,4590.0,4604.0,4497.0,4437.0,4414.0,4289.0,4247.0,4173.0,4062.0,4025.0,3960.0,3876.0,3835.0,3714.0,3654.0,3589.0,3538.0,3469.0,3372.0,3284.0,3288.0,3205.0,3163.0,3108.0,2983.0,2983.0,2913.0,2844.0,2816.0,-,3986.0,4579.0,5377.0,5714.0,6082.0,6000.0,5908.0,5673.0,5755.0,6685.0,9190.0,11715.0,13136.0,12645.0,11408.0,10314.0,9149.0,8086.0,6634.0,5550.0,4794.0,4089.0,3935.0,3792.0,3721.0,3792.0,3884.0,4262.0,4579.0,5509.0,6890.0,8668.0,10406.0,11612.0,11929.0,11653.0,11142.0,10304.0,9537.0,8045.0,6982.0,5888.0,4947.0,4569.0,4150.0,3986.0,3945.0,3761.0,3792.0,3802.0
Nov18_2025,978,---,5507.0,6943.0,8695.0,10293.0,11590.0,12073.0,11785.0,10832.0,9540.0,8244.0,4628.0,4721.0,4777.0,4791.0,4856.0,4884.0,4814.0,4847.0,4768.0,4754.0,4707.0,4591.0,4600.0,4503.0,4438.0,4396.0,4303.0,4247.0,4177.0,4052.0,4029.0,3964.0,3871.0,3838.0,3708.0,3657.0,3592.0,3527.0,3462.0,3378.0,3290.0,3294.0,3202.0,3169.0,3109.0,2992.0,2988.0,2909.0,2853.0,2830.0,-,3933.0,4648.0,5220.0,5721.0,6048.0,5987.0,5792.0,5792.0,5711.0,6722.0,9266.0,11626.0,13169.0,12658.0,11299.0,10298.0,9246.0,8071.0,6702.0,5588.0,4771.0,4117.0,3831.0,3759.0,3708.0,3780.0,3882.0,4209.0,4587.0,5506.0,6916.0,8694.0,10451.0,11759.0,11994.0,11882.0,11228.0,10308.0,9542.0,8122.0,6896.0,5884.0,4924.0,4454.0,4137.0,3923.0,3943.0,3729.0,3790.0,3759.0
Nov18_2025,978,---,5519.0,6944.0,8704.0,10291.0,11587.0,12069.0,11768.0,10835.0,9544.0,8253.0,4623.0,4730.0,4772.0,4790.0,4860.0,4888.0,4823.0,4841.0,4781.0,4758.0,4707.0,4600.0,4600.0,4503.0,4442.0,4405.0,4298.0,4247.0,4182.0,4062.0,4038.0,3969.0,3871.0,3843.0,3713.0,3658.0,3597.0,3528.0,3477.0,3374.0,3291.0,3296.0,3203.0,3170.0,3114.0,2998.0,2994.0,2910.0,2850.0,2836.0,-,3963.0,4576.0,5363.0,5710.0,6068.0,6027.0,5884.0,5751.0,5730.0,6589.0,9102.0,11656.0,13219.0,12687.0,11329.0,10450.0,9234.0,8121.0,6629.0,5577.0,4791.0,4147.0,3892.0,3759.0,3667.0,3769.0,3902.0,4208.0,4688.0,5485.0,6854.0,8673.0,10562.0,11656.0,11942.0,11839.0,11186.0,10328.0,9612.0,8039.0,6977.0,5853.0,5015.0,4515.0,4147.0,3922.0,3933.0,3759.0,3810.0,3800.0
Nov18_2025,985,---,5525.0,6947.0,8707.0,10297.0,11589.0,12071.0,11771.0,10826.0,9530.0,8257.0,4627.0,4725.0,4772.0,4791.0,4861.0,4889.0,4809.0,4847.0,4776.0,4753.0,4716.0,4594.0,4608.0,4505.0,4449.0,4407.0,4304.0,4257.0,4178.0,4061.0,4037.0,3976.0,3873.0,3850.0,3724.0,3668.0,3597.0,3541.0,3480.0,3382.0,3298.0,3312.0,3214.0,3181.0,3125.0,2999.0,3003.0,2928.0,2858.0,2835.0,-,4034.0,4677.0,5403.0,5694.0,6140.0,6036.0,5901.0,5798.0,5787.0,6741.0,9262.0,11648.0,13245.0,12623.0,11285.0,10299.0,9106.0,8111.0,6638.0,5673.0,4823.0,4221.0,3982.0,3858.0,3692.0,3920.0,3982.0,4252.0,4667.0,5486.0,6835.0,8640.0,10455.0,11544.0,12021.0,11616.0,11119.0,10341.0,9428.0,8100.0,6876.0,5818.0,4926.0,4584.0,4211.0,3993.0,4003.0,3785.0,3848.0,3837.0
Nov18_2025,985,---,5515.0,6948.0,8698.0,10294.0,11582.0,12072.0,11778.0,10835.0,9538.0,8250.0,4624.0,4722.0,4778.0,4797.0,4857.0,4890.0,4815.0,4853.0,4769.0,4755.0,4708.0,4596.0,4601.0,4507.0,4442.0,4414.0,4293.0,4255.0,4185.0,4069.0,4045.0,3975.0,3877.0,3840.0,3723.0,3672.0,3602.0,3541.0,3481.0,3392.0,3294.0,3308.0,3210.0,3173.0,3117.0,2995.0,2991.0,2930.0,2855.0,2832.0,-,4054.0,4668.0,5313.0,5749.0,6103.0,6020.0,5936.0,5812.0,5822.0,6820.0,9326.0,11749.0,13131.0,12653.0,11250.0,10199.0,9045.0,8089.0,6685.0,5573.0,4834.0,4210.0,3992.0,3826.0,3763.0,3826.0,3940.0,4283.0,4678.0,5583.0,6893.0,8713.0,10480.0,11478.0,11957.0,11686.0,11042.0,10387.0,9316.0,8078.0,6955.0,5822.0,5001.0,4522.0,4221.0,3992.0,4013.0,3826.0,3878.0,3847.0
Nov18_2025,985,---,5505.0,6939.0,8699.0,10296.0,11586.0,12083.0,11772.0,10829.0,9534.0,8258.0,4623.0,4720.0,4762.0,4799.0,4850.0,4883.0,4827.0,4860.0,4762.0,4753.0,4702.0,4595.0,4590.0,4507.0,4442.0,4405.0,4289.0,4247.0,4177.0,4057.0,4029.0,3968.0,3857.0,3843.0,3722.0,3662.0,3592.0,3532.0,3476.0,3379.0,3286.0,3295.0,3207.0,3175.0,3110.0,2989.0,2994.0,2919.0,2850.0,2831.0,-,4051.0,4755.0,5429.0,5802.0,6134.0,6102.0,5906.0,5760.0,5823.0,6755.0,9252.0,11573.0,13096.0,12703.0,11408.0,10278.0,9107.0,8030.0,6703.0,5615.0,4807.0,4196.0,3978.0,3823.0,3740.0,3854.0,3947.0,4258.0,4631.0,5491.0,6942.0,8672.0,10351.0,11625.0,11884.0,11770.0,11128.0,10330.0,9387.0,8019.0,6900.0,5864.0,4994.0,4476.0,4165.0,4051.0,4020.0,3792.0,3823.0,3813.0
Nov18_2025,992,---,5534.0,6958.0,8710.0,10296.0,11597.0,12073.0,11763.0,10811.0,9534.0,8253.0,4638.0,4738.0,4795.0,4815.0,4862.0,4881.0,4834.0,4853.0,4800.0,4776.0,4729.0,4610.0,4629.0,4524.0,4467.0,4424.0,4324.0,4276.0,4205.0,4086.0,4062.0,4005.0,3905.0,3881.0,3748.0,3695.0,3629.0,3567.0,3510.0,3414.0,3333.0,3333.0,3243.0,3200.0,3162.0,3038.0,3033.0,2967.0,2890.0,2871.0,-,4157.0,4778.0,5453.0,5850.0,6171.0,6139.0,6053.0,5817.0,5882.0,6857.0,9289.0,11614.0,13060.0,12535.0,11325.0,10285.0,9150.0,8057.0,6717.0,5657.0,4992.0,4285.0,4017.0,3942.0,3803.0,3953.0,4050.0,4350.0,4810.0,5667.0,6996.0,8742.0,10489.0,11464.0,11892.0,11775.0,11185.0,10167.0,9492.0,8110.0,6975.0,6000.0,5067.0,4650.0,4339.0,4092.0,4125.0,3910.0,3996.0,3985.0
Nov18_2025,992,---,5524.0,6968.0,8708.0,10309.0,11591.0,12073.0,11754.0,10819.0,9542.0,8231.0,4647.0,4733.0,4795.0,4823.0,4866.0,4885.0,4842.0,4857.0,4790.0,4775.0,4728.0,4609.0,4632.0,4528.0,4456.0,4428.0,4323.0,4285.0,4213.0,4084.0,4061.0,3994.0,3903.0,3875.0,3751.0,3698.0,3627.0,3570.0,3512.0,3412.0,3326.0,3331.0,3241.0,3212.0,3160.0,3031.0,3040.0,2964.0,2893.0,2869.0,-,4274.0,4974.0,5529.0,5973.0,6317.0,6206.0,6184.0,5906.0,5984.0,7039.0,9415.0,11624.0,13001.0,12457.0,11247.0,10159.0,9071.0,8016.0,6683.0,5651.0,5029.0,4463.0,4263.0,4085.0,3985.0,4108.0,4196.0,4552.0,4962.0,5651.0,7172.0,8815.0,10458.0,11558.0,11980.0,11613.0,11025.0,10347.0,9515.0,8049.0,6972.0,6062.0,5229.0,4763.0,4441.0,4252.0,4230.0,4052.0,4174.0,4108.0
Nov18_2025,992,---,5545.0,6970.0,8713.0,10304.0,11601.0,12075.0,11748.0,10815.0,9527.0,8244.0,4640.0,4730.0,4787.0,4806.0,4844.0,4886.0,4834.0,4853.0,4792.0,4768.0,4721.0,4612.0,4621.0,4522.0,4455.0,4432.0,4318.0,4276.0,4204.0,4081.0,4053.0,3996.0,3901.0,3873.0,3740.0,3688.0,3617.0,3565.0,3504.0,3409.0,3324.0,3328.0,3238.0,3201.0,3139.0,3025.0,3030.0,2954.0,2879.0,2874.0,-,4216.0,4772.0,5468.0,5875.0,6174.0,6131.0,6046.0,5821.0,5885.0,6966.0,9235.0,11696.0,13109.0,12488.0,11268.0,10273.0,9074.0,8122.0,6667.0,5661.0,4912.0,4291.0,4055.0,3948.0,3873.0,4002.0,4055.0,4387.0,4794.0,5639.0,6998.0,8668.0,10605.0,11493.0,11835.0,11707.0,11076.0,10273.0,9331.0,8122.0,6902.0,5971.0,5104.0,4644.0,4280.0,4087.0,4109.0,3895.0,3970.0,3959.0
Nov18_2025,999,---,5493.0,6926.0,8691.0,10292.0,11579.0,12088.0,11770.0,10837.0,9564.0,8250.0,4643.0,4752.0,4811.0,4834.0,4898.0,4930.0,4866.0,4902.0,4825.0,4811.0,4761.0,4643.0,4634.0,4534.0,4470.0,4443.0,4334.0,4284.0,4220.0,4093.0,4065.0,4006.0,3906.0,3870.0,3756.0,3702.0,3620.0,3556.0,3497.0,3401.0,3315.0,3315.0,3224.0,3192.0,3138.0,3006.0,3006.0,2928.0,2865.0,2842.0,-,4028.0,4631.0,5398.0,5725.0,6052.0,6001.0,5940.0,5755.0,5735.0,6819.0,9324.0,11777.0,13117.0,12544.0,11246.0,10274.0,9160.0,8025.0,6573.0,5551.0,4764.0,4130.0,3915.0,3782.0,3629.0,3793.0,3905.0,4212.0,4631.0,5561.0,7033.0,8731.0,10622.0,11655.0,12053.0,11828.0,11184.0,10366.0,9477.0,8066.0,6921.0,5858.0,4927.0,4498.0,4201.0,3936.0,3997.0,3762.0,3803.0,3793.0
Nov18_2025,999,---,5502.0,6948.0,8686.0,10292.0,11583.0,12085.0,11770.0,10835.0,9557.0,8239.0,4648.0,4744.0,4822.0,4836.0,4890.0,4918.0,4867.0,4895.0,4822.0,4808.0,4749.0,4626.0,4639.0,4539.0,4471.0,4439.0,4334.0,4288.0,4210.0,4092.0,4069.0,4001.0,3900.0,3873.0,3750.0,3681.0,3627.0,3563.0,3503.0,3403.0,3316.0,3316.0,3216.0,3189.0,3143.0,3015.0,3011.0,2938.0,2869.0,2855.0,-,3856.0,4470.0,5259.0,5590.0,5989.0,5892.0,5765.0,5629.0,5609.0,6671.0,9291.0,11716.0,13245.0,12768.0,11336.0,10196.0,9164.0,7947.0,6525.0,5453.0,4635.0,3993.0,3739.0,3584.0,3467.0,3642.0,3739.0,4090.0,4518.0,5434.0,6963.0,8852.0,10810.0,11862.0,12281.0,11988.0,11346.0,10654.0,9612.0,8171.0,6973.0,5785.0,4811.0,4363.0,3993.0,3769.0,3798.0,3574.0,3584.0,3622.0
Nov18_2025,999,---,5506.0,6943.0,8704.0,10286.0,11581.0,12084.0,11759.0,10821.0,9563.0,8255.0,4656.0,4761.0,4820.0,4848.0,4898.0,4926.0,4871.0,4894.0,4825.0,4811.0,4747.0,4637.0,4637.0,4532.0,4473.0,4436.0,4331.0,4290.0,4207.0,4102.0,4061.0,4015.0,3910.0,3878.0,3755.0,3695.0,3631.0,3572.0,3503.0,3407.0,3316.0,3320.0,3233.0,3197.0,3146.0,3014.0,3014.0,2936.0,2867.0,2854.0,-,3931.0,4519.0,5258.0,5637.0,6086.0,5906.0,5886.0,5707.0,5627.0,6844.0,9269.0,11694.0,13170.0,12761.0,11334.0,10207.0,9089.0,8082.0,6495.0,5457.0,4679.0,4031.0,3741.0,3691.0,3601.0,3771.0,3821.0,4160.0,4559.0,5477.0,6934.0,8780.0,10825.0,11664.0,12063.0,11953.0,11175.0,10406.0,9558.0,8141.0,6854.0,5767.0,4899.0,4430.0,4050.0,3831.0,3841.0,3671.0,3701.0,3701.0
