Oct16,0,---,5430.0,6825.0,8570.0,10172.0,11563.0,12103.0,11853.0,10944.0,9631.0,8334.0,4722.0,4830.0,4899.0,4924.0,4992.0,5017.0,4963.0,5002.0,4948.0,4938.0,4889.0,4781.0,4811.0,4712.0,4653.0,4634.0,4540.0,4501.0,4432.0,4304.0,4304.0,4231.0,4127.0,4118.0,3995.0,3941.0,3877.0,3823.0,3764.0,3661.0,3582.0,3592.0,3494.0,3469.0,3420.0,3292.0,3292.0,3213.0,3140.0,3120.0,-,1758.0,2299.0,3016.0,3480.0,3879.0,3923.0,3732.0,3573.0,3492.0,4302.0,6988.0,9463.0,10969.0,10937.0,9638.0,8572.0,7456.0,6398.0,4937.0,3671.0,2865.0,2079.0,1717.0,1583.0,1497.0,1599.0,1668.0,1917.0,2336.0,3227.0,4754.0,6874.0,9406.0,10977.0,11718.0,11751.0,11283.0,10412.0,9532.0,8043.0,6488.0,4945.0,3659.0,2800.0,2238.0,1896.0,1790.0,1640.0,1615.0,1558.0
oct16,50,---,5492.0,6871.0,8602.0,10201.0,11559.0,12106.0,11822.0,10906.0,9607.0,8323.0,4735.0,4840.0,4893.0,4914.0,4966.0,5003.0,4950.0,4998.0,4924.0,4924.0,4877.0,4766.0,4793.0,4703.0,4635.0,4619.0,4524.0,4487.0,4419.0,4309.0,4293.0,4235.0,4140.0,4124.0,3998.0,3951.0,3888.0,3830.0,3788.0,3693.0,3609.0,3635.0,3540.0,3504.0,3467.0,3335.0,3335.0,3267.0,3193.0,3188.0,-,1795.0,2369.0,3097.0,3573.0,3941.0,3962.0,3792.0,3594.0,3519.0,4433.0,7060.0,9583.0,11159.0,11076.0,9670.0,8627.0,7370.0,6328.0,4917.0,3652.0,2837.0,2109.0,1766.0,1613.0,1522.0,1642.0,1699.0,1948.0,2374.0,3259.0,4752.0,6973.0,9446.0,10977.0,11663.0,11816.0,11262.0,10385.0,9463.0,8011.0,6348.0,4880.0,3639.0,2800.0,2245.0,1927.0,1840.0,1679.0,1642.0,1608.0
oct16,100,---,5411.0,6829.0,8586.0,10203.0,11558.0,12105.0,11834.0,10934.0,9641.0,8305.0,4704.0,4811.0,4864.0,4893.0,4941.0,4990.0,4932.0,4966.0,4912.0,4903.0,4849.0,4743.0,4757.0,4666.0,4617.0,4588.0,4477.0,4443.0,4370.0,4259.0,4249.0,4177.0,4085.0,4056.0,3935.0,3886.0,3818.0,3770.0,3693.0,3606.0,3523.0,3533.0,3441.0,3412.0,3354.0,3228.0,3223.0,3155.0,3083.0,3068.0,-,1754.0,2319.0,3052.0,3549.0,3845.0,3953.0,3785.0,3589.0,3525.0,4358.0,7142.0,9614.0,11132.0,11060.0,9742.0,8653.0,7423.0,6461.0,4979.0,3693.0,2808.0,2111.0,1698.0,1574.0,1478.0,1594.0,1658.0,1934.0,2319.0,3260.0,4743.0,6902.0,9370.0,10952.0,11653.0,11781.0,11261.0,10451.0,9566.0,8060.0,6421.0,4879.0,3621.0,2756.0,2219.0,1882.0,1782.0,1582.0,1582.0,1550.0
oct16,150,---,5436.0,6845.0,8585.0,10202.0,11557.0,12099.0,11838.0,10921.0,9630.0,8319.0,4711.0,4810.0,4884.0,4903.0,4953.0,4997.0,4943.0,4963.0,4913.0,4889.0,4849.0,4746.0,4760.0,4662.0,4613.0,4593.0,4484.0,4445.0,4376.0,4258.0,4233.0,4189.0,4085.0,4056.0,3932.0,3878.0,3824.0,3755.0,3711.0,3612.0,3518.0,3538.0,3440.0,3415.0,3361.0,3238.0,3238.0,3159.0,3090.0,3075.0,-,1913.0,2509.0,3213.0,3711.0,4024.0,4038.0,3921.0,3702.0,3684.0,4571.0,7386.0,9869.0,11348.0,11267.0,9838.0,8740.0,7529.0,6337.0,4943.0,3702.0,2890.0,2218.0,1873.0,1721.0,1631.0,1748.0,1815.0,2079.0,2505.0,3348.0,4818.0,7068.0,9443.0,10972.0,11783.0,11832.0,11155.0,10340.0,9452.0,7951.0,6369.0,4943.0,3657.0,2873.0,2339.0,2030.0,1936.0,1783.0,1743.0,1721.0
oct16,200,---,5439.0,6856.0,8598.0,10217.0,11555.0,12093.0,11817.0,10918.0,9620.0,8322.0,4694.0,4792.0,4842.0,4866.0,4911.0,4950.0,4906.0,4926.0,4862.0,4857.0,4822.0,4713.0,4728.0,4635.0,4570.0,4551.0,4457.0,4403.0,4348.0,4220.0,4200.0,4146.0,4057.0,4022.0,3904.0,3850.0,3781.0,3731.0,3687.0,3583.0,3499.0,3509.0,3420.0,3391.0,3331.0,3208.0,3218.0,3139.0,3075.0,3050.0,-,2059.0,2617.0,3361.0,3860.0,4231.0,4197.0,4021.0,3835.0,3835.0,4706.0,7500.0,9921.0,11604.0,11428.0,10073.0,8894.0,7666.0,6550.0,5112.0,3791.0,3033.0,2304.0,1966.0,1868.0,1785.0,1873.0,1956.0,2196.0,2602.0,3454.0,4926.0,7045.0,9456.0,11061.0,11766.0,11775.0,11095.0,10322.0,9461.0,8013.0,6448.0,4965.0,3742.0,2969.0,2431.0,2186.0,2064.0,1893.0,1883.0,1878.0
oct16,250,---,5425.0,6847.0,8586.0,10220.0,11564.0,12108.0,11843.0,10904.0,9617.0,8307.0,4698.0,4794.0,4861.0,4890.0,4943.0,4987.0,4924.0,4963.0,4890.0,4890.0,4852.0,4722.0,4751.0,4649.0,4592.0,4558.0,4461.0,4423.0,4355.0,4230.0,4211.0,4153.0,4052.0,4023.0,3907.0,3849.0,3787.0,3719.0,3671.0,3570.0,3488.0,3498.0,3406.0,3368.0,3324.0,3194.0,3194.0,3122.0,3045.0,3035.0,-,1746.0,2329.0,3049.0,3600.0,3926.0,3914.0,3757.0,3540.0,3560.0,4429.0,7294.0,9780.0,11245.0,11136.0,9885.0,8746.0,7479.0,6433.0,5009.0,3689.0,2820.0,2055.0,1709.0,1585.0,1472.0,1581.0,1669.0,1923.0,2353.0,3214.0,4787.0,6964.0,9418.0,11060.0,11663.0,11756.0,11205.0,10416.0,9438.0,8075.0,6433.0,4848.0,3633.0,2747.0,2212.0,1891.0,1774.0,1617.0,1573.0,1565.0
oct16,300,---,5456.0,6856.0,8618.0,10206.0,11576.0,12095.0,11823.0,10913.0,9597.0,8311.0,4699.0,4798.0,4863.0,4873.0,4932.0,4967.0,4912.0,4947.0,4892.0,4873.0,4833.0,4714.0,4734.0,4645.0,4586.0,4551.0,4442.0,4407.0,4338.0,4219.0,4195.0,4145.0,4046.0,4036.0,3908.0,3843.0,3784.0,3725.0,3665.0,3581.0,3477.0,3507.0,3408.0,3378.0,3319.0,3195.0,3200.0,3121.0,3062.0,3037.0,-,1881.0,2451.0,3183.0,3645.0,4019.0,4037.0,3876.0,3688.0,3619.0,4625.0,7290.0,9803.0,11388.0,11144.0,9925.0,8740.0,7569.0,6428.0,5043.0,3736.0,2904.0,2168.0,1803.0,1668.0,1602.0,1737.0,1772.0,2029.0,2460.0,3275.0,4803.0,7037.0,9424.0,11036.0,11706.0,11850.0,11144.0,10356.0,9407.0,8035.0,6419.0,4903.0,3636.0,2835.0,2299.0,1977.0,1898.0,1742.0,1702.0,1685.0
oct16,350,---,5472.0,6861.0,8611.0,10206.0,11579.0,12102.0,11820.0,10900.0,9617.0,8299.0,4708.0,4818.0,4874.0,4894.0,4949.0,4989.0,4929.0,4964.0,4904.0,4894.0,4839.0,4743.0,4773.0,4647.0,4602.0,4577.0,4481.0,4441.0,4366.0,4255.0,4235.0,4180.0,4074.0,4054.0,3933.0,3883.0,3822.0,3757.0,3717.0,3611.0,3526.0,3541.0,3450.0,3420.0,3360.0,3244.0,3249.0,3169.0,3103.0,3088.0,-,1784.0,2363.0,3099.0,3621.0,3901.0,3950.0,3814.0,3613.0,3572.0,4538.0,7370.0,9812.0,11316.0,11230.0,9931.0,8710.0,7497.0,6441.0,4941.0,3666.0,2811.0,2096.0,1747.0,1607.0,1500.0,1623.0,1710.0,1964.0,2367.0,3222.0,4764.0,7033.0,9471.0,10983.0,11649.0,11773.0,11246.0,10322.0,9516.0,8003.0,6416.0,4920.0,3654.0,2758.0,2236.0,1915.0,1821.0,1640.0,1636.0,1586.0
oct16,400,---,5428.0,6854.0,8612.0,10226.0,11555.0,12090.0,11825.0,10905.0,9605.0,8323.0,4667.0,4773.0,4826.0,4850.0,4908.0,4937.0,4889.0,4918.0,4860.0,4845.0,4783.0,4686.0,4701.0,4600.0,4547.0,4508.0,4417.0,4364.0,4306.0,4176.0,4161.0,4099.0,4007.0,3978.0,3858.0,3805.0,3733.0,3670.0,3627.0,3521.0,3434.0,3448.0,3357.0,3323.0,3265.0,3135.0,3145.0,3063.0,3005.0,2986.0,-,1827.0,2415.0,3129.0,3637.0,3965.0,3995.0,3856.0,3637.0,3616.0,4583.0,7351.0,9859.0,11376.0,11355.0,9922.0,8700.0,7523.0,6444.0,4982.0,3717.0,2890.0,2129.0,1755.0,1634.0,1545.0,1671.0,1747.0,1982.0,2394.0,3230.0,4810.0,6990.0,9431.0,10951.0,11741.0,11766.0,11237.0,10388.0,9481.0,8011.0,6385.0,4898.0,3612.0,2776.0,2268.0,1911.0,1835.0,1680.0,1634.0,1613.0
oct16,450,---,5422.0,6840.0,8593.0,10232.0,11568.0,12105.0,11827.0,10907.0,9618.0,8306.0,4684.0,4790.0,4852.0,4876.0,4934.0,4967.0,4900.0,4934.0,4871.0,4857.0,4814.0,4699.0,4713.0,4613.0,4555.0,4526.0,4421.0,4378.0,4316.0,4191.0,4162.0,4114.0,3999.0,3975.0,3851.0,3798.0,3741.0,3678.0,3621.0,3525.0,3434.0,3444.0,3348.0,3324.0,3257.0,3137.0,3142.0,3065.0,2993.0,2984.0,-,1762.0,2336.0,3047.0,3593.0,3874.0,3926.0,3790.0,3601.0,3525.0,4476.0,7323.0,9764.0,11258.0,11185.0,9760.0,8672.0,7479.0,6460.0,4986.0,3657.0,2834.0,2051.0,1730.0,1565.0,1477.0,1601.0,1650.0,1903.0,2312.0,3211.0,4725.0,6994.0,9447.0,10964.0,11623.0,11755.0,11241.0,10418.0,9523.0,8029.0,6367.0,4894.0,3553.0,2746.0,2192.0,1875.0,1762.0,1605.0,1605.0,1549.0
oct16,500,---,5432.0,6840.0,8606.0,10222.0,11568.0,12108.0,11828.0,10907.0,9609.0,8307.0,4703.0,4800.0,4838.0,4882.0,4935.0,4959.0,4906.0,4939.0,4882.0,4862.0,4809.0,4698.0,4718.0,4616.0,4568.0,4539.0,4428.0,4375.0,4312.0,4187.0,4168.0,4110.0,4013.0,3984.0,3859.0,3806.0,3743.0,3685.0,3622.0,3521.0,3439.0,3439.0,3347.0,3323.0,3261.0,3135.0,3140.0,3053.0,2995.0,2971.0,-,1825.0,2446.0,3161.0,3667.0,3977.0,4012.0,3841.0,3646.0,3586.0,4539.0,7377.0,9874.0,11440.0,11219.0,9832.0,8777.0,7543.0,6471.0,4982.0,3701.0,2850.0,2110.0,1774.0,1637.0,1552.0,1684.0,1744.0,1986.0,2386.0,3267.0,4782.0,6990.0,9483.0,11019.0,11687.0,11908.0,11155.0,10317.0,9462.0,7977.0,6356.0,4901.0,3578.0,2820.0,2263.0,1974.0,1863.0,1701.0,1659.0,1637.0
oct16,550,---,5418.0,6852.0,8590.0,10225.0,11561.0,12104.0,11835.0,10910.0,9608.0,8311.0,4708.0,4801.0,4860.0,4884.0,4943.0,4973.0,4914.0,4948.0,4889.0,4880.0,4826.0,4713.0,4733.0,4630.0,4566.0,4537.0,4449.0,4400.0,4331.0,4204.0,4189.0,4121.0,4023.0,4003.0,3886.0,3817.0,3754.0,3695.0,3636.0,3538.0,3455.0,3460.0,3372.0,3338.0,3274.0,3162.0,3152.0,3088.0,3010.0,2995.0,-,1764.0,2354.0,3080.0,3594.0,3979.0,4007.0,3834.0,3565.0,3569.0,4496.0,7316.0,9827.0,11287.0,11215.0,9847.0,8756.0,7521.0,6506.0,5062.0,3694.0,2815.0,2117.0,1724.0,1568.0,1476.0,1580.0,1668.0,1901.0,2330.0,3225.0,4749.0,7035.0,9434.0,11022.0,11620.0,11744.0,11203.0,10485.0,9458.0,7994.0,6417.0,4833.0,3594.0,2759.0,2202.0,1873.0,1772.0,1612.0,1604.0,1568.0
oct16,600,---,5503.0,6892.0,8619.0,10208.0,11568.0,12114.0,11808.0,10893.0,9585.0,8308.0,4695.0,4797.0,4859.0,4874.0,4930.0,4966.0,4910.0,4940.0,4869.0,4859.0,4808.0,4695.0,4711.0,4624.0,4557.0,4537.0,4435.0,4389.0,4322.0,4205.0,4189.0,4138.0,4026.0,4011.0,3888.0,3832.0,3765.0,3709.0,3658.0,3561.0,3474.0,3489.0,3392.0,3372.0,3331.0,3203.0,3203.0,3127.0,3065.0,3050.0,-,1847.0,2465.0,3168.0,3687.0,3995.0,4064.0,3863.0,3631.0,3627.0,4579.0,7293.0,9878.0,11464.0,11237.0,9904.0,8673.0,7533.0,6452.0,5007.0,3717.0,2902.0,2182.0,1800.0,1659.0,1569.0,1702.0,1740.0,2002.0,2422.0,3288.0,4806.0,7053.0,9462.0,10886.0,11726.0,11863.0,11224.0,10354.0,9445.0,7983.0,6444.0,4900.0,3614.0,2812.0,2263.0,1976.0,1852.0,1710.0,1689.0,1642.0
oct16,650,---,5441.0,6863.0,8606.0,10234.0,11569.0,12098.0,11824.0,10907.0,9591.0,8304.0,4682.0,4774.0,4831.0,4855.0,4913.0,4951.0,4884.0,4918.0,4855.0,4841.0,4783.0,4682.0,4687.0,4586.0,4529.0,4500.0,4399.0,4346.0,4284.0,4164.0,4130.0,4082.0,3976.0,3952.0,3818.0,3775.0,3707.0,3635.0,3578.0,3482.0,3400.0,3410.0,3318.0,3285.0,3222.0,3097.0,3102.0,3025.0,2963.0,2944.0,-,1813.0,2393.0,3125.0,3643.0,3987.0,3982.0,3854.0,3647.0,3568.0,4512.0,7353.0,9940.0,11393.0,11323.0,9895.0,8744.0,7589.0,6429.0,4968.0,3709.0,2852.0,2115.0,1743.0,1610.0,1519.0,1618.0,1705.0,1979.0,2384.0,3245.0,4794.0,6980.0,9472.0,11062.0,11725.0,11770.0,11178.0,10346.0,9460.0,8003.0,6355.0,4844.0,3581.0,2786.0,2268.0,1925.0,1813.0,1668.0,1631.0,1614.0
oct16,700,---,5444.0,6865.0,8615.0,10250.0,11575.0,12114.0,11819.0,10894.0,9583.0,8281.0,4658.0,4762.0,4820.0,4834.0,4882.0,4920.0,4872.0,4886.0,4824.0,4801.0,4758.0,4648.0,4672.0,4562.0,4510.0,4467.0,4367.0,4319.0,4257.0,4119.0,4109.0,4052.0,3942.0,3919.0,3785.0,3742.0,3671.0,3613.0,3547.0,3456.0,3366.0,3370.0,3275.0,3251.0,3199.0,3060.0,3079.0,2989.0,2932.0,2908.0,-,1861.0,2456.0,3185.0,3667.0,4055.0,4042.0,3922.0,3659.0,3633.0,4620.0,7469.0,9977.0,11541.0,11378.0,9930.0,8796.0,7611.0,6555.0,4995.0,3723.0,2857.0,2150.0,1805.0,1655.0,1581.0,1676.0,1745.0,2012.0,2422.0,3314.0,4822.0,6964.0,9443.0,10964.0,11701.0,11955.0,11270.0,10330.0,9391.0,7977.0,6339.0,4870.0,3628.0,2797.0,2254.0,1939.0,1866.0,1723.0,1685.0,1655.0
oct16,750,---,5441.0,6851.0,8626.0,10241.0,11570.0,12097.0,11812.0,10896.0,9609.0,8294.0,4662.0,4747.0,4819.0,4842.0,4880.0,4928.0,4861.0,4890.0,4838.0,4809.0,4752.0,4657.0,4662.0,4553.0,4510.0,4462.0,4353.0,4315.0,4244.0,4116.0,4102.0,4045.0,3935.0,3916.0,3788.0,3731.0,3665.0,3603.0,3546.0,3456.0,3356.0,3366.0,3276.0,3238.0,3181.0,3062.0,3062.0,2986.0,2919.0,2896.0,-,1841.0,2449.0,3171.0,3725.0,4041.0,4083.0,3902.0,3653.0,3627.0,4658.0,7500.0,10000.0,11597.0,11419.0,10055.0,8856.0,7597.0,6482.0,5055.0,3695.0,2905.0,2158.0,1769.0,1634.0,1562.0,1685.0,1756.0,1972.0,2394.0,3306.0,4780.0,7023.0,9392.0,11027.0,11766.0,11778.0,11263.0,10338.0,9439.0,7969.0,6364.0,4894.0,3585.0,2800.0,2259.0,1951.0,1845.0,1706.0,1647.0,1621.0
oct16,800,---,5500.0,6899.0,8631.0,10232.0,11586.0,12091.0,11813.0,10874.0,9581.0,8288.0,4682.0,4778.0,4828.0,4848.0,4904.0,4949.0,4874.0,4894.0,4838.0,4823.0,4767.0,4661.0,4682.0,4570.0,4510.0,4485.0,4389.0,4343.0,4283.0,4161.0,4141.0,4081.0,3980.0,3954.0,3828.0,3777.0,3722.0,3661.0,3606.0,3505.0,3429.0,3434.0,3343.0,3318.0,3262.0,3141.0,3156.0,3070.0,3010.0,2995.0,-,1824.0,2406.0,3121.0,3678.0,4048.0,3990.0,3882.0,3637.0,3620.0,4535.0,7515.0,9955.0,11510.0,11402.0,10034.0,8779.0,7611.0,6526.0,5017.0,3699.0,2847.0,2124.0,1754.0,1617.0,1533.0,1608.0,1691.0,1953.0,2406.0,3275.0,4797.0,7037.0,9510.0,11078.0,11701.0,11772.0,11202.0,10279.0,9406.0,8010.0,6380.0,4851.0,3603.0,2772.0,2232.0,1928.0,1804.0,1662.0,1654.0,1604.0
oct16,850,---,5421.0,6853.0,8614.0,10232.0,11567.0,12117.0,11821.0,10888.0,9608.0,8295.0,4621.0,4732.0,4801.0,4824.0,4880.0,4908.0,4852.0,4871.0,4815.0,4787.0,4741.0,4626.0,4626.0,4529.0,4473.0,4436.0,4330.0,4279.0,4210.0,4090.0,4062.0,4002.0,3895.0,3872.0,3748.0,3692.0,3627.0,3563.0,3507.0,3406.0,3313.0,3318.0,3225.0,3198.0,3147.0,3013.0,3013.0,2943.0,2874.0,2851.0,-,1802.0,2358.0,3102.0,3641.0,3997.0,4009.0,3858.0,3609.0,3605.0,4590.0,7434.0,9936.0,11436.0,11403.0,9940.0,8906.0,7659.0,6539.0,5027.0,3727.0,2865.0,2072.0,1704.0,1577.0,1508.0,1598.0,1688.0,1904.0,2374.0,3241.0,4782.0,6952.0,9474.0,11040.0,11706.0,11767.0,11240.0,10369.0,9425.0,8023.0,6372.0,4839.0,3556.0,2758.0,2203.0,1900.0,1810.0,1634.0,1598.0,1557.0
oct16,900,---,5461.0,6866.0,8638.0,10234.0,11577.0,12107.0,11820.0,10889.0,9589.0,8275.0,4663.0,4768.0,4811.0,4830.0,4892.0,4921.0,4864.0,4902.0,4835.0,4821.0,4763.0,4649.0,4668.0,4577.0,4500.0,4467.0,4367.0,4309.0,4247.0,4128.0,4104.0,4047.0,3932.0,3918.0,3784.0,3726.0,3664.0,3607.0,3550.0,3444.0,3358.0,3373.0,3268.0,3239.0,3177.0,3053.0,3062.0,2981.0,2924.0,2905.0,-,1895.0,2454.0,3241.0,3808.0,4062.0,4114.0,3920.0,3735.0,3722.0,4690.0,7579.0,10085.0,11671.0,11495.0,10055.0,8886.0,7592.0,6517.0,5042.0,3727.0,2867.0,2158.0,1792.0,1672.0,1577.0,1676.0,1771.0,1994.0,2428.0,3331.0,4857.0,7020.0,9470.0,10983.0,11706.0,11856.0,11168.0,10386.0,9406.0,8000.0,6371.0,4905.0,3602.0,2820.0,2299.0,1938.0,1874.0,1715.0,1693.0,1650.0
oct16,950,---,5437.0,6875.0,8628.0,10242.0,11580.0,12094.0,11818.0,10880.0,9589.0,8290.0,4661.0,4761.0,4823.0,4842.0,4890.0,4909.0,4866.0,4885.0,4833.0,4818.0,4766.0,4656.0,4666.0,4556.0,4499.0,4466.0,4356.0,4309.0,4247.0,4114.0,4085.0,4033.0,3933.0,3909.0,3780.0,3709.0,3656.0,3590.0,3533.0,3437.0,3347.0,3352.0,3261.0,3223.0,3161.0,3047.0,3037.0,2971.0,2899.0,2885.0,-,1938.0,2572.0,3336.0,3885.0,4216.0,4216.0,4073.0,3791.0,3845.0,4836.0,7838.0,10504.0,12108.0,11884.0,10339.0,9240.0,7945.0,6788.0,5216.0,3885.0,3005.0,2224.0,1884.0,1715.0,1643.0,1750.0,1844.0,2076.0,2541.0,3389.0,4993.0,7360.0,9781.0,11339.0,12219.0,12210.0,11616.0,10732.0,9745.0,8284.0,6605.0,5087.0,3693.0,2920.0,2358.0,2032.0,1933.0,1773.0,1755.0,1719.0
oct16,1000,---,5446.0,6874.0,8609.0,10234.0,11566.0,12123.0,11816.0,10888.0,9599.0,8287.0,4658.0,4749.0,4807.0,4831.0,4879.0,4917.0,4860.0,4888.0,4821.0,4807.0,4754.0,4643.0,4648.0,4542.0,4489.0,4451.0,4355.0,4297.0,4230.0,4110.0,4090.0,4013.0,3908.0,3898.0,3768.0,3711.0,3648.0,3581.0,3523.0,3427.0,3340.0,3340.0,3249.0,3220.0,3172.0,3038.0,3042.0,2966.0,2908.0,2879.0,-,1869.0,2426.0,3173.0,3704.0,4069.0,4064.0,3953.0,3696.0,3636.0,4665.0,7525.0,10020.0,11598.0,11474.0,9948.0,8918.0,7696.0,6521.0,5008.0,3704.0,2902.0,2135.0,1783.0,1650.0,1577.0,1668.0,1745.0,2011.0,2426.0,3306.0,4836.0,7062.0,9523.0,10972.0,11727.0,11787.0,11247.0,10278.0,9454.0,7945.0,6337.0,4862.0,3567.0,2804.0,2276.0,1951.0,1869.0,1715.0,1672.0,1638.0
oct16_30min,0,---,6135.0,7255.0,8768.0,10157.0,11357.0,11832.0,11563.0,10820.0,9700.0,8544.0,5714.0,5786.0,5857.0,5839.0,5911.0,5938.0,5884.0,5938.0,5866.0,5875.0,5839.0,5732.0,5795.0,5705.0,5651.0,5669.0,5553.0,5553.0,5490.0,5338.0,5365.0,5329.0,5212.0,5257.0,5123.0,5078.0,5042.0,4998.0,4962.0,4854.0,4765.0,4845.0,4729.0,4738.0,4675.0,4505.0,4559.0,4478.0,4415.0,4442.0,-,3454.0,4008.0,4477.0,4721.0,5106.0,5012.0,4956.0,4796.0,4665.0,5444.0,7518.0,9321.0,10607.0,10306.0,9255.0,8438.0,7622.0,6974.0,5857.0,4974.0,4355.0,3707.0,3482.0,3426.0,3275.0,3454.0,3454.0,3726.0,4026.0,4608.0,5876.0,7528.0,9452.0,10869.0,11461.0,11583.0,11001.0,10316.0,9508.0,8279.0,6936.0,5810.0,4928.0,4261.0,3895.0,3576.0,3604.0,3444.0,3482.0,3426.0
oct16_30min,50,---,6160.0,7282.0,8779.0,10157.0,11334.0,11836.0,11507.0,10814.0,9700.0,8587.0,5749.0,5831.0,5886.0,5877.0,5968.0,5995.0,5904.0,5986.0,5895.0,5895.0,5849.0,5758.0,5849.0,5731.0,5685.0,5712.0,5594.0,5566.0,5530.0,5393.0,5411.0,5375.0,5256.0,5293.0,5147.0,5119.0,5055.0,5019.0,4973.0,4864.0,4809.0,4882.0,4745.0,4763.0,4690.0,4544.0,4590.0,4526.0,4453.0,4471.0,-,3620.0,4092.0,4614.0,4869.0,5243.0,5165.0,5027.0,4879.0,4830.0,5479.0,7427.0,9179.0,10546.0,10359.0,9297.0,8480.0,7713.0,6935.0,6070.0,5007.0,4496.0,3866.0,3620.0,3512.0,3463.0,3531.0,3561.0,3797.0,4112.0,4673.0,5863.0,7545.0,9572.0,10831.0,11392.0,11491.0,11048.0,10271.0,9543.0,8303.0,7083.0,5991.0,5027.0,4407.0,4023.0,3768.0,3728.0,3531.0,3561.0,3571.0
oct16_30min,100,---,5669.0,6999.0,8660.0,10194.0,11518.0,12052.0,11747.0,10862.0,9596.0,8368.0,5071.0,5173.0,5230.0,5243.0,5307.0,5345.0,5300.0,5326.0,5262.0,5256.0,5224.0,5109.0,5154.0,5052.0,5001.0,4989.0,4887.0,4842.0,4798.0,4658.0,4658.0,4600.0,4499.0,4499.0,4371.0,4320.0,4257.0,4219.0,4168.0,4066.0,3996.0,4021.0,3932.0,3907.0,3849.0,3716.0,3735.0,3671.0,3601.0,3589.0,-,2348.0,2873.0,3612.0,4056.0,4339.0,4339.0,4217.0,4004.0,3981.0,4858.0,7581.0,9947.0,11476.0,11234.0,9907.0,8787.0,7570.0,6618.0,5244.0,4038.0,3323.0,2619.0,2290.0,2157.0,2077.0,2181.0,2238.0,2515.0,2902.0,3756.0,5279.0,7356.0,9872.0,11355.0,12145.0,12134.0,11453.0,10616.0,9785.0,8245.0,6733.0,5250.0,3992.0,3271.0,2781.0,2440.0,2382.0,2215.0,2181.0,2209.0
oct16_30min,150,---,6301.0,7366.0,8836.0,10098.0,11301.0,11785.0,11479.0,10808.0,9684.0,8639.0,5966.0,6025.0,6094.0,6074.0,6173.0,6183.0,6124.0,6183.0,6104.0,6114.0,6065.0,5956.0,6065.0,5936.0,5897.0,5917.0,5818.0,5798.0,5749.0,5611.0,5650.0,5591.0,5493.0,5542.0,5364.0,5345.0,5305.0,5256.0,5236.0,5078.0,4990.0,5098.0,4970.0,4990.0,4950.0,4792.0,4891.0,4783.0,4704.0,4743.0,-,4738.0,5211.0,5644.0,5749.0,6077.0,5972.0,5959.0,5867.0,5854.0,6340.0,7955.0,9582.0,10514.0,10291.0,9661.0,8900.0,8191.0,7574.0,6602.0,5920.0,5474.0,4988.0,4752.0,4712.0,4515.0,4712.0,4712.0,5040.0,5185.0,5670.0,6694.0,7994.0,9661.0,10685.0,11066.0,11131.0,10869.0,10239.0,9700.0,8650.0,7692.0,6668.0,5880.0,5460.0,5080.0,4830.0,4896.0,4660.0,4738.0,4699.0
oct16_30min,200,---,6271.0,7353.0,8812.0,10126.0,11324.0,11798.0,11489.0,10793.0,9672.0,8628.0,5884.0,5971.0,6029.0,6019.0,6077.0,6106.0,6048.0,6106.0,6039.0,6039.0,6019.0,5894.0,5971.0,5855.0,5826.0,5846.0,5730.0,5710.0,5672.0,5536.0,5546.0,5527.0,5411.0,5420.0,5285.0,5246.0,5198.0,5159.0,5121.0,4976.0,4889.0,4995.0,4879.0,4889.0,4831.0,4696.0,4763.0,4667.0,4589.0,4628.0,-,4689.0,5094.0,5577.0,5656.0,6060.0,6034.0,5904.0,5838.0,5708.0,6309.0,7981.0,9509.0,10632.0,10371.0,9600.0,8804.0,8164.0,7641.0,6674.0,5851.0,5407.0,4885.0,4741.0,4689.0,4506.0,4637.0,4650.0,4924.0,5107.0,5577.0,6674.0,8124.0,9535.0,10737.0,11076.0,11246.0,10867.0,10175.0,9666.0,8568.0,7654.0,6635.0,5734.0,5407.0,5029.0,4741.0,4806.0,4597.0,4754.0,4611.0
oct16_30min,250,---,5866.0,7101.0,8713.0,10143.0,11424.0,11981.0,11650.0,10859.0,9661.0,8464.0,5354.0,5452.0,5489.0,5504.0,5565.0,5595.0,5550.0,5587.0,5512.0,5512.0,5482.0,5369.0,5429.0,5316.0,5271.0,5256.0,5166.0,5143.0,5075.0,4947.0,4940.0,4902.0,4789.0,4812.0,4676.0,4623.0,4571.0,4525.0,4480.0,4382.0,4292.0,4360.0,4247.0,4247.0,4194.0,4051.0,4089.0,4006.0,3923.0,3938.0,-,2716.0,3207.0,3870.0,4223.0,4576.0,4541.0,4389.0,4244.0,4168.0,4997.0,7347.0,9739.0,11059.0,10859.0,9559.0,8536.0,7527.0,6629.0,5391.0,4299.0,3532.0,2944.0,2654.0,2543.0,2453.0,2571.0,2654.0,2896.0,3214.0,3974.0,5398.0,7306.0,9476.0,10963.0,11619.0,11709.0,11108.0,10306.0,9435.0,8073.0,6566.0,5308.0,4285.0,3615.0,3076.0,2799.0,2771.0,2571.0,2578.0,2585.0
oct16_30min,300,---,6059.0,7217.0,8740.0,10144.0,11370.0,11897.0,11582.0,10834.0,9668.0,8544.0,5591.0,5676.0,5727.0,5727.0,5804.0,5838.0,5770.0,5829.0,5736.0,5744.0,5676.0,5600.0,5659.0,5557.0,5506.0,5523.0,5395.0,5378.0,5344.0,5174.0,5200.0,5148.0,5046.0,5063.0,4927.0,4910.0,4842.0,4791.0,4765.0,4655.0,4561.0,4629.0,4536.0,4544.0,4485.0,4306.0,4365.0,4272.0,4212.0,4229.0,-,3407.0,3968.0,4464.0,4831.0,5125.0,5079.0,4978.0,4849.0,4675.0,5428.0,7605.0,9497.0,10774.0,10719.0,9552.0,8524.0,7761.0,6971.0,5823.0,4951.0,4280.0,3701.0,3435.0,3361.0,3224.0,3334.0,3389.0,3674.0,3940.0,4592.0,5869.0,7467.0,9534.0,10765.0,11399.0,11619.0,11041.0,10342.0,9617.0,8211.0,7017.0,5823.0,4840.0,4262.0,3821.0,3508.0,3527.0,3334.0,3361.0,3334.0
oct16_30min,350,---,6114.0,7266.0,8753.0,10126.0,11366.0,11868.0,11551.0,10812.0,9695.0,8560.0,5683.0,5788.0,5824.0,5806.0,5885.0,5903.0,5841.0,5894.0,5815.0,5815.0,5788.0,5683.0,5744.0,5648.0,5604.0,5612.0,5489.0,5480.0,5428.0,5278.0,5296.0,5252.0,5129.0,5164.0,5023.0,4988.0,4953.0,4891.0,4865.0,4750.0,4671.0,4733.0,4627.0,4636.0,4557.0,4398.0,4469.0,4381.0,4319.0,4337.0,-,4150.0,4669.0,5109.0,5390.0,5605.0,5605.0,5582.0,5334.0,5255.0,5966.0,7838.0,9699.0,10680.0,10612.0,9676.0,8842.0,8018.0,7364.0,6315.0,5436.0,4996.0,4364.0,4116.0,4048.0,3958.0,4048.0,4116.0,4387.0,4567.0,5187.0,6315.0,7759.0,9552.0,10793.0,11255.0,11368.0,10939.0,10184.0,9676.0,8469.0,7330.0,6315.0,5278.0,4872.0,4500.0,4195.0,4251.0,4003.0,4127.0,4071.0
oct16_30min,400,---,5917.0,7133.0,8731.0,10166.0,11390.0,11951.0,11632.0,10829.0,9667.0,8497.0,5410.0,5488.0,5550.0,5543.0,5613.0,5636.0,5589.0,5621.0,5543.0,5558.0,5519.0,5410.0,5457.0,5356.0,5301.0,5293.0,5192.0,5161.0,5114.0,4966.0,4981.0,4935.0,4833.0,4849.0,4693.0,4654.0,4607.0,4553.0,4529.0,4420.0,4342.0,4397.0,4295.0,4295.0,4233.0,4077.0,4124.0,4015.0,3952.0,3952.0,-,3056.0,3517.0,4192.0,4501.0,4803.0,4771.0,4684.0,4494.0,4462.0,5176.0,7408.0,9678.0,10933.0,10647.0,9528.0,8519.0,7646.0,6756.0,5558.0,4597.0,3898.0,3287.0,3048.0,2921.0,2834.0,2921.0,2937.0,3199.0,3549.0,4247.0,5589.0,7408.0,9528.0,10941.0,11536.0,11727.0,11060.0,10322.0,9448.0,8027.0,6836.0,5470.0,4557.0,3842.0,3422.0,3136.0,3120.0,2906.0,2937.0,2929.0
oct16_30min,450,---,5557.0,6944.0,8645.0,10204.0,11545.0,12089.0,11768.0,10880.0,9602.0,8319.0,4921.0,5024.0,5087.0,5099.0,5162.0,5190.0,5122.0,5162.0,5105.0,5105.0,5059.0,4944.0,4967.0,4870.0,4812.0,4801.0,4698.0,4658.0,4583.0,4451.0,4451.0,4400.0,4274.0,4274.0,4153.0,4090.0,4027.0,3976.0,3919.0,3815.0,3729.0,3764.0,3666.0,3632.0,3592.0,3449.0,3466.0,3391.0,3317.0,3311.0,-,2129.0,2716.0,3380.0,3855.0,4171.0,4222.0,4038.0,3839.0,3804.0,4723.0,7500.0,9941.0,11483.0,11197.0,9834.0,8675.0,7480.0,6479.0,4983.0,3870.0,3012.0,2369.0,2083.0,1935.0,1853.0,1960.0,2032.0,2307.0,2696.0,3564.0,4988.0,7112.0,9512.0,11013.0,11795.0,11810.0,11110.0,10247.0,9461.0,7934.0,6357.0,4937.0,3788.0,3022.0,2527.0,2210.0,2139.0,1976.0,1991.0,1960.0
oct16_30min,500,---,6177.0,7294.0,8790.0,10138.0,11329.0,11828.0,11505.0,10821.0,9704.0,8587.0,5780.0,5863.0,5918.0,5900.0,5955.0,5974.0,5937.0,5974.0,5891.0,5891.0,5863.0,5761.0,5826.0,5706.0,5669.0,5678.0,5567.0,5540.0,5503.0,5373.0,5364.0,5327.0,5207.0,5244.0,5087.0,5050.0,5004.0,4949.0,4921.0,4783.0,4690.0,4783.0,4653.0,4672.0,4626.0,4459.0,4542.0,4441.0,4376.0,4404.0,-,3878.0,4325.0,4856.0,5122.0,5430.0,5345.0,5345.0,5132.0,5122.0,5749.0,7747.0,9574.0,10701.0,10531.0,9702.0,8724.0,7874.0,7311.0,6248.0,5377.0,4760.0,4197.0,3910.0,3836.0,3719.0,3846.0,3900.0,4208.0,4367.0,4920.0,6142.0,7598.0,9574.0,10786.0,11392.0,11509.0,10871.0,10308.0,9553.0,8405.0,7300.0,6248.0,5260.0,4675.0,4293.0,4027.0,3974.0,3857.0,3878.0,3857.0
oct16_30min,550,---,5542.0,6921.0,8624.0,10223.0,11563.0,12107.0,11805.0,10855.0,9591.0,8306.0,4850.0,4944.0,4999.0,5026.0,5086.0,5097.0,5054.0,5092.0,5026.0,4993.0,4966.0,4856.0,4878.0,4779.0,4713.0,4691.0,4587.0,4554.0,4493.0,4350.0,4345.0,4279.0,4180.0,4169.0,4032.0,3988.0,3927.0,3861.0,3817.0,3724.0,3631.0,3636.0,3554.0,3532.0,3471.0,3340.0,3362.0,3274.0,3208.0,3191.0,-,2136.0,2784.0,3467.0,3968.0,4242.0,4247.0,4125.0,3842.0,3867.0,4890.0,7689.0,10241.0,11724.0,11436.0,10059.0,8909.0,7608.0,6540.0,5037.0,3817.0,3012.0,2348.0,2040.0,1938.0,1852.0,1964.0,2035.0,2283.0,2678.0,3533.0,5016.0,7208.0,9583.0,10970.0,11739.0,11760.0,11041.0,10302.0,9411.0,7983.0,6398.0,4940.0,3761.0,2996.0,2495.0,2237.0,2151.0,1969.0,1959.0,1923.0
oct16_30min,600,---,5493.0,6887.0,8630.0,10225.0,11552.0,12081.0,11819.0,10883.0,9607.0,8311.0,4778.0,4886.0,4942.0,4958.0,5020.0,5040.0,4999.0,5025.0,4958.0,4947.0,4906.0,4793.0,4814.0,4701.0,4644.0,4613.0,4515.0,4474.0,4402.0,4284.0,4263.0,4202.0,4099.0,4078.0,3950.0,3903.0,3831.0,3770.0,3723.0,3620.0,3533.0,3548.0,3451.0,3420.0,3368.0,3240.0,3250.0,3168.0,3091.0,3080.0,-,2103.0,2719.0,3465.0,3924.0,4267.0,4283.0,4096.0,3909.0,3859.0,4898.0,7738.0,10261.0,11709.0,11471.0,10109.0,8934.0,7617.0,6538.0,5034.0,3813.0,3016.0,2325.0,2028.0,1917.0,1846.0,1937.0,2012.0,2265.0,2673.0,3496.0,4913.0,7103.0,9539.0,10977.0,11774.0,11794.0,11128.0,10362.0,9418.0,7900.0,6427.0,4878.0,3778.0,3016.0,2492.0,2209.0,2113.0,1947.0,1942.0,1927.0
oct16_30min,650,---,5971.0,7164.0,8757.0,10146.0,11396.0,11894.0,11608.0,10840.0,9672.0,8520.0,5497.0,5587.0,5636.0,5628.0,5685.0,5726.0,5661.0,5710.0,5620.0,5628.0,5604.0,5465.0,5530.0,5432.0,5375.0,5383.0,5277.0,5236.0,5179.0,5056.0,5056.0,4999.0,4885.0,4901.0,4770.0,4729.0,4689.0,4623.0,4607.0,4501.0,4395.0,4460.0,4354.0,4362.0,4305.0,4109.0,4174.0,4084.0,4027.0,4035.0,-,3054.0,3552.0,4106.0,4508.0,4798.0,4782.0,4741.0,4500.0,4460.0,5143.0,7386.0,9524.0,10826.0,10761.0,9604.0,8664.0,7611.0,6847.0,5666.0,4677.0,3986.0,3327.0,3013.0,2949.0,2821.0,2949.0,2981.0,3263.0,3560.0,4106.0,5425.0,7209.0,9443.0,10922.0,11517.0,11661.0,11187.0,10367.0,9532.0,8157.0,6952.0,5658.0,4573.0,3889.0,3439.0,3190.0,3166.0,2957.0,2973.0,2957.0
oct16_30min,700,---,5516.0,6909.0,8648.0,10214.0,11564.0,12105.0,11801.0,10871.0,9583.0,8301.0,4786.0,4886.0,4949.0,4965.0,5017.0,5049.0,4996.0,5012.0,4949.0,4944.0,4891.0,4786.0,4807.0,4692.0,4650.0,4607.0,4508.0,4471.0,4397.0,4266.0,4261.0,4192.0,4087.0,4077.0,3945.0,3882.0,3825.0,3783.0,3709.0,3609.0,3525.0,3541.0,3452.0,3420.0,3357.0,3231.0,3247.0,3168.0,3094.0,3084.0,-,2589.0,3290.0,4108.0,4643.0,5104.0,5074.0,4908.0,4625.0,4619.0,5824.0,9096.0,12018.0,13881.0,13352.0,11808.0,10425.0,8973.0,7645.0,5886.0,4539.0,3641.0,2841.0,2497.0,2361.0,2232.0,2361.0,2441.0,2749.0,3235.0,4225.0,5996.0,8395.0,11120.0,12823.0,13617.0,13678.0,12922.0,11950.0,10923.0,9151.0,7386.0,5738.0,4428.0,3585.0,2921.0,2669.0,2540.0,2361.0,2355.0,2349.0
oct16_30min,750,---,5531.0,6925.0,8644.0,10222.0,11578.0,12083.0,11790.0,10873.0,9599.0,8281.0,4826.0,4918.0,4978.0,4989.0,5049.0,5076.0,5021.0,5054.0,4984.0,4951.0,4929.0,4815.0,4832.0,4739.0,4674.0,4647.0,4533.0,4490.0,4436.0,4306.0,4289.0,4224.0,4121.0,4105.0,3975.0,3931.0,3866.0,3807.0,3752.0,3649.0,3563.0,3584.0,3481.0,3460.0,3405.0,3270.0,3286.0,3210.0,3145.0,3129.0,-,2553.0,3256.0,4093.0,4649.0,5077.0,5114.0,4881.0,4600.0,4631.0,5706.0,8993.0,11902.0,13784.0,13582.0,11957.0,10466.0,8975.0,7729.0,5981.0,4539.0,3635.0,2835.0,2462.0,2279.0,2242.0,2346.0,2443.0,2706.0,3226.0,4148.0,5859.0,8272.0,11016.0,12751.0,13625.0,13643.0,12971.0,11871.0,10863.0,9323.0,7472.0,5853.0,4405.0,3586.0,2975.0,2633.0,2553.0,2352.0,2352.0,2303.0
oct16_30min,800,---,5745.0,7033.0,8675.0,10181.0,11483.0,12008.0,11721.0,10870.0,9622.0,8402.0,5159.0,5240.0,5295.0,5302.0,5363.0,5383.0,5329.0,5370.0,5295.0,5295.0,5240.0,5138.0,5179.0,5070.0,5002.0,4995.0,4886.0,4865.0,4797.0,4675.0,4661.0,4613.0,4504.0,4497.0,4368.0,4327.0,4273.0,4211.0,4164.0,4068.0,3980.0,4027.0,3932.0,3911.0,3850.0,3721.0,3761.0,3666.0,3611.0,3611.0,-,2840.0,3349.0,4095.0,4440.0,4755.0,4784.0,4619.0,4425.0,4389.0,5351.0,7883.0,10207.0,11756.0,11476.0,10257.0,9045.0,8033.0,6900.0,5602.0,4468.0,3751.0,3019.0,2754.0,2639.0,2567.0,2661.0,2754.0,3027.0,3342.0,4153.0,5602.0,7567.0,9848.0,11283.0,12050.0,11950.0,11362.0,10608.0,9726.0,8184.0,6785.0,5508.0,4318.0,3658.0,3170.0,2876.0,2869.0,2639.0,2675.0,2661.0
oct16_30min,850,---,5480.0,6897.0,8651.0,10232.0,11590.0,12100.0,11803.0,10871.0,9573.0,8280.0,4697.0,4806.0,4846.0,4865.0,4920.0,4945.0,4895.0,4915.0,4851.0,4841.0,4791.0,4682.0,4702.0,4588.0,4528.0,4494.0,4390.0,4355.0,4276.0,4162.0,4137.0,4068.0,3964.0,3944.0,3825.0,3765.0,3696.0,3642.0,3587.0,3483.0,3399.0,3409.0,3314.0,3280.0,3230.0,3106.0,3111.0,3037.0,2958.0,2938.0,-,2470.0,3189.0,4042.0,4585.0,4953.0,4964.0,4778.0,4573.0,4526.0,5706.0,9082.0,12003.0,13837.0,13522.0,11869.0,10484.0,8966.0,7587.0,5858.0,4480.0,3487.0,2710.0,2348.0,2213.0,2091.0,2225.0,2336.0,2628.0,3148.0,4100.0,5887.0,8358.0,11133.0,12803.0,13650.0,13732.0,12914.0,12056.0,10992.0,9188.0,7412.0,5700.0,4316.0,3457.0,2891.0,2540.0,2453.0,2272.0,2254.0,2207.0
oct16_30min,900,---,5928.0,7121.0,8751.0,10171.0,11411.0,11934.0,11645.0,10834.0,9641.0,8486.0,5390.0,5491.0,5538.0,5538.0,5592.0,5624.0,5569.0,5616.0,5538.0,5530.0,5499.0,5382.0,5436.0,5335.0,5265.0,5265.0,5156.0,5124.0,5085.0,4937.0,4929.0,4890.0,4773.0,4797.0,4641.0,4617.0,4563.0,4508.0,4469.0,4368.0,4274.0,4360.0,4243.0,4219.0,4165.0,3985.0,4056.0,3962.0,3892.0,3900.0,-,3166.0,3686.0,4213.0,4626.0,4939.0,4881.0,4848.0,4617.0,4601.0,5277.0,7627.0,9738.0,11132.0,10909.0,9788.0,8708.0,7776.0,6885.0,5681.0,4733.0,3966.0,3356.0,3084.0,3026.0,2910.0,3034.0,3084.0,3356.0,3644.0,4362.0,5549.0,7314.0,9631.0,10893.0,11487.0,11610.0,11099.0,10299.0,9483.0,8180.0,6860.0,5673.0,4601.0,3941.0,3512.0,3265.0,3224.0,2993.0,3034.0,3034.0
oct16_30min,950,---,5522.0,6914.0,8641.0,10222.0,11559.0,12096.0,11792.0,10866.0,9599.0,8305.0,4835.0,4910.0,4981.0,4986.0,5051.0,5089.0,5035.0,5051.0,4992.0,4965.0,4932.0,4818.0,4840.0,4737.0,4661.0,4640.0,4537.0,4494.0,4434.0,4299.0,4282.0,4228.0,4125.0,4109.0,3974.0,3920.0,3855.0,3795.0,3746.0,3643.0,3562.0,3573.0,3481.0,3459.0,3394.0,3264.0,3270.0,3205.0,3145.0,3124.0,-,2771.0,3446.0,4322.0,4835.0,5192.0,5213.0,5058.0,4734.0,4754.0,5847.0,9070.0,11896.0,13704.0,13393.0,11761.0,10507.0,9064.0,7775.0,6042.0,4687.0,3783.0,3021.0,2663.0,2556.0,2421.0,2556.0,2616.0,2920.0,3412.0,4336.0,5975.0,8382.0,11026.0,12753.0,13501.0,13643.0,12982.0,11943.0,10898.0,9246.0,7573.0,5955.0,4505.0,3742.0,3196.0,2872.0,2744.0,2569.0,2576.0,2515.0
oct16_30min,1000,---,5550.0,6933.0,8629.0,10211.0,11526.0,12099.0,11792.0,10891.0,9593.0,8323.0,4881.0,4983.0,5045.0,5057.0,5114.0,5142.0,5091.0,5125.0,5057.0,5051.0,4989.0,4875.0,4898.0,4796.0,4734.0,4711.0,4603.0,4564.0,4501.0,4365.0,4354.0,4297.0,4184.0,4172.0,4042.0,3991.0,3934.0,3883.0,3810.0,3724.0,3628.0,3656.0,3554.0,3532.0,3469.0,3345.0,3362.0,3282.0,3226.0,3203.0,-,2266.0,2797.0,3541.0,4061.0,4340.0,4368.0,4203.0,3973.0,3941.0,4909.0,7794.0,10110.0,11675.0,11473.0,10088.0,8938.0,7712.0,6568.0,5085.0,3935.0,3191.0,2468.0,2200.0,2063.0,1976.0,2101.0,2167.0,2430.0,2791.0,3590.0,5063.0,7187.0,9491.0,10958.0,11702.0,11850.0,11062.0,10339.0,9442.0,7964.0,6420.0,4964.0,3853.0,3158.0,2621.0,2359.0,2277.0,2090.0,2107.0,2052.0
oct16_15s_2,0,---,5468.0,6893.0,8638.0,10261.0,11584.0,12109.0,11798.0,10864.0,9576.0,8273.0,4734.0,4832.0,4890.0,4924.0,4982.0,5021.0,4963.0,4997.0,4934.0,4929.0,4890.0,4773.0,4807.0,4700.0,4652.0,4622.0,4520.0,4482.0,4413.0,4302.0,4287.0,4229.0,4127.0,4102.0,3991.0,3927.0,3859.0,3801.0,3752.0,3655.0,3563.0,3577.0,3480.0,3456.0,3407.0,3271.0,3276.0,3203.0,3135.0,3106.0,-,1980.0,2571.0,3194.0,3721.0,3970.0,3993.0,3910.0,3647.0,3665.0,4612.0,7396.0,9811.0,11233.0,11080.0,9686.0,8495.0,7327.0,6279.0,4801.0,3652.0,2867.0,2193.0,1851.0,1731.0,1689.0,1800.0,1860.0,2133.0,2580.0,3453.0,4981.0,7087.0,9529.0,11034.0,11741.0,11750.0,11108.0,10365.0,9395.0,7987.0,6279.0,4898.0,3624.0,2881.0,2359.0,2054.0,1980.0,1819.0,1828.0,1772.0
oct16_15s_2,50,---,5489.0,6901.0,8646.0,10259.0,11587.0,12107.0,11803.0,10852.0,9568.0,8274.0,4700.0,4808.0,4862.0,4877.0,4931.0,4985.0,4921.0,4940.0,4901.0,4896.0,4837.0,4725.0,4754.0,4666.0,4602.0,4568.0,4470.0,4436.0,4377.0,4254.0,4235.0,4176.0,4078.0,4063.0,3940.0,3877.0,3823.0,3769.0,3715.0,3612.0,3534.0,3539.0,3450.0,3416.0,3372.0,3240.0,3240.0,3166.0,3097.0,3078.0,-,2042.0,2656.0,3275.0,3822.0,4108.0,4113.0,3989.0,3732.0,3741.0,4798.0,7545.0,9935.0,11430.0,11130.0,9792.0,8621.0,7540.0,6317.0,4870.0,3732.0,2908.0,2232.0,1947.0,1828.0,1718.0,1870.0,1970.0,2166.0,2627.0,3489.0,4974.0,7107.0,9497.0,11044.0,11739.0,11777.0,11192.0,10297.0,9392.0,7950.0,6326.0,4846.0,3713.0,2946.0,2418.0,2132.0,2008.0,1851.0,1842.0,1828.0
oct16_15s_2,100,---,5468.0,6893.0,8657.0,10256.0,11584.0,12115.0,11797.0,10859.0,9565.0,8270.0,4710.0,4801.0,4859.0,4898.0,4951.0,5000.0,4927.0,4961.0,4913.0,4888.0,4859.0,4743.0,4748.0,4657.0,4594.0,4570.0,4473.0,4434.0,4367.0,4256.0,4241.0,4164.0,4082.0,4048.0,3937.0,3869.0,3811.0,3753.0,3700.0,3608.0,3516.0,3526.0,3434.0,3400.0,3347.0,3212.0,3217.0,3144.0,3077.0,3062.0,-,1892.0,2483.0,3199.0,3696.0,3976.0,4039.0,3861.0,3647.0,3639.0,4652.0,7442.0,9855.0,11321.0,11090.0,9739.0,8571.0,7464.0,6371.0,4874.0,3674.0,2857.0,2137.0,1839.0,1706.0,1635.0,1732.0,1826.0,2057.0,2492.0,3368.0,4914.0,7118.0,9530.0,11068.0,11748.0,11868.0,11068.0,10286.0,9393.0,7918.0,6318.0,4874.0,3634.0,2857.0,2270.0,2017.0,1923.0,1777.0,1750.0,1706.0
oct16_15s_2,150,---,5479.0,6899.0,8661.0,10261.0,11564.0,12091.0,11803.0,10871.0,9578.0,8266.0,4718.0,4806.0,4869.0,4884.0,4947.0,4977.0,4928.0,4972.0,4904.0,4879.0,4845.0,4733.0,4752.0,4660.0,4601.0,4577.0,4459.0,4420.0,4372.0,4235.0,4225.0,4172.0,4064.0,4040.0,3918.0,3874.0,3806.0,3742.0,3693.0,3596.0,3503.0,3523.0,3420.0,3401.0,3352.0,3220.0,3230.0,3142.0,3079.0,3059.0,-,2039.0,2671.0,3336.0,3843.0,4151.0,4161.0,4011.0,3736.0,3780.0,4817.0,7584.0,10000.0,11533.0,11278.0,9826.0,8742.0,7512.0,6403.0,4932.0,3698.0,2936.0,2251.0,1952.0,1846.0,1745.0,1851.0,1933.0,2189.0,2676.0,3471.0,5014.0,7189.0,9566.0,11022.0,11774.0,11799.0,11046.0,10280.0,9402.0,7917.0,6287.0,4855.0,3650.0,2946.0,2439.0,2116.0,2044.0,1885.0,1880.0,1851.0
oct16_15s_2,200,---,5502.0,6921.0,8661.0,10245.0,11584.0,12109.0,11799.0,10850.0,9555.0,8271.0,4702.0,4802.0,4857.0,4877.0,4937.0,4972.0,4912.0,4932.0,4887.0,4862.0,4822.0,4717.0,4732.0,4632.0,4582.0,4552.0,4453.0,4408.0,4353.0,4223.0,4208.0,4163.0,4058.0,4038.0,3913.0,3863.0,3808.0,3743.0,3688.0,3593.0,3503.0,3528.0,3428.0,3413.0,3348.0,3223.0,3233.0,3153.0,3093.0,3073.0,-,2604.0,3336.0,4105.0,4656.0,5066.0,5047.0,4849.0,4594.0,4625.0,5791.0,9109.0,12085.0,13753.0,13437.0,11800.0,10405.0,8991.0,7571.0,5847.0,4483.0,3590.0,2796.0,2480.0,2350.0,2269.0,2387.0,2492.0,2784.0,3243.0,4278.0,6033.0,8464.0,11211.0,12897.0,13728.0,13691.0,13071.0,12035.0,11019.0,9264.0,7478.0,5729.0,4464.0,3584.0,2988.0,2684.0,2598.0,2374.0,2381.0,2337.0
oct16_15s_2,250,---,5465.0,6890.0,8643.0,10265.0,11583.0,12105.0,11796.0,10864.0,9575.0,8276.0,4722.0,4799.0,4867.0,4891.0,4954.0,4983.0,4920.0,4963.0,4901.0,4886.0,4852.0,4727.0,4751.0,4645.0,4591.0,4563.0,4471.0,4427.0,4360.0,4244.0,4210.0,4152.0,4060.0,4031.0,3915.0,3853.0,3790.0,3737.0,3674.0,3587.0,3495.0,3500.0,3408.0,3380.0,3326.0,3191.0,3201.0,3124.0,3046.0,3037.0,-,1930.0,2541.0,3263.0,3776.0,4044.0,4048.0,3910.0,3669.0,3620.0,4708.0,7530.0,9911.0,11405.0,11137.0,9831.0,8627.0,7437.0,6349.0,4891.0,3642.0,2858.0,2158.0,1814.0,1716.0,1618.0,1712.0,1832.0,2082.0,2528.0,3424.0,4935.0,7058.0,9559.0,11057.0,11726.0,11793.0,11160.0,10295.0,9399.0,7949.0,6349.0,4882.0,3633.0,2844.0,2349.0,2010.0,1921.0,1756.0,1743.0,1707.0
oct16_15s_2,300,---,5497.0,6917.0,8653.0,10265.0,11587.0,12099.0,11789.0,10857.0,9550.0,8278.0,4713.0,4807.0,4866.0,4886.0,4940.0,4980.0,4915.0,4945.0,4876.0,4871.0,4837.0,4723.0,4738.0,4639.0,4585.0,4555.0,4452.0,4412.0,4348.0,4220.0,4205.0,4141.0,4053.0,4028.0,3900.0,3845.0,3776.0,3727.0,3663.0,3574.0,3490.0,3500.0,3412.0,3377.0,3318.0,3200.0,3200.0,3126.0,3052.0,3032.0,-,2060.0,2658.0,3318.0,3796.0,4178.0,4135.0,3987.0,3800.0,3762.0,4766.0,7616.0,10021.0,11584.0,11293.0,9949.0,8749.0,7544.0,6411.0,4972.0,3719.0,2911.0,2232.0,1945.0,1831.0,1749.0,1845.0,1912.0,2180.0,2605.0,3442.0,4986.0,7166.0,9547.0,11006.0,11752.0,11842.0,11073.0,10288.0,9390.0,7931.0,6334.0,4886.0,3667.0,2911.0,2414.0,2156.0,2036.0,1869.0,1864.0,1812.0
oct16_15s_2,350,---,5487.0,6919.0,8659.0,10257.0,11596.0,12089.0,11791.0,10853.0,9558.0,8273.0,4705.0,4808.0,4867.0,4886.0,4940.0,4989.0,4930.0,4960.0,4901.0,4881.0,4837.0,4725.0,4759.0,4657.0,4593.0,4564.0,4466.0,4417.0,4354.0,4227.0,4207.0,4158.0,4051.0,4026.0,3904.0,3855.0,3792.0,3733.0,3679.0,3582.0,3494.0,3508.0,3415.0,3381.0,3327.0,3195.0,3205.0,3122.0,3059.0,3034.0,-,2143.0,2780.0,3463.0,3935.0,4256.0,4322.0,4211.0,3940.0,3925.0,4954.0,7886.0,10340.0,12042.0,11696.0,10305.0,9075.0,7855.0,6696.0,5085.0,3910.0,3087.0,2349.0,2038.0,1922.0,1822.0,1947.0,2063.0,2294.0,2715.0,3614.0,5190.0,7454.0,9848.0,11324.0,12208.0,12183.0,11485.0,10616.0,9688.0,8167.0,6666.0,5069.0,3855.0,3041.0,2514.0,2223.0,2133.0,1962.0,1952.0,1922.0
oct16_15s_2,400,---,5476.0,6906.0,8653.0,10276.0,11586.0,12090.0,11778.0,10866.0,9580.0,8260.0,4674.0,4785.0,4842.0,4866.0,4914.0,4948.0,4900.0,4929.0,4866.0,4857.0,4799.0,4694.0,4708.0,4612.0,4550.0,4521.0,4420.0,4377.0,4310.0,4190.0,4170.0,4103.0,4007.0,3969.0,3854.0,3801.0,3734.0,3686.0,3623.0,3518.0,3436.0,3455.0,3350.0,3326.0,3268.0,3143.0,3139.0,3067.0,2999.0,2980.0,-,1997.0,2572.0,3337.0,3786.0,4078.0,4143.0,3944.0,3772.0,3768.0,4788.0,7638.0,10058.0,11583.0,11374.0,9882.0,8741.0,7555.0,6373.0,4945.0,3735.0,2915.0,2238.0,1914.0,1779.0,1701.0,1807.0,1867.0,2146.0,2591.0,3402.0,4964.0,7114.0,9543.0,11045.0,11726.0,11745.0,11184.0,10285.0,9418.0,7935.0,6303.0,4876.0,3657.0,2878.0,2363.0,2099.0,1983.0,1821.0,1789.0,1779.0
oct16_15s_2,450,---,5473.0,6913.0,8650.0,10258.0,11582.0,12097.0,11804.0,10875.0,9556.0,8261.0,4688.0,4780.0,4843.0,4867.0,4924.0,4958.0,4905.0,4924.0,4871.0,4867.0,4809.0,4693.0,4717.0,4602.0,4554.0,4515.0,4404.0,4385.0,4313.0,4188.0,4154.0,4101.0,3995.0,3976.0,3856.0,3803.0,3730.0,3677.0,3629.0,3519.0,3427.0,3451.0,3350.0,3321.0,3259.0,3143.0,3138.0,3061.0,2994.0,2979.0,-,1944.0,2520.0,3267.0,3749.0,4019.0,4037.0,3920.0,3663.0,3677.0,4681.0,7548.0,10019.0,11450.0,11207.0,9911.0,8723.0,7467.0,6364.0,4960.0,3699.0,2813.0,2183.0,1849.0,1732.0,1651.0,1732.0,1831.0,2079.0,2516.0,3384.0,4892.0,7107.0,9528.0,10946.0,11788.0,11842.0,11167.0,10298.0,9411.0,7908.0,6328.0,4825.0,3591.0,2867.0,2300.0,2021.0,1953.0,1773.0,1773.0,1737.0
oct16_15s_2,500,---,5503.0,6911.0,8670.0,10277.0,11584.0,12089.0,11798.0,10851.0,9549.0,8267.0,4706.0,4794.0,4852.0,4871.0,4930.0,4968.0,4910.0,4939.0,4876.0,4871.0,4813.0,4696.0,4716.0,4619.0,4560.0,4526.0,4429.0,4390.0,4318.0,4191.0,4177.0,4114.0,4016.0,3987.0,3861.0,3803.0,3740.0,3672.0,3623.0,3526.0,3443.0,3448.0,3356.0,3327.0,3264.0,3137.0,3142.0,3064.0,2992.0,2982.0,-,2106.0,2740.0,3491.0,3974.0,4267.0,4286.0,4052.0,3823.0,3901.0,4988.0,7949.0,10460.0,11938.0,11709.0,10221.0,8978.0,7802.0,6646.0,5169.0,3828.0,3028.0,2277.0,2009.0,1872.0,1789.0,1906.0,2004.0,2253.0,2726.0,3618.0,5261.0,7358.0,9841.0,11426.0,12167.0,12167.0,11523.0,10558.0,9694.0,8197.0,6476.0,4988.0,3813.0,3018.0,2482.0,2165.0,2072.0,1921.0,1887.0,1867.0
oct16_15s_2,550,---,5498.0,6909.0,8660.0,10263.0,11591.0,12092.0,11812.0,10853.0,9545.0,8271.0,4706.0,4809.0,4868.0,4883.0,4942.0,4971.0,4912.0,4947.0,4893.0,4863.0,4829.0,4711.0,4730.0,4632.0,4563.0,4544.0,4435.0,4391.0,4317.0,4194.0,4185.0,4130.0,4022.0,4003.0,3870.0,3811.0,3752.0,3698.0,3639.0,3540.0,3462.0,3471.0,3383.0,3344.0,3280.0,3157.0,3171.0,3083.0,3014.0,2999.0,-,1926.0,2569.0,3301.0,3745.0,4069.0,4087.0,3952.0,3709.0,3665.0,4738.0,7608.0,9980.0,11471.0,11197.0,9944.0,8708.0,7487.0,6364.0,4954.0,3709.0,2852.0,2155.0,1863.0,1720.0,1652.0,1738.0,1837.0,2084.0,2515.0,3400.0,4954.0,7141.0,9535.0,11017.0,11718.0,11808.0,11107.0,10276.0,9405.0,7990.0,6265.0,4846.0,3651.0,2870.0,2349.0,2043.0,1940.0,1769.0,1756.0,1729.0
oct16_15s_2,600,---,5499.0,6917.0,8658.0,10294.0,11577.0,12108.0,11789.0,10844.0,9551.0,8258.0,4693.0,4794.0,4848.0,4881.0,4920.0,4954.0,4905.0,4939.0,4862.0,4852.0,4809.0,4684.0,4708.0,4606.0,4544.0,4505.0,4418.0,4365.0,4302.0,4177.0,4158.0,4095.0,3994.0,3970.0,3839.0,3786.0,3719.0,3666.0,3608.0,3506.0,3420.0,3434.0,3333.0,3309.0,3241.0,3121.0,3130.0,3048.0,2981.0,2961.0,-,1989.0,2576.0,3300.0,3832.0,4102.0,4102.0,3956.0,3740.0,3708.0,4822.0,7600.0,10048.0,11597.0,11309.0,9901.0,8792.0,7660.0,6445.0,4932.0,3690.0,2910.0,2200.0,1861.0,1760.0,1673.0,1774.0,1856.0,2113.0,2567.0,3428.0,4909.0,7137.0,9580.0,11070.0,11712.0,11836.0,11116.0,10295.0,9333.0,7916.0,6266.0,4845.0,3667.0,2860.0,2342.0,2072.0,1957.0,1778.0,1806.0,1760.0
oct16_15s_2,650,---,5490.0,6916.0,8677.0,10290.0,11600.0,12080.0,11787.0,10842.0,9550.0,8255.0,4679.0,4770.0,4823.0,4857.0,4909.0,4933.0,4881.0,4909.0,4852.0,4837.0,4780.0,4665.0,4684.0,4583.0,4521.0,4497.0,4391.0,4348.0,4285.0,4156.0,4137.0,4069.0,3973.0,3945.0,3820.0,3767.0,3700.0,3642.0,3580.0,3479.0,3398.0,3407.0,3316.0,3282.0,3225.0,3100.0,3100.0,3018.0,2961.0,2937.0,-,2034.0,2623.0,3363.0,3848.0,4178.0,4145.0,3989.0,3772.0,3739.0,4818.0,7790.0,10089.0,11714.0,11526.0,9938.0,8765.0,7541.0,6439.0,5030.0,3716.0,2920.0,2237.0,1931.0,1808.0,1733.0,1841.0,1931.0,2180.0,2609.0,3433.0,5063.0,7136.0,9472.0,11050.0,11780.0,11808.0,11205.0,10235.0,9397.0,7913.0,6316.0,4889.0,3617.0,2873.0,2364.0,2086.0,2020.0,1841.0,1841.0,1808.0
oct16_15s_2,700,---,5503.0,6928.0,8663.0,10299.0,11585.0,12092.0,11786.0,10839.0,9553.0,8252.0,4661.0,4767.0,4819.0,4843.0,4896.0,4929.0,4872.0,4900.0,4833.0,4814.0,4767.0,4661.0,4666.0,4566.0,4508.0,4470.0,4374.0,4322.0,4260.0,4131.0,4116.0,4045.0,3954.0,3915.0,3796.0,3734.0,3672.0,3609.0,3557.0,3456.0,3370.0,3380.0,3284.0,3260.0,3189.0,3074.0,3074.0,3002.0,2930.0,2911.0,-,1990.0,2615.0,3333.0,3850.0,4190.0,4134.0,3995.0,3785.0,3743.0,4843.0,7752.0,10143.0,11677.0,11458.0,9976.0,8806.0,7635.0,6423.0,4978.0,3757.0,2932.0,2232.0,1888.0,1780.0,1710.0,1799.0,1864.0,2135.0,2549.0,3510.0,4964.0,7155.0,9579.0,11034.0,11715.0,11826.0,11122.0,10279.0,9421.0,7864.0,6339.0,4862.0,3645.0,2880.0,2372.0,2074.0,2013.0,1832.0,1836.0,1794.0
oct16_15s_2,750,---,5492.0,6923.0,8681.0,10292.0,11605.0,12093.0,11785.0,10837.0,9534.0,8245.0,4653.0,4743.0,4809.0,4843.0,4881.0,4918.0,4862.0,4881.0,4824.0,4809.0,4762.0,4648.0,4653.0,4554.0,4492.0,4463.0,4345.0,4307.0,4245.0,4113.0,4099.0,4037.0,3942.0,3904.0,3776.0,3710.0,3658.0,3601.0,3535.0,3440.0,3350.0,3355.0,3269.0,3236.0,3170.0,3051.0,3056.0,2980.0,2909.0,2890.0,-,2105.0,2734.0,3519.0,3963.0,4294.0,4343.0,4216.0,3943.0,3904.0,4986.0,8086.0,10616.0,12123.0,11840.0,10358.0,9193.0,7882.0,6712.0,5176.0,3914.0,3046.0,2286.0,1983.0,1847.0,1774.0,1915.0,1949.0,2266.0,2681.0,3573.0,5215.0,7443.0,9875.0,11465.0,12191.0,12142.0,11357.0,10631.0,9676.0,8199.0,6502.0,5040.0,3797.0,3007.0,2471.0,2193.0,2071.0,1905.0,1891.0,1871.0
oct16_15s_2,800,---,5549.0,6952.0,8703.0,10279.0,11590.0,12102.0,11754.0,10827.0,9532.0,8257.0,4689.0,4781.0,4848.0,4858.0,4909.0,4940.0,4883.0,4914.0,4848.0,4827.0,4786.0,4674.0,4699.0,4576.0,4530.0,4505.0,4397.0,4356.0,4290.0,4172.0,4146.0,4085.0,3982.0,3967.0,3844.0,3783.0,3726.0,3665.0,3614.0,3522.0,3440.0,3455.0,3363.0,3332.0,3281.0,3158.0,3163.0,3076.0,3025.0,3010.0,-,1928.0,2562.0,3258.0,3782.0,4099.0,4037.0,3918.0,3672.0,3654.0,4760.0,7648.0,10123.0,11576.0,11268.0,9929.0,8731.0,7595.0,6371.0,4914.0,3672.0,2862.0,2157.0,1853.0,1704.0,1611.0,1739.0,1818.0,2043.0,2483.0,3381.0,4997.0,7186.0,9586.0,11039.0,11704.0,11796.0,11105.0,10295.0,9374.0,7912.0,6270.0,4821.0,3606.0,2796.0,2324.0,2016.0,1902.0,1739.0,1743.0,1717.0
oct16_15s_2,850,---,5492.0,6913.0,8680.0,10288.0,11592.0,12083.0,11789.0,10849.0,9545.0,8255.0,4637.0,4730.0,4796.0,4814.0,4875.0,4898.0,4852.0,4875.0,4800.0,4786.0,4740.0,4623.0,4632.0,4529.0,4473.0,4436.0,4324.0,4286.0,4211.0,4080.0,4066.0,4001.0,3898.0,3870.0,3749.0,3692.0,3622.0,3562.0,3515.0,3403.0,3323.0,3328.0,3230.0,3202.0,3136.0,3019.0,3024.0,2940.0,2879.0,2860.0,-,1960.0,2613.0,3326.0,3852.0,4134.0,4156.0,3993.0,3771.0,3766.0,4864.0,7773.0,10237.0,11803.0,11517.0,10042.0,8853.0,7628.0,6448.0,4987.0,3712.0,2899.0,2200.0,1883.0,1756.0,1660.0,1765.0,1865.0,2119.0,2554.0,3453.0,4991.0,7233.0,9516.0,11014.0,11712.0,11835.0,11095.0,10296.0,9393.0,7900.0,6317.0,4864.0,3621.0,2840.0,2314.0,2055.0,1969.0,1788.0,1792.0,1769.0
oct16_15s_2,900,---,5503.0,6930.0,8675.0,10300.0,11593.0,12092.0,11790.0,10833.0,9540.0,8242.0,4676.0,4758.0,4820.0,4844.0,4892.0,4926.0,4864.0,4902.0,4830.0,4806.0,4758.0,4647.0,4662.0,4570.0,4503.0,4465.0,4369.0,4320.0,4248.0,4119.0,4099.0,4042.0,3936.0,3907.0,3787.0,3729.0,3667.0,3614.0,3547.0,3451.0,3364.0,3369.0,3277.0,3244.0,3191.0,3061.0,3066.0,2999.0,2927.0,2898.0,-,2657.0,3330.0,4183.0,4671.0,5042.0,5042.0,4863.0,4560.0,4572.0,5827.0,9213.0,12074.0,13774.0,13440.0,11765.0,10387.0,8941.0,7613.0,5852.0,4486.0,3621.0,2805.0,2484.0,2342.0,2274.0,2385.0,2471.0,2725.0,3262.0,4245.0,5950.0,8311.0,10993.0,12785.0,13545.0,13533.0,12853.0,11963.0,10888.0,9102.0,7403.0,5765.0,4362.0,3559.0,2972.0,2669.0,2589.0,2391.0,2372.0,2372.0
oct16_15s_2,950,---,5513.0,6929.0,8681.0,10297.0,11591.0,12107.0,11791.0,10813.0,9543.0,8243.0,4666.0,4769.0,4817.0,4842.0,4890.0,4919.0,4861.0,4895.0,4837.0,4808.0,4759.0,4647.0,4666.0,4554.0,4491.0,4467.0,4355.0,4326.0,4248.0,4126.0,4102.0,4039.0,3936.0,3912.0,3786.0,3727.0,3674.0,3606.0,3552.0,3460.0,3367.0,3377.0,3270.0,3250.0,3192.0,3070.0,3075.0,3007.0,2934.0,2914.0,-,2511.0,3206.0,4018.0,4643.0,5011.0,4958.0,4783.0,4543.0,4561.0,5857.0,9116.0,12019.0,13917.0,13403.0,11774.0,10384.0,8964.0,7569.0,5857.0,4479.0,3486.0,2715.0,2365.0,2207.0,2143.0,2225.0,2336.0,2657.0,3165.0,4175.0,5887.0,8316.0,11085.0,12831.0,13701.0,13678.0,12889.0,11990.0,10903.0,9192.0,7382.0,5624.0,4292.0,3422.0,2902.0,2528.0,2482.0,2266.0,2260.0,2207.0
oct16_15s_2,1000,---,5498.0,6922.0,8693.0,10283.0,11611.0,12097.0,11783.0,10840.0,9526.0,8241.0,4656.0,4746.0,4808.0,4827.0,4875.0,4898.0,4851.0,4865.0,4813.0,4794.0,4746.0,4627.0,4632.0,4532.0,4460.0,4437.0,4327.0,4284.0,4208.0,4089.0,4065.0,3999.0,3899.0,3870.0,3751.0,3689.0,3627.0,3570.0,3499.0,3408.0,3337.0,3327.0,3242.0,3204.0,3151.0,3023.0,3027.0,2956.0,2885.0,2861.0,-,2003.0,2618.0,3395.0,3816.0,4154.0,4173.0,4006.0,3775.0,3775.0,4839.0,7763.0,10192.0,11626.0,11487.0,9993.0,8906.0,7652.0,6486.0,4936.0,3738.0,2891.0,2174.0,1915.0,1781.0,1702.0,1808.0,1883.0,2118.0,2581.0,3419.0,5029.0,7189.0,9549.0,11034.0,11742.0,11783.0,11149.0,10261.0,9391.0,7897.0,6273.0,4853.0,3627.0,2900.0,2364.0,2072.0,1975.0,1818.0,1799.0,1771.0
oct16_10s,0,---,5517.0,6937.0,8697.0,10301.0,11589.0,12105.0,11774.0,10826.0,9528.0,8240.0,4720.0,4832.0,4895.0,4914.0,4982.0,5021.0,4958.0,4992.0,4934.0,4919.0,4866.0,4773.0,4798.0,4696.0,4637.0,4608.0,4516.0,4477.0,4423.0,4297.0,4278.0,4205.0,4122.0,4098.0,3966.0,3923.0,3864.0,3791.0,3743.0,3655.0,3563.0,3568.0,3475.0,3446.0,3398.0,3266.0,3271.0,3193.0,3121.0,3106.0,-,1994.0,2606.0,3297.0,3755.0,4025.0,4021.0,3937.0,3713.0,3661.0,4731.0,7500.0,9868.0,11297.0,10961.0,9611.0,8528.0,7393.0,6249.0,4768.0,3605.0,2881.0,2199.0,1896.0,1779.0,1690.0,1812.0,1905.0,2171.0,2601.0,3512.0,5034.0,7145.0,9625.0,11129.0,11690.0,11774.0,11129.0,10242.0,9326.0,7935.0,6272.0,4847.0,3628.0,2891.0,2367.0,2087.0,2012.0,1826.0,1849.0,1802.0
oct16_10s,50,---,5508.0,6941.0,8686.0,10294.0,11620.0,12093.0,11766.0,10821.0,9534.0,8242.0,4698.0,4801.0,4859.0,4884.0,4947.0,4976.0,4913.0,4952.0,4888.0,4874.0,4845.0,4723.0,4747.0,4650.0,4596.0,4577.0,4474.0,4430.0,4362.0,4235.0,4226.0,4177.0,4070.0,4055.0,3938.0,3879.0,3821.0,3758.0,3704.0,3607.0,3524.0,3533.0,3451.0,3416.0,3363.0,3226.0,3241.0,3158.0,3090.0,3070.0,-,2138.0,2757.0,3420.0,3858.0,4148.0,4157.0,4023.0,3804.0,3804.0,4880.0,7642.0,9976.0,11506.0,11247.0,9766.0,8684.0,7423.0,6336.0,4870.0,3714.0,2951.0,2318.0,2019.0,1914.0,1819.0,1929.0,1999.0,2283.0,2697.0,3579.0,5040.0,7259.0,9542.0,11013.0,11701.0,11840.0,11087.0,10280.0,9367.0,7907.0,6271.0,4875.0,3739.0,2966.0,2472.0,2188.0,2103.0,1929.0,1944.0,1914.0
oct16_10s,100,---,5505.0,6930.0,8676.0,10297.0,11587.0,12091.0,11774.0,10848.0,9544.0,8249.0,4700.0,4800.0,4863.0,4887.0,4940.0,4988.0,4925.0,4964.0,4901.0,4887.0,4834.0,4733.0,4752.0,4652.0,4589.0,4580.0,4465.0,4426.0,4364.0,4239.0,4220.0,4167.0,4067.0,4043.0,3928.0,3856.0,3798.0,3741.0,3683.0,3601.0,3510.0,3525.0,3429.0,3395.0,3333.0,3208.0,3218.0,3141.0,3069.0,3045.0,-,2109.0,2735.0,3423.0,3921.0,4293.0,4234.0,4078.0,3878.0,3829.0,4937.0,7868.0,10329.0,11839.0,11521.0,10075.0,8845.0,7672.0,6486.0,4972.0,3741.0,2974.0,2310.0,1978.0,1860.0,1797.0,1895.0,1968.0,2261.0,2735.0,3643.0,5182.0,7458.0,9900.0,11472.0,12112.0,12112.0,11477.0,10593.0,9690.0,8156.0,6481.0,4996.0,3755.0,2989.0,2437.0,2158.0,2109.0,1904.0,1885.0,1885.0
oct16_10s,150,---,5504.0,6932.0,8683.0,10291.0,11593.0,12091.0,11769.0,10842.0,9546.0,8249.0,4714.0,4807.0,4865.0,4904.0,4943.0,4977.0,4933.0,4963.0,4909.0,4880.0,4846.0,4738.0,4748.0,4656.0,4597.0,4573.0,4465.0,4426.0,4363.0,4246.0,4222.0,4153.0,4070.0,4041.0,3919.0,3866.0,3807.0,3749.0,3695.0,3593.0,3510.0,3524.0,3432.0,3403.0,3334.0,3222.0,3217.0,3139.0,3076.0,3061.0,-,2159.0,2761.0,3466.0,3920.0,4257.0,4231.0,4048.0,3859.0,3905.0,4890.0,7774.0,10148.0,11659.0,11363.0,9949.0,8765.0,7478.0,6370.0,4865.0,3706.0,2971.0,2338.0,2057.0,1939.0,1853.0,1975.0,2057.0,2302.0,2777.0,3619.0,5140.0,7346.0,9576.0,11047.0,11685.0,11777.0,11118.0,10245.0,9367.0,7836.0,6279.0,4885.0,3726.0,3001.0,2501.0,2205.0,2138.0,1960.0,1975.0,1944.0
oct16_10s,200,---,5532.0,6954.0,8690.0,10303.0,11591.0,12098.0,11768.0,10819.0,9526.0,8247.0,4691.0,4785.0,4849.0,4863.0,4932.0,4947.0,4913.0,4927.0,4868.0,4854.0,4804.0,4721.0,4721.0,4622.0,4559.0,4549.0,4450.0,4406.0,4342.0,4214.0,4200.0,4155.0,4047.0,4018.0,3899.0,3845.0,3786.0,3732.0,3678.0,3580.0,3491.0,3501.0,3413.0,3403.0,3334.0,3211.0,3211.0,3132.0,3073.0,3049.0,-,2644.0,3374.0,4243.0,4756.0,5080.0,5067.0,4915.0,4649.0,4655.0,5942.0,9266.0,11942.0,13826.0,13420.0,11657.0,10395.0,8892.0,7572.0,5784.0,4465.0,3621.0,2847.0,2536.0,2397.0,2315.0,2454.0,2517.0,2841.0,3348.0,4331.0,6057.0,8556.0,11264.0,12945.0,13769.0,13731.0,12976.0,11974.0,10966.0,9234.0,7395.0,5771.0,4484.0,3621.0,3063.0,2746.0,2600.0,2441.0,2441.0,2410.0
oct16_10s,250,---,5503.0,6937.0,8678.0,10294.0,11599.0,12096.0,11781.0,10829.0,9534.0,8247.0,4709.0,4795.0,4862.0,4877.0,4943.0,4982.0,4910.0,4948.0,4886.0,4877.0,4829.0,4709.0,4733.0,4637.0,4580.0,4551.0,4441.0,4408.0,4341.0,4226.0,4198.0,4145.0,4045.0,4021.0,3896.0,3849.0,3782.0,3719.0,3657.0,3566.0,3476.0,3485.0,3394.0,3366.0,3308.0,3179.0,3189.0,3107.0,3031.0,3021.0,-,2028.0,2599.0,3286.0,3801.0,4066.0,4094.0,3936.0,3708.0,3732.0,4832.0,7729.0,10031.0,11465.0,11131.0,9757.0,8634.0,7427.0,6327.0,4827.0,3639.0,2887.0,2181.0,1893.0,1782.0,1698.0,1791.0,1870.0,2149.0,2548.0,3490.0,4985.0,7246.0,9571.0,10964.0,11762.0,11804.0,11173.0,10277.0,9372.0,7826.0,6252.0,4860.0,3611.0,2887.0,2372.0,2093.0,2005.0,1791.0,1805.0,1782.0
oct16_10s,300,---,5578.0,6968.0,8709.0,10284.0,11591.0,12082.0,11756.0,10821.0,9525.0,8259.0,4731.0,4824.0,4886.0,4907.0,4953.0,4995.0,4938.0,4974.0,4907.0,4907.0,4850.0,4742.0,4767.0,4659.0,4607.0,4592.0,4483.0,4437.0,4385.0,4256.0,4251.0,4189.0,4085.0,4065.0,3941.0,3889.0,3832.0,3776.0,3729.0,3631.0,3538.0,3564.0,3471.0,3440.0,3388.0,3264.0,3280.0,3202.0,3125.0,3114.0,-,2065.0,2702.0,3431.0,3908.0,4246.0,4246.0,4082.0,3826.0,3826.0,4922.0,7947.0,10302.0,11866.0,11552.0,10061.0,8951.0,7697.0,6485.0,4989.0,3759.0,3006.0,2282.0,1964.0,1853.0,1766.0,1896.0,1978.0,2239.0,2697.0,3624.0,5187.0,7407.0,9960.0,11374.0,12136.0,12122.0,11446.0,10650.0,9714.0,8058.0,6505.0,5023.0,3739.0,2943.0,2465.0,2161.0,2089.0,1896.0,1872.0,1853.0
oct16_10s,350,---,5529.0,6955.0,8705.0,10303.0,11592.0,12092.0,11759.0,10822.0,9528.0,8239.0,4715.0,4813.0,4862.0,4886.0,4945.0,4985.0,4926.0,4955.0,4882.0,4882.0,4833.0,4735.0,4735.0,4646.0,4578.0,4558.0,4465.0,4421.0,4362.0,4230.0,4210.0,4156.0,4058.0,4034.0,3896.0,3852.0,3798.0,3735.0,3681.0,3578.0,3499.0,3509.0,3411.0,3396.0,3328.0,3210.0,3210.0,3127.0,3073.0,3048.0,-,2113.0,2708.0,3418.0,3899.0,4206.0,4201.0,4082.0,3795.0,3854.0,4921.0,7714.0,10095.0,11524.0,11256.0,9896.0,8755.0,7485.0,6359.0,4911.0,3735.0,3006.0,2301.0,2014.0,1870.0,1810.0,1939.0,1984.0,2272.0,2703.0,3556.0,5070.0,7178.0,9549.0,11032.0,11692.0,11796.0,11127.0,10323.0,9351.0,7947.0,6344.0,4846.0,3725.0,2971.0,2475.0,2157.0,2083.0,1929.0,1924.0,1904.0
oct16_10s,400,---,5491.0,6937.0,8693.0,10296.0,11594.0,12100.0,11776.0,10836.0,9533.0,8230.0,4685.0,4776.0,4833.0,4852.0,4905.0,4962.0,4895.0,4914.0,4857.0,4852.0,4795.0,4690.0,4709.0,4609.0,4552.0,4523.0,4418.0,4370.0,4303.0,4184.0,4160.0,4093.0,4003.0,3979.0,3855.0,3793.0,3736.0,3678.0,3616.0,3521.0,3440.0,3449.0,3344.0,3311.0,3263.0,3139.0,3139.0,3063.0,2996.0,2972.0,-,1965.0,2566.0,3253.0,3781.0,4049.0,4031.0,3953.0,3712.0,3708.0,4732.0,7580.0,10019.0,11429.0,11170.0,9814.0,8722.0,7475.0,6401.0,4900.0,3708.0,2861.0,2188.0,1883.0,1756.0,1660.0,1765.0,1847.0,2115.0,2548.0,3421.0,5018.0,7248.0,9618.0,10992.0,11643.0,11866.0,11124.0,10269.0,9359.0,7876.0,6347.0,4823.0,3626.0,2861.0,2311.0,2033.0,1965.0,1801.0,1774.0,1747.0
oct16_10s,450,---,5504.0,6928.0,8687.0,10279.0,11608.0,12108.0,11775.0,10836.0,9526.0,8248.0,4679.0,4779.0,4836.0,4865.0,4913.0,4951.0,4894.0,4913.0,4860.0,4846.0,4798.0,4689.0,4693.0,4603.0,4550.0,4517.0,4412.0,4355.0,4288.0,4184.0,4160.0,4088.0,3988.0,3964.0,3855.0,3778.0,3731.0,3664.0,3607.0,3507.0,3431.0,3431.0,3335.0,3307.0,3254.0,3121.0,3130.0,3054.0,2983.0,2964.0,-,1986.0,2612.0,3297.0,3812.0,4088.0,4051.0,3968.0,3729.0,3683.0,4833.0,7647.0,10057.0,11551.0,11183.0,9942.0,8714.0,7491.0,6286.0,4929.0,3743.0,2869.0,2202.0,1885.0,1775.0,1696.0,1811.0,1853.0,2133.0,2570.0,3444.0,4957.0,7238.0,9684.0,11087.0,11685.0,11767.0,11045.0,10287.0,9330.0,7872.0,6263.0,4782.0,3605.0,2855.0,2349.0,2069.0,1986.0,1807.0,1765.0,1765.0
oct16_10s,500,---,5509.0,6940.0,8693.0,10283.0,11594.0,12098.0,11786.0,10830.0,9534.0,8237.0,4692.0,4798.0,4851.0,4875.0,4927.0,4975.0,4918.0,4937.0,4879.0,4860.0,4822.0,4707.0,4716.0,4615.0,4562.0,4529.0,4423.0,4370.0,4308.0,4178.0,4164.0,4101.0,4015.0,3976.0,3856.0,3789.0,3731.0,3669.0,3621.0,3515.0,3429.0,3439.0,3338.0,3318.0,3256.0,3126.0,3136.0,3059.0,2992.0,2968.0,-,2076.0,2683.0,3387.0,3883.0,4206.0,4187.0,4033.0,3792.0,3777.0,4866.0,7733.0,10167.0,11540.0,11386.0,9916.0,8760.0,7545.0,6398.0,4987.0,3719.0,2953.0,2288.0,1946.0,1850.0,1773.0,1884.0,1946.0,2192.0,2654.0,3517.0,5069.0,7237.0,9574.0,11053.0,11694.0,11795.0,11087.0,10326.0,9343.0,7887.0,6336.0,4832.0,3686.0,2895.0,2404.0,2105.0,2076.0,1884.0,1898.0,1855.0
oct16_10s,550,---,5520.0,6939.0,8701.0,10292.0,11603.0,12088.0,11769.0,10815.0,9543.0,8246.0,4703.0,4796.0,4854.0,4879.0,4938.0,4967.0,4908.0,4947.0,4879.0,4854.0,4820.0,4707.0,4712.0,4605.0,4566.0,4531.0,4424.0,4380.0,4321.0,4189.0,4179.0,4110.0,4017.0,3993.0,3861.0,3807.0,3748.0,3685.0,3621.0,3533.0,3445.0,3455.0,3362.0,3337.0,3269.0,3146.0,3156.0,3068.0,3009.0,2990.0,-,2070.0,2679.0,3503.0,3983.0,4289.0,4265.0,4155.0,3858.0,3868.0,5037.0,7999.0,10472.0,11949.0,11656.0,10233.0,8996.0,7793.0,6724.0,5123.0,3839.0,2990.0,2305.0,1945.0,1826.0,1754.0,1869.0,1941.0,2223.0,2679.0,3575.0,5166.0,7357.0,9892.0,11441.0,12193.0,12164.0,11455.0,10659.0,9667.0,8095.0,6489.0,4984.0,3729.0,2966.0,2401.0,2132.0,2051.0,1888.0,1888.0,1845.0
oct16_10s,600,---,5574.0,6976.0,8703.0,10296.0,11589.0,12075.0,11760.0,10818.0,9525.0,8253.0,4711.0,4804.0,4871.0,4892.0,4938.0,4980.0,4912.0,4954.0,4881.0,4856.0,4814.0,4716.0,4731.0,4633.0,4581.0,4540.0,4452.0,4406.0,4338.0,4214.0,4199.0,4132.0,4038.0,4023.0,3904.0,3847.0,3780.0,3723.0,3671.0,3583.0,3495.0,3511.0,3408.0,3392.0,3340.0,3211.0,3227.0,3144.0,3082.0,3066.0,-,1994.0,2588.0,3376.0,3849.0,4132.0,4159.0,3988.0,3745.0,3745.0,4875.0,7779.0,10300.0,11803.0,11389.0,10066.0,8873.0,7608.0,6554.0,5105.0,3759.0,2908.0,2214.0,1872.0,1737.0,1661.0,1760.0,1863.0,2124.0,2593.0,3506.0,5109.0,7459.0,9962.0,11389.0,12186.0,12159.0,11448.0,10619.0,9665.0,8130.0,6482.0,4965.0,3677.0,2894.0,2376.0,2048.0,1944.0,1800.0,1778.0,1742.0
oct16_10s,650,---,5505.0,6929.0,8683.0,10289.0,11598.0,12095.0,11785.0,10838.0,9534.0,8243.0,4683.0,4774.0,4831.0,4855.0,4903.0,4946.0,4874.0,4917.0,4841.0,4831.0,4779.0,4669.0,4683.0,4578.0,4516.0,4492.0,4382.0,4334.0,4282.0,4148.0,4124.0,4062.0,3961.0,3933.0,3804.0,3756.0,3689.0,3632.0,3579.0,3474.0,3383.0,3402.0,3307.0,3278.0,3211.0,3096.0,3092.0,3015.0,2953.0,2934.0,-,2066.0,2676.0,3405.0,3935.0,4233.0,4242.0,4048.0,3849.0,3826.0,4937.0,7969.0,10419.0,12022.0,11592.0,10225.0,9052.0,7770.0,6626.0,5098.0,3812.0,2956.0,2279.0,1953.0,1797.0,1740.0,1863.0,1901.0,2194.0,2648.0,3542.0,5145.0,7401.0,9913.0,11459.0,12103.0,12103.0,11507.0,10684.0,9681.0,8106.0,6484.0,4980.0,3708.0,2951.0,2483.0,2123.0,2000.0,1868.0,1863.0,1825.0
oct16_10s,700,---,5513.0,6945.0,8693.0,10298.0,11596.0,12090.0,11773.0,10825.0,9527.0,8248.0,4665.0,4761.0,4828.0,4847.0,4900.0,4924.0,4871.0,4900.0,4837.0,4818.0,4766.0,4660.0,4679.0,4560.0,4507.0,4478.0,4373.0,4330.0,4272.0,4129.0,4114.0,4042.0,3951.0,3918.0,3798.0,3745.0,3673.0,3621.0,3554.0,3458.0,3367.0,3386.0,3295.0,3262.0,3194.0,3079.0,3084.0,3008.0,2941.0,2912.0,-,2112.0,2752.0,3496.0,4018.0,4299.0,4309.0,4141.0,3905.0,3885.0,5008.0,7973.0,10479.0,12090.0,11814.0,10322.0,9091.0,7879.0,6692.0,5146.0,3836.0,3043.0,2309.0,2033.0,1876.0,1787.0,1896.0,1984.0,2230.0,2683.0,3600.0,5151.0,7372.0,9923.0,11425.0,12193.0,12149.0,11499.0,10667.0,9618.0,8145.0,6515.0,4964.0,3767.0,3028.0,2442.0,2181.0,2102.0,1955.0,1900.0,1871.0
oct16_10s,750,---,5496.0,6939.0,8690.0,10293.0,11608.0,12096.0,11779.0,10833.0,9522.0,8236.0,4664.0,4759.0,4815.0,4829.0,4886.0,4924.0,4867.0,4900.0,4825.0,4815.0,4754.0,4659.0,4664.0,4550.0,4498.0,4465.0,4356.0,4314.0,4243.0,4125.0,4091.0,4035.0,3931.0,3898.0,3779.0,3722.0,3661.0,3590.0,3538.0,3434.0,3349.0,3363.0,3268.0,3231.0,3178.0,3055.0,3055.0,2980.0,2904.0,2895.0,-,2048.0,2672.0,3401.0,3893.0,4172.0,4205.0,4063.0,3855.0,3813.0,4839.0,7872.0,10228.0,11789.0,11472.0,10067.0,8856.0,7583.0,6509.0,4972.0,3718.0,2952.0,2247.0,1939.0,1816.0,1722.0,1835.0,1934.0,2195.0,2625.0,3524.0,5028.0,7167.0,9580.0,11084.0,11732.0,11808.0,11093.0,10308.0,9338.0,7886.0,6363.0,4801.0,3638.0,2923.0,2379.0,2119.0,2034.0,1840.0,1845.0,1816.0
oct16_10s,800,---,5502.0,6942.0,8688.0,10320.0,11607.0,12090.0,11770.0,10813.0,9531.0,8234.0,4665.0,4755.0,4808.0,4813.0,4885.0,4904.0,4856.0,4885.0,4808.0,4803.0,4755.0,4641.0,4650.0,4545.0,4488.0,4454.0,4349.0,4311.0,4234.0,4119.0,4095.0,4028.0,3937.0,3899.0,3784.0,3727.0,3660.0,3602.0,3550.0,3444.0,3354.0,3373.0,3277.0,3258.0,3191.0,3066.0,3066.0,2990.0,2923.0,2909.0,-,2392.0,3134.0,3987.0,4546.0,4945.0,4890.0,4668.0,4469.0,4463.0,5731.0,9126.0,12067.0,13911.0,13551.0,11779.0,10455.0,8910.0,7642.0,5787.0,4380.0,3455.0,2647.0,2242.0,2126.0,2038.0,2159.0,2254.0,2541.0,3045.0,4131.0,5925.0,8501.0,11247.0,13014.0,13762.0,13767.0,13036.0,12062.0,11020.0,9276.0,7382.0,5615.0,4336.0,3428.0,2807.0,2464.0,2342.0,2209.0,2148.0,2143.0
oct16_10s,850,---,5529.0,6942.0,8719.0,10297.0,11617.0,12098.0,11763.0,10816.0,9505.0,8238.0,4646.0,4738.0,4791.0,4811.0,4854.0,4884.0,4825.0,4850.0,4791.0,4782.0,4723.0,4617.0,4631.0,4524.0,4471.0,4417.0,4335.0,4286.0,4214.0,4092.0,4073.0,4014.0,3922.0,3883.0,3772.0,3713.0,3650.0,3587.0,3534.0,3432.0,3354.0,3369.0,3272.0,3243.0,3194.0,3063.0,3073.0,3000.0,2932.0,2912.0,-,2003.0,2582.0,3332.0,3812.0,4124.0,4133.0,3979.0,3690.0,3712.0,4857.0,7773.0,10157.0,11708.0,11360.0,10003.0,8759.0,7597.0,6417.0,4961.0,3690.0,2862.0,2179.0,1890.0,1736.0,1632.0,1772.0,1858.0,2102.0,2528.0,3396.0,4970.0,7226.0,9578.0,10993.0,11744.0,11794.0,11120.0,10369.0,9325.0,7846.0,6227.0,4780.0,3577.0,2826.0,2310.0,2030.0,1953.0,1790.0,1763.0,1745.0
oct16_10s,900,---,5515.0,6937.0,8695.0,10298.0,11606.0,12099.0,11759.0,10840.0,9523.0,8240.0,4663.0,4754.0,4821.0,4840.0,4893.0,4917.0,4869.0,4883.0,4816.0,4802.0,4749.0,4649.0,4663.0,4558.0,4500.0,4457.0,4361.0,4313.0,4251.0,4122.0,4098.0,4041.0,3940.0,3911.0,3782.0,3720.0,3662.0,3605.0,3543.0,3442.0,3356.0,3370.0,3274.0,3246.0,3174.0,3064.0,3073.0,2997.0,2915.0,2901.0,-,2435.0,3142.0,4029.0,4618.0,4932.0,4882.0,4753.0,4489.0,4500.0,5819.0,9231.0,12093.0,13738.0,13452.0,11796.0,10404.0,8962.0,7559.0,5847.0,4360.0,3468.0,2615.0,2261.0,2155.0,2037.0,2216.0,2278.0,2587.0,3120.0,4102.0,5965.0,8384.0,11218.0,12930.0,13631.0,13609.0,12958.0,12004.0,10864.0,9192.0,7295.0,5612.0,4253.0,3406.0,2783.0,2480.0,2357.0,2211.0,2183.0,2155.0
oct16_10s,950,---,5508.0,6938.0,8702.0,10294.0,11585.0,12107.0,11781.0,10816.0,9525.0,8248.0,4666.0,4762.0,4815.0,4843.0,4891.0,4929.0,4872.0,4886.0,4824.0,4810.0,4757.0,4652.0,4666.0,4556.0,4485.0,4461.0,4356.0,4317.0,4246.0,4116.0,4093.0,4035.0,3935.0,3901.0,3782.0,3720.0,3653.0,3595.0,3533.0,3442.0,3351.0,3356.0,3270.0,3227.0,3165.0,3050.0,3055.0,2978.0,2916.0,2888.0,-,2052.0,2661.0,3413.0,3908.0,4189.0,4213.0,4023.0,3785.0,3813.0,4951.0,7822.0,10331.0,11760.0,11488.0,10107.0,8922.0,7694.0,6541.0,4984.0,3747.0,2947.0,2237.0,1937.0,1823.0,1752.0,1837.0,1928.0,2194.0,2623.0,3475.0,4984.0,7208.0,9588.0,11031.0,11745.0,11764.0,11126.0,10284.0,9369.0,7879.0,6318.0,4870.0,3670.0,2928.0,2361.0,2094.0,2052.0,1852.0,1856.0,1823.0
oct16_10s,1000,---,5500.0,6940.0,8713.0,10292.0,11604.0,12098.0,11770.0,10834.0,9521.0,8224.0,4644.0,4734.0,4796.0,4815.0,4867.0,4896.0,4839.0,4867.0,4801.0,4772.0,4720.0,4606.0,4625.0,4525.0,4463.0,4425.0,4311.0,4278.0,4207.0,4078.0,4055.0,3993.0,3888.0,3860.0,3741.0,3679.0,3617.0,3546.0,3484.0,3399.0,3313.0,3318.0,3227.0,3194.0,3137.0,3013.0,3023.0,2947.0,2876.0,2857.0,-,2042.0,2641.0,3353.0,3914.0,4146.0,4212.0,3976.0,3820.0,3702.0,4881.0,7796.0,10263.0,11683.0,11428.0,9942.0,8749.0,7598.0,6485.0,4985.0,3712.0,2929.0,2273.0,1919.0,1806.0,1749.0,1863.0,1919.0,2183.0,2570.0,3466.0,4947.0,7160.0,9584.0,11093.0,11697.0,11782.0,11112.0,10334.0,9310.0,7924.0,6296.0,4815.0,3641.0,2896.0,2391.0,2094.0,1999.0,1839.0,1844.0,1815.0
