16agov2,0,---,1162.0,1461.0,1831.0,2167.0,2439.0,2544.0,2477.0,2284.0,2011.0,1745.0,1007.0,1030.0,1043.0,1051.0,1063.0,1070.0,1059.0,1064.0,1052.0,1050.0,1038.0,1012.0,1016.0,994.0,982.0,977.0,954.0,947.0,932.0,905.0,902.0,889.0,869.0,862.0,837.0,826.0,811.0,797.0,787.0,766.0,748.0,750.0,727.0,721.0,710.0,681.0,683.0,664.0,652.0,645.0,-,411.0,493.0,594.0,639.0,682.0,672.0,651.0,615.0,631.0,814.0,1159.0,1443.0,1610.0,1535.0,1363.0,1179.0,1009.0,849.0,662.0,535.0,464.0,398.0,379.0,371.0,358.0,375.0,384.0,420.0,467.0,571.0,738.0,958.0,1189.0,1316.0,1387.0,1371.0,1301.0,1199.0,1093.0,913.0,768.0,644.0,534.0,464.0,421.0,387.0,399.0,369.0,375.0,373.0
16agov2,0,---,1147.0,1443.0,1808.0,2139.0,2409.0,2509.0,2449.0,2253.0,1989.0,1725.0,995.0,1018.0,1033.0,1039.0,1050.0,1060.0,1048.0,1053.0,1040.0,1040.0,1024.0,1001.0,1006.0,985.0,974.0,967.0,947.0,937.0,924.0,899.0,896.0,880.0,860.0,854.0,829.0,818.0,804.0,793.0,781.0,761.0,742.0,742.0,723.0,717.0,705.0,676.0,678.0,660.0,647.0,642.0,-,406.0,494.0,590.0,634.0,676.0,667.0,647.0,619.0,623.0,794.0,1159.0,1445.0,1603.0,1517.0,1338.0,1182.0,1013.0,836.0,659.0,541.0,462.0,400.0,377.0,368.0,358.0,377.0,381.0,422.0,464.0,574.0,739.0,961.0,1191.0,1310.0,1370.0,1363.0,1282.0,1190.0,1085.0,933.0,771.0,641.0,538.0,464.0,417.0,396.0,391.0,368.0,372.0,368.0
16agov2,0,---,1140.0,1431.0,1790.0,2120.0,2391.0,2492.0,2432.0,2234.0,1973.0,1711.0,990.0,1013.0,1025.0,1030.0,1044.0,1053.0,1040.0,1047.0,1032.0,1031.0,1022.0,998.0,1002.0,980.0,968.0,963.0,943.0,933.0,920.0,894.0,891.0,876.0,857.0,851.0,826.0,815.0,802.0,789.0,776.0,757.0,739.0,740.0,720.0,715.0,701.0,675.0,676.0,658.0,645.0,641.0,-,405.0,491.0,592.0,633.0,686.0,666.0,646.0,619.0,621.0,790.0,1152.0,1440.0,1600.0,1515.0,1341.0,1170.0,1008.0,847.0,662.0,539.0,454.0,399.0,382.0,368.0,361.0,377.0,386.0,419.0,464.0,560.0,735.0,957.0,1168.0,1303.0,1361.0,1354.0,1277.0,1179.0,1082.0,916.0,766.0,630.0,529.0,462.0,417.0,391.0,395.0,369.0,371.0,373.0
16agov2,125,---,1203.0,1514.0,1898.0,2248.0,2532.0,2643.0,2575.0,2367.0,2090.0,1809.0,1041.0,1065.0,1077.0,1083.0,1096.0,1103.0,1093.0,1099.0,1086.0,1083.0,1072.0,1047.0,1052.0,1024.0,1011.0,1003.0,982.0,973.0,960.0,930.0,926.0,912.0,890.0,880.0,856.0,843.0,829.0,816.0,802.0,781.0,761.0,762.0,740.0,732.0,721.0,692.0,691.0,673.0,659.0,654.0,-,413.0,509.0,615.0,675.0,723.0,711.0,687.0,657.0,674.0,861.0,1284.0,1617.0,1821.0,1728.0,1522.0,1329.0,1123.0,943.0,733.0,577.0,485.0,418.0,385.0,368.0,358.0,377.0,387.0,430.0,476.0,599.0,788.0,1042.0,1311.0,1487.0,1551.0,1552.0,1463.0,1335.0,1243.0,1045.0,867.0,690.0,573.0,482.0,436.0,400.0,400.0,368.0,381.0,371.0
16agov2,125,---,1199.0,1512.0,1894.0,2247.0,2529.0,2640.0,2573.0,2369.0,2092.0,1808.0,1041.0,1064.0,1078.0,1084.0,1096.0,1104.0,1091.0,1098.0,1085.0,1083.0,1072.0,1048.0,1047.0,1025.0,1010.0,1003.0,978.0,972.0,956.0,930.0,925.0,912.0,888.0,884.0,856.0,842.0,830.0,814.0,802.0,780.0,761.0,762.0,742.0,733.0,722.0,693.0,692.0,674.0,658.0,654.0,-,416.0,510.0,617.0,666.0,720.0,717.0,688.0,658.0,666.0,870.0,1292.0,1616.0,1808.0,1725.0,1520.0,1328.0,1136.0,941.0,735.0,573.0,485.0,415.0,384.0,372.0,359.0,379.0,388.0,427.0,479.0,593.0,790.0,1051.0,1311.0,1482.0,1555.0,1562.0,1469.0,1351.0,1235.0,1046.0,861.0,703.0,576.0,485.0,432.0,402.0,396.0,370.0,379.0,369.0
16agov2,125,---,1195.0,1509.0,1891.0,2241.0,2522.0,2635.0,2567.0,2362.0,2089.0,1805.0,1037.0,1063.0,1077.0,1082.0,1094.0,1103.0,1089.0,1097.0,1084.0,1081.0,1068.0,1046.0,1048.0,1022.0,1009.0,1003.0,980.0,968.0,956.0,928.0,924.0,910.0,888.0,883.0,854.0,842.0,827.0,815.0,799.0,780.0,762.0,762.0,739.0,733.0,718.0,691.0,691.0,673.0,658.0,651.0,-,415.0,520.0,613.0,674.0,720.0,718.0,690.0,655.0,666.0,859.0,1265.0,1601.0,1801.0,1716.0,1517.0,1326.0,1134.0,926.0,721.0,576.0,482.0,410.0,385.0,368.0,356.0,373.0,384.0,426.0,476.0,587.0,783.0,1047.0,1314.0,1477.0,1553.0,1547.0,1458.0,1350.0,1234.0,1050.0,862.0,704.0,576.0,495.0,439.0,396.0,398.0,374.0,376.0,378.0
16agov2,250,---,1212.0,1530.0,1919.0,2275.0,2559.0,2670.0,2603.0,2393.0,2114.0,1828.0,1045.0,1071.0,1082.0,1089.0,1099.0,1108.0,1094.0,1100.0,1088.0,1082.0,1072.0,1046.0,1049.0,1022.0,1010.0,999.0,977.0,967.0,952.0,925.0,919.0,906.0,884.0,875.0,847.0,836.0,821.0,807.0,793.0,772.0,750.0,753.0,730.0,723.0,710.0,681.0,683.0,664.0,648.0,641.0,-,416.0,517.0,635.0,704.0,757.0,750.0,713.0,683.0,690.0,897.0,1344.0,1713.0,1935.0,1858.0,1627.0,1410.0,1200.0,990.0,764.0,602.0,502.0,419.0,388.0,373.0,361.0,372.0,384.0,430.0,481.0,613.0,799.0,1088.0,1387.0,1561.0,1646.0,1645.0,1563.0,1437.0,1315.0,1104.0,908.0,733.0,592.0,502.0,433.0,405.0,402.0,369.0,377.0,371.0
16agov2,250,---,1228.0,1557.0,1946.0,2306.0,2602.0,2708.0,2644.0,2432.0,2148.0,1857.0,1060.0,1083.0,1097.0,1102.0,1114.0,1122.0,1106.0,1115.0,1102.0,1097.0,1086.0,1062.0,1062.0,1039.0,1023.0,1012.0,990.0,979.0,964.0,936.0,931.0,915.0,893.0,886.0,857.0,844.0,831.0,815.0,800.0,780.0,758.0,760.0,738.0,728.0,716.0,689.0,689.0,669.0,653.0,648.0,-,416.0,527.0,634.0,703.0,745.0,746.0,720.0,686.0,693.0,893.0,1339.0,1701.0,1927.0,1840.0,1623.0,1407.0,1193.0,999.0,753.0,597.0,497.0,417.0,384.0,368.0,361.0,375.0,384.0,421.0,492.0,594.0,803.0,1091.0,1382.0,1579.0,1648.0,1655.0,1552.0,1443.0,1309.0,1117.0,906.0,730.0,593.0,510.0,443.0,401.0,401.0,378.0,376.0,378.0
16agov2,250,---,1226.0,1551.0,1940.0,2298.0,2596.0,2707.0,2636.0,2423.0,2141.0,1854.0,1057.0,1081.0,1093.0,1100.0,1112.0,1119.0,1106.0,1110.0,1100.0,1093.0,1084.0,1059.0,1060.0,1037.0,1020.0,1012.0,987.0,979.0,962.0,935.0,927.0,916.0,891.0,886.0,856.0,844.0,827.0,814.0,800.0,778.0,758.0,759.0,737.0,729.0,716.0,688.0,685.0,668.0,653.0,647.0,-,419.0,525.0,642.0,703.0,752.0,750.0,718.0,682.0,688.0,887.0,1349.0,1701.0,1903.0,1827.0,1601.0,1405.0,1191.0,986.0,760.0,595.0,496.0,419.0,385.0,373.0,355.0,382.0,390.0,429.0,477.0,593.0,790.0,1082.0,1376.0,1555.0,1625.0,1633.0,1529.0,1420.0,1301.0,1102.0,903.0,729.0,581.0,496.0,443.0,402.0,400.0,373.0,375.0,374.0
16agov2,500,---,1231.0,1557.0,1948.0,2310.0,2605.0,2715.0,2651.0,2437.0,2150.0,1862.0,1056.0,1080.0,1092.0,1099.0,1109.0,1115.0,1100.0,1107.0,1093.0,1089.0,1076.0,1049.0,1049.0,1023.0,1009.0,999.0,974.0,964.0,947.0,917.0,912.0,896.0,873.0,865.0,836.0,823.0,807.0,792.0,778.0,756.0,735.0,736.0,712.0,707.0,692.0,663.0,663.0,647.0,630.0,625.0,-,419.0,533.0,653.0,718.0,779.0,768.0,738.0,704.0,704.0,912.0,1391.0,1779.0,1984.0,1920.0,1685.0,1479.0,1248.0,1045.0,798.0,617.0,506.0,429.0,385.0,374.0,363.0,381.0,389.0,436.0,486.0,613.0,821.0,1119.0,1410.0,1625.0,1712.0,1693.0,1591.0,1479.0,1349.0,1141.0,935.0,750.0,599.0,517.0,448.0,403.0,400.0,378.0,376.0,379.0
16agov2,500,---,1231.0,1552.0,1947.0,2307.0,2599.0,2710.0,2644.0,2433.0,2148.0,1858.0,1053.0,1079.0,1089.0,1095.0,1107.0,1113.0,1100.0,1106.0,1091.0,1085.0,1075.0,1048.0,1047.0,1021.0,1005.0,994.0,973.0,963.0,946.0,915.0,909.0,897.0,873.0,863.0,835.0,823.0,807.0,791.0,777.0,754.0,735.0,734.0,712.0,705.0,692.0,664.0,662.0,647.0,631.0,625.0,-,421.0,528.0,648.0,708.0,769.0,767.0,735.0,706.0,701.0,905.0,1389.0,1767.0,1978.0,1923.0,1675.0,1451.0,1246.0,1042.0,795.0,619.0,506.0,423.0,387.0,374.0,362.0,381.0,387.0,432.0,487.0,614.0,815.0,1098.0,1413.0,1616.0,1685.0,1679.0,1595.0,1469.0,1348.0,1142.0,934.0,747.0,603.0,505.0,441.0,403.0,402.0,373.0,378.0,374.0
16agov2,500,---,1227.0,1552.0,1945.0,2309.0,2597.0,2712.0,2642.0,2432.0,2149.0,1859.0,1055.0,1078.0,1094.0,1095.0,1109.0,1113.0,1101.0,1106.0,1091.0,1088.0,1077.0,1047.0,1049.0,1022.0,1007.0,998.0,974.0,962.0,946.0,919.0,912.0,894.0,872.0,863.0,836.0,823.0,808.0,794.0,778.0,756.0,732.0,733.0,712.0,704.0,692.0,663.0,661.0,646.0,630.0,624.0,-,421.0,530.0,645.0,718.0,753.0,750.0,723.0,691.0,695.0,893.0,1361.0,1722.0,1958.0,1857.0,1643.0,1425.0,1220.0,1015.0,773.0,606.0,511.0,422.0,391.0,375.0,357.0,381.0,391.0,431.0,477.0,601.0,800.0,1090.0,1382.0,1584.0,1648.0,1648.0,1561.0,1431.0,1314.0,1105.0,913.0,733.0,592.0,503.0,447.0,400.0,404.0,371.0,373.0,370.0
16agov2,750,---,1211.0,1529.0,1915.0,2269.0,2555.0,2666.0,2599.0,2391.0,2108.0,1825.0,1027.0,1048.0,1062.0,1065.0,1075.0,1080.0,1068.0,1072.0,1057.0,1050.0,1036.0,1009.0,1008.0,983.0,969.0,960.0,936.0,923.0,907.0,880.0,874.0,859.0,835.0,829.0,801.0,786.0,772.0,759.0,744.0,722.0,701.0,703.0,681.0,674.0,660.0,634.0,633.0,617.0,601.0,596.0,-,407.0,499.0,621.0,667.0,711.0,719.0,694.0,651.0,658.0,847.0,1264.0,1605.0,1789.0,1719.0,1501.0,1323.0,1115.0,942.0,727.0,580.0,483.0,413.0,382.0,372.0,359.0,375.0,384.0,416.0,467.0,576.0,758.0,992.0,1259.0,1424.0,1484.0,1485.0,1418.0,1295.0,1197.0,1014.0,848.0,688.0,562.0,479.0,430.0,395.0,391.0,374.0,371.0,368.0
16agov2,750,---,1202.0,1513.0,1896.0,2246.0,2527.0,2639.0,2567.0,2366.0,2087.0,1805.0,1016.0,1038.0,1052.0,1055.0,1065.0,1070.0,1056.0,1061.0,1047.0,1040.0,1026.0,999.0,1000.0,977.0,962.0,954.0,927.0,916.0,899.0,872.0,865.0,850.0,830.0,820.0,793.0,781.0,765.0,752.0,738.0,718.0,697.0,696.0,677.0,669.0,655.0,628.0,629.0,613.0,599.0,594.0,-,414.0,507.0,610.0,675.0,719.0,717.0,692.0,651.0,661.0,849.0,1257.0,1596.0,1798.0,1722.0,1521.0,1310.0,1122.0,938.0,725.0,577.0,486.0,417.0,385.0,374.0,357.0,373.0,386.0,423.0,462.0,571.0,752.0,992.0,1267.0,1424.0,1488.0,1478.0,1407.0,1308.0,1173.0,1005.0,841.0,695.0,557.0,482.0,431.0,400.0,397.0,369.0,382.0,377.0
16agov2,750,---,1203.0,1518.0,1902.0,2252.0,2537.0,2649.0,2578.0,2369.0,2099.0,1813.0,1018.0,1044.0,1054.0,1058.0,1067.0,1075.0,1062.0,1067.0,1050.0,1044.0,1030.0,1002.0,1003.0,979.0,965.0,956.0,931.0,919.0,902.0,875.0,870.0,853.0,829.0,823.0,796.0,783.0,767.0,754.0,741.0,719.0,700.0,698.0,679.0,671.0,658.0,630.0,632.0,615.0,598.0,596.0,-,410.0,507.0,604.0,671.0,704.0,717.0,678.0,645.0,654.0,823.0,1244.0,1564.0,1762.0,1694.0,1474.0,1311.0,1100.0,927.0,715.0,576.0,480.0,413.0,382.0,369.0,357.0,371.0,386.0,419.0,454.0,566.0,734.0,981.0,1235.0,1394.0,1456.0,1465.0,1377.0,1275.0,1167.0,985.0,831.0,684.0,560.0,474.0,423.0,397.0,393.0,368.0,373.0,370.0
16agov2,1250,---,1190.0,1500.0,1879.0,2226.0,2509.0,2621.0,2549.0,2345.0,2070.0,1789.0,1000.0,1022.0,1033.0,1038.0,1049.0,1051.0,1037.0,1042.0,1021.0,1014.0,1002.0,975.0,975.0,951.0,933.0,924.0,898.0,888.0,872.0,842.0,836.0,821.0,798.0,790.0,761.0,750.0,733.0,720.0,704.0,685.0,665.0,664.0,643.0,640.0,625.0,599.0,598.0,583.0,571.0,567.0,-,410.0,499.0,594.0,655.0,703.0,683.0,678.0,640.0,640.0,825.0,1218.0,1526.0,1727.0,1655.0,1446.0,1260.0,1072.0,904.0,688.0,571.0,471.0,406.0,384.0,371.0,361.0,371.0,381.0,417.0,451.0,560.0,725.0,947.0,1177.0,1341.0,1387.0,1392.0,1306.0,1206.0,1109.0,944.0,784.0,653.0,539.0,464.0,421.0,387.0,390.0,368.0,375.0,368.0
16agov2,1250,---,1188.0,1499.0,1877.0,2224.0,2504.0,2615.0,2544.0,2347.0,2064.0,1794.0,1001.0,1022.0,1034.0,1036.0,1046.0,1050.0,1034.0,1038.0,1019.0,1012.0,999.0,974.0,975.0,951.0,933.0,922.0,900.0,887.0,870.0,842.0,836.0,818.0,796.0,789.0,764.0,748.0,733.0,718.0,705.0,686.0,663.0,664.0,644.0,637.0,626.0,599.0,599.0,583.0,571.0,568.0,-,405.0,495.0,596.0,643.0,682.0,682.0,656.0,633.0,623.0,799.0,1168.0,1470.0,1666.0,1569.0,1379.0,1211.0,1031.0,857.0,686.0,545.0,466.0,400.0,379.0,368.0,358.0,370.0,383.0,416.0,459.0,552.0,695.0,912.0,1132.0,1264.0,1311.0,1326.0,1239.0,1155.0,1056.0,897.0,759.0,642.0,528.0,458.0,415.0,395.0,391.0,369.0,370.0,372.0
16agov2,1250,---,1179.0,1481.0,1858.0,2197.0,2475.0,2585.0,2516.0,2316.0,2043.0,1772.0,994.0,1011.0,1022.0,1025.0,1034.0,1041.0,1023.0,1029.0,1010.0,1005.0,990.0,966.0,966.0,940.0,925.0,916.0,889.0,882.0,862.0,834.0,831.0,814.0,790.0,783.0,756.0,741.0,726.0,714.0,701.0,681.0,659.0,660.0,640.0,634.0,622.0,595.0,596.0,580.0,567.0,564.0,-,404.0,492.0,590.0,640.0,675.0,678.0,656.0,625.0,624.0,798.0,1163.0,1456.0,1645.0,1562.0,1375.0,1207.0,1021.0,859.0,688.0,544.0,464.0,400.0,381.0,368.0,352.0,376.0,375.0,413.0,454.0,549.0,699.0,909.0,1127.0,1261.0,1307.0,1304.0,1235.0,1154.0,1059.0,903.0,765.0,636.0,519.0,461.0,417.0,391.0,393.0,368.0,375.0,373.0
16agov2,1875,---,1186.0,1492.0,1870.0,2215.0,2493.0,2601.0,2529.0,2334.0,2056.0,1781.0,990.0,1011.0,1019.0,1022.0,1030.0,1035.0,1020.0,1023.0,1004.0,998.0,984.0,956.0,955.0,931.0,915.0,906.0,881.0,867.0,850.0,822.0,815.0,798.0,778.0,769.0,741.0,726.0,712.0,698.0,685.0,663.0,644.0,645.0,625.0,618.0,605.0,582.0,582.0,566.0,554.0,549.0,-,403.0,495.0,585.0,634.0,673.0,675.0,651.0,624.0,630.0,785.0,1159.0,1456.0,1625.0,1552.0,1364.0,1203.0,1023.0,857.0,672.0,542.0,462.0,402.0,377.0,365.0,354.0,371.0,383.0,413.0,443.0,533.0,688.0,875.0,1094.0,1229.0,1270.0,1261.0,1201.0,1129.0,1032.0,886.0,743.0,621.0,527.0,454.0,421.0,393.0,385.0,368.0,368.0,368.0
16agov2,1875,---,1174.0,1477.0,1855.0,2191.0,2468.0,2579.0,2509.0,2306.0,2037.0,1765.0,982.0,1003.0,1013.0,1014.0,1022.0,1026.0,1013.0,1014.0,996.0,989.0,976.0,950.0,949.0,924.0,909.0,897.0,875.0,860.0,845.0,817.0,809.0,791.0,770.0,762.0,734.0,723.0,708.0,694.0,681.0,659.0,641.0,641.0,624.0,617.0,602.0,579.0,579.0,564.0,551.0,547.0,-,401.0,495.0,586.0,631.0,677.0,665.0,655.0,629.0,623.0,784.0,1147.0,1428.0,1607.0,1535.0,1364.0,1181.0,1008.0,848.0,659.0,539.0,461.0,403.0,381.0,368.0,357.0,368.0,375.0,405.0,445.0,529.0,676.0,878.0,1081.0,1212.0,1269.0,1279.0,1202.0,1116.0,1013.0,883.0,739.0,614.0,510.0,459.0,414.0,390.0,392.0,368.0,371.0,370.0
16agov2,1875,---,1172.0,1473.0,1846.0,2183.0,2458.0,2564.0,2502.0,2303.0,2031.0,1758.0,980.0,1000.0,1009.0,1012.0,1020.0,1024.0,1009.0,1012.0,993.0,985.0,972.0,947.0,948.0,921.0,906.0,895.0,871.0,859.0,843.0,815.0,807.0,791.0,770.0,761.0,735.0,721.0,707.0,693.0,679.0,658.0,638.0,641.0,621.0,615.0,601.0,577.0,578.0,563.0,549.0,546.0,-,402.0,487.0,573.0,621.0,661.0,657.0,635.0,609.0,605.0,771.0,1131.0,1395.0,1563.0,1492.0,1326.0,1157.0,986.0,827.0,654.0,529.0,455.0,401.0,374.0,368.0,354.0,371.0,374.0,404.0,439.0,531.0,663.0,854.0,1078.0,1174.0,1225.0,1230.0,1181.0,1088.0,997.0,854.0,725.0,610.0,507.0,451.0,414.0,384.0,384.0,361.0,370.0,368.0
17ago,0,---,984.0,1266.0,1634.0,1975.0,2284.0,2423.0,2384.0,2204.0,1924.0,1644.0,953.0,975.0,986.0,991.0,1004.0,1013.0,1000.0,1008.0,995.0,993.0,985.0,961.0,966.0,946.0,937.0,928.0,911.0,903.0,890.0,864.0,861.0,851.0,829.0,824.0,799.0,789.0,776.0,763.0,755.0,733.0,716.0,719.0,699.0,691.0,682.0,656.0,657.0,640.0,628.0,624.0,-,373.0,439.0,538.0,626.0,686.0,707.0,699.0,674.0,655.0,704.0,1003.0,1401.0,1731.0,1811.0,1685.0,1478.0,1282.0,1104.0,894.0,688.0,565.0,459.0,395.0,369.0,352.0,365.0,368.0,398.0,431.0,507.0,663.0,880.0,1192.0,1434.0,1552.0,1607.0,1552.0,1459.0,1369.0,1187.0,998.0,819.0,645.0,543.0,460.0,415.0,400.0,370.0,367.0,362.0
17ago,0,---,983.0,1265.0,1632.0,1973.0,2281.0,2421.0,2384.0,2204.0,1926.0,1646.0,955.0,974.0,988.0,994.0,1005.0,1016.0,1001.0,1008.0,998.0,995.0,986.0,966.0,969.0,950.0,935.0,931.0,912.0,904.0,890.0,868.0,864.0,849.0,833.0,828.0,801.0,790.0,777.0,766.0,755.0,736.0,717.0,720.0,701.0,694.0,684.0,657.0,659.0,641.0,629.0,623.0,-,368.0,430.0,522.0,594.0,656.0,670.0,670.0,636.0,624.0,674.0,939.0,1314.0,1599.0,1694.0,1558.0,1362.0,1182.0,1038.0,839.0,651.0,541.0,436.0,390.0,367.0,349.0,362.0,366.0,393.0,427.0,493.0,627.0,829.0,1101.0,1302.0,1413.0,1482.0,1443.0,1341.0,1251.0,1115.0,937.0,769.0,623.0,530.0,448.0,400.0,391.0,368.0,363.0,362.0
17ago,0,---,978.0,1256.0,1620.0,1957.0,2264.0,2404.0,2366.0,2188.0,1917.0,1633.0,951.0,970.0,984.0,989.0,1003.0,1010.0,998.0,1006.0,991.0,991.0,983.0,960.0,965.0,944.0,935.0,927.0,908.0,903.0,890.0,862.0,861.0,848.0,827.0,823.0,798.0,786.0,776.0,762.0,752.0,733.0,716.0,718.0,698.0,692.0,680.0,655.0,657.0,641.0,627.0,623.0,-,369.0,432.0,523.0,593.0,657.0,673.0,667.0,654.0,624.0,677.0,947.0,1331.0,1616.0,1700.0,1568.0,1383.0,1200.0,1038.0,848.0,656.0,532.0,437.0,389.0,366.0,352.0,359.0,367.0,396.0,425.0,496.0,638.0,833.0,1126.0,1342.0,1443.0,1488.0,1461.0,1374.0,1280.0,1111.0,929.0,775.0,622.0,522.0,438.0,400.0,391.0,364.0,368.0,360.0
17ago,125,---,1044.0,1347.0,1742.0,2118.0,2439.0,2589.0,2552.0,2363.0,2065.0,1762.0,1010.0,1030.0,1048.0,1057.0,1069.0,1074.0,1065.0,1071.0,1060.0,1055.0,1043.0,1018.0,1021.0,999.0,989.0,981.0,959.0,949.0,934.0,909.0,904.0,891.0,870.0,864.0,838.0,825.0,809.0,796.0,784.0,764.0,744.0,744.0,724.0,716.0,706.0,676.0,677.0,660.0,646.0,640.0,-,381.0,457.0,560.0,659.0,743.0,767.0,770.0,720.0,706.0,757.0,1102.0,1575.0,1919.0,2043.0,1895.0,1666.0,1439.0,1246.0,995.0,761.0,597.0,486.0,410.0,377.0,355.0,367.0,368.0,400.0,448.0,544.0,699.0,963.0,1330.0,1616.0,1763.0,1840.0,1811.0,1682.0,1565.0,1354.0,1143.0,924.0,720.0,587.0,489.0,421.0,403.0,377.0,368.0,368.0
17ago,125,---,1037.0,1340.0,1734.0,2104.0,2425.0,2574.0,2532.0,2351.0,2055.0,1752.0,1003.0,1027.0,1042.0,1049.0,1064.0,1072.0,1060.0,1066.0,1053.0,1050.0,1039.0,1014.0,1017.0,994.0,983.0,976.0,956.0,946.0,931.0,905.0,902.0,889.0,866.0,861.0,833.0,824.0,807.0,795.0,782.0,763.0,742.0,742.0,723.0,715.0,701.0,673.0,674.0,659.0,644.0,639.0,-,378.0,455.0,570.0,659.0,736.0,779.0,759.0,728.0,711.0,766.0,1093.0,1581.0,1933.0,2053.0,1920.0,1671.0,1442.0,1245.0,1002.0,771.0,608.0,479.0,406.0,373.0,353.0,365.0,368.0,402.0,443.0,539.0,719.0,965.0,1328.0,1610.0,1791.0,1847.0,1809.0,1690.0,1572.0,1366.0,1161.0,924.0,725.0,592.0,485.0,425.0,407.0,382.0,372.0,367.0
17ago,125,---,1035.0,1333.0,1724.0,2089.0,2415.0,2565.0,2527.0,2341.0,2047.0,1745.0,1000.0,1024.0,1041.0,1047.0,1060.0,1067.0,1056.0,1063.0,1051.0,1047.0,1036.0,1008.0,1014.0,991.0,981.0,971.0,951.0,945.0,928.0,901.0,898.0,882.0,861.0,856.0,831.0,819.0,806.0,791.0,781.0,758.0,739.0,740.0,720.0,712.0,700.0,671.0,671.0,658.0,643.0,637.0,-,381.0,453.0,569.0,669.0,759.0,779.0,773.0,746.0,720.0,777.0,1117.0,1626.0,1985.0,2102.0,1954.0,1695.0,1482.0,1265.0,1019.0,786.0,621.0,493.0,416.0,381.0,355.0,368.0,371.0,409.0,450.0,544.0,725.0,986.0,1361.0,1670.0,1813.0,1899.0,1856.0,1730.0,1621.0,1402.0,1193.0,944.0,739.0,594.0,496.0,429.0,413.0,381.0,371.0,371.0
17ago,250,---,1059.0,1368.0,1768.0,2145.0,2473.0,2635.0,2593.0,2395.0,2101.0,1785.0,1018.0,1043.0,1056.0,1062.0,1075.0,1081.0,1070.0,1078.0,1065.0,1060.0,1050.0,1020.0,1024.0,999.0,988.0,980.0,957.0,947.0,934.0,907.0,900.0,886.0,865.0,860.0,834.0,820.0,805.0,791.0,779.0,757.0,738.0,737.0,716.0,707.0,696.0,667.0,668.0,651.0,637.0,631.0,-,381.0,455.0,573.0,679.0,762.0,802.0,790.0,751.0,732.0,793.0,1133.0,1627.0,2017.0,2155.0,1995.0,1750.0,1511.0,1299.0,1063.0,803.0,633.0,497.0,414.0,384.0,355.0,364.0,374.0,413.0,448.0,545.0,720.0,987.0,1377.0,1687.0,1861.0,1922.0,1904.0,1776.0,1648.0,1440.0,1216.0,961.0,755.0,612.0,497.0,432.0,410.0,382.0,371.0,373.0
17ago,250,---,1048.0,1351.0,1745.0,2118.0,2442.0,2602.0,2559.0,2369.0,2071.0,1764.0,1004.0,1030.0,1043.0,1052.0,1064.0,1070.0,1061.0,1065.0,1051.0,1048.0,1037.0,1009.0,1013.0,990.0,978.0,972.0,950.0,940.0,925.0,896.0,895.0,880.0,859.0,850.0,826.0,813.0,797.0,785.0,770.0,752.0,729.0,731.0,711.0,702.0,693.0,662.0,663.0,647.0,632.0,629.0,-,384.0,459.0,578.0,691.0,763.0,797.0,793.0,757.0,737.0,803.0,1149.0,1677.0,2046.0,2192.0,2030.0,1755.0,1523.0,1323.0,1065.0,811.0,631.0,497.0,412.0,381.0,352.0,367.0,370.0,401.0,447.0,551.0,727.0,993.0,1387.0,1714.0,1874.0,1967.0,1923.0,1805.0,1662.0,1456.0,1222.0,978.0,752.0,605.0,496.0,432.0,407.0,382.0,373.0,368.0
17ago,250,---,1052.0,1356.0,1756.0,2130.0,2454.0,2610.0,2570.0,2379.0,2084.0,1772.0,1010.0,1035.0,1048.0,1054.0,1067.0,1076.0,1063.0,1068.0,1058.0,1051.0,1043.0,1013.0,1017.0,995.0,981.0,975.0,953.0,945.0,927.0,901.0,897.0,881.0,860.0,854.0,828.0,814.0,800.0,786.0,774.0,753.0,732.0,733.0,711.0,706.0,695.0,664.0,663.0,648.0,633.0,629.0,-,383.0,458.0,579.0,682.0,765.0,799.0,797.0,757.0,725.0,793.0,1136.0,1664.0,2047.0,2178.0,2021.0,1767.0,1527.0,1323.0,1072.0,801.0,635.0,496.0,418.0,379.0,362.0,369.0,370.0,408.0,447.0,550.0,735.0,990.0,1390.0,1703.0,1870.0,1951.0,1913.0,1778.0,1675.0,1462.0,1231.0,977.0,755.0,609.0,497.0,432.0,407.0,382.0,373.0,366.0
17ago,500,---,1061.0,1371.0,1770.0,2151.0,2483.0,2638.0,2604.0,2404.0,2107.0,1793.0,1016.0,1038.0,1053.0,1061.0,1070.0,1077.0,1064.0,1070.0,1057.0,1053.0,1039.0,1012.0,1015.0,992.0,976.0,969.0,945.0,932.0,919.0,891.0,885.0,869.0,849.0,842.0,815.0,799.0,785.0,772.0,760.0,735.0,716.0,716.0,695.0,687.0,674.0,647.0,645.0,630.0,614.0,610.0,-,384.0,463.0,592.0,715.0,794.0,832.0,816.0,780.0,761.0,823.0,1200.0,1741.0,2163.0,2293.0,2145.0,1872.0,1615.0,1396.0,1134.0,853.0,659.0,511.0,422.0,384.0,359.0,368.0,369.0,411.0,448.0,559.0,741.0,1019.0,1457.0,1776.0,1968.0,2064.0,2001.0,1872.0,1747.0,1531.0,1277.0,1012.0,780.0,629.0,503.0,442.0,419.0,383.0,375.0,373.0
17ago,500,---,1075.0,1389.0,1796.0,2181.0,2515.0,2676.0,2637.0,2440.0,2137.0,1822.0,1030.0,1051.0,1065.0,1072.0,1086.0,1091.0,1079.0,1084.0,1068.0,1064.0,1055.0,1025.0,1026.0,1000.0,987.0,980.0,957.0,946.0,927.0,902.0,896.0,881.0,856.0,850.0,823.0,808.0,792.0,779.0,765.0,744.0,720.0,722.0,699.0,695.0,682.0,652.0,651.0,635.0,621.0,617.0,-,384.0,464.0,592.0,707.0,801.0,832.0,823.0,793.0,762.0,831.0,1191.0,1755.0,2165.0,2289.0,2144.0,1872.0,1616.0,1397.0,1130.0,849.0,662.0,511.0,425.0,384.0,359.0,369.0,377.0,414.0,449.0,559.0,752.0,1037.0,1437.0,1782.0,1955.0,2061.0,2015.0,1877.0,1746.0,1530.0,1277.0,1015.0,784.0,626.0,519.0,438.0,414.0,386.0,377.0,369.0
17ago,500,---,1071.0,1378.0,1783.0,2165.0,2498.0,2659.0,2623.0,2423.0,2126.0,1807.0,1021.0,1045.0,1061.0,1067.0,1078.0,1085.0,1071.0,1080.0,1063.0,1060.0,1048.0,1019.0,1019.0,997.0,984.0,973.0,952.0,940.0,924.0,897.0,891.0,876.0,853.0,846.0,819.0,806.0,790.0,776.0,760.0,739.0,719.0,719.0,698.0,691.0,677.0,651.0,649.0,633.0,619.0,613.0,-,387.0,464.0,593.0,724.0,815.0,838.0,832.0,795.0,768.0,831.0,1221.0,1789.0,2191.0,2343.0,2160.0,1877.0,1653.0,1418.0,1152.0,870.0,672.0,529.0,426.0,386.0,357.0,371.0,370.0,411.0,462.0,560.0,749.0,1053.0,1475.0,1812.0,2011.0,2112.0,2057.0,1916.0,1786.0,1570.0,1317.0,1040.0,801.0,642.0,509.0,445.0,418.0,385.0,374.0,368.0
17ago,750,---,1064.0,1374.0,1773.0,2154.0,2483.0,2643.0,2600.0,2405.0,2109.0,1795.0,1004.0,1027.0,1040.0,1046.0,1056.0,1063.0,1049.0,1055.0,1038.0,1032.0,1018.0,992.0,993.0,970.0,955.0,948.0,925.0,913.0,894.0,868.0,860.0,847.0,824.0,817.0,790.0,776.0,760.0,745.0,734.0,713.0,693.0,693.0,672.0,663.0,652.0,626.0,625.0,608.0,594.0,591.0,-,384.0,455.0,567.0,684.0,752.0,786.0,784.0,745.0,717.0,770.0,1125.0,1629.0,1971.0,2106.0,1967.0,1719.0,1477.0,1280.0,1040.0,809.0,624.0,495.0,416.0,376.0,359.0,363.0,377.0,400.0,434.0,532.0,701.0,947.0,1321.0,1616.0,1787.0,1857.0,1840.0,1697.0,1586.0,1381.0,1165.0,929.0,741.0,597.0,485.0,427.0,405.0,375.0,368.0,368.0
17ago,750,---,1062.0,1369.0,1771.0,2144.0,2475.0,2632.0,2597.0,2398.0,2103.0,1792.0,1000.0,1024.0,1036.0,1042.0,1054.0,1059.0,1046.0,1051.0,1036.0,1028.0,1014.0,990.0,992.0,967.0,953.0,944.0,922.0,910.0,892.0,864.0,860.0,846.0,822.0,815.0,787.0,772.0,759.0,746.0,731.0,709.0,691.0,692.0,671.0,661.0,651.0,625.0,624.0,607.0,593.0,590.0,-,376.0,450.0,562.0,685.0,757.0,783.0,775.0,737.0,720.0,776.0,1111.0,1613.0,1989.0,2112.0,1965.0,1717.0,1476.0,1281.0,1041.0,805.0,625.0,494.0,419.0,383.0,354.0,362.0,370.0,401.0,435.0,528.0,704.0,960.0,1310.0,1623.0,1779.0,1869.0,1827.0,1707.0,1594.0,1392.0,1168.0,944.0,737.0,587.0,487.0,426.0,401.0,377.0,369.0,368.0
17ago,750,---,1067.0,1377.0,1781.0,2159.0,2489.0,2654.0,2614.0,2415.0,2117.0,1801.0,1009.0,1031.0,1044.0,1051.0,1060.0,1067.0,1055.0,1057.0,1044.0,1036.0,1024.0,996.0,997.0,973.0,958.0,952.0,926.0,917.0,897.0,871.0,865.0,847.0,828.0,820.0,793.0,779.0,764.0,748.0,736.0,715.0,694.0,692.0,673.0,664.0,654.0,628.0,627.0,610.0,597.0,593.0,-,377.0,459.0,576.0,683.0,759.0,800.0,789.0,739.0,729.0,781.0,1135.0,1639.0,2007.0,2156.0,1983.0,1737.0,1504.0,1298.0,1058.0,810.0,629.0,496.0,417.0,383.0,350.0,369.0,370.0,403.0,439.0,539.0,715.0,963.0,1335.0,1641.0,1811.0,1904.0,1856.0,1727.0,1611.0,1407.0,1197.0,951.0,736.0,592.0,494.0,426.0,410.0,376.0,369.0,368.0
17ago,1250,---,1059.0,1361.0,1763.0,2135.0,2463.0,2618.0,2580.0,2391.0,2091.0,1785.0,990.0,1010.0,1023.0,1025.0,1034.0,1042.0,1025.0,1030.0,1013.0,1009.0,995.0,968.0,968.0,944.0,929.0,919.0,896.0,884.0,865.0,837.0,833.0,816.0,792.0,786.0,759.0,744.0,729.0,715.0,702.0,681.0,660.0,662.0,641.0,633.0,621.0,594.0,596.0,580.0,567.0,563.0,-,382.0,445.0,553.0,654.0,729.0,745.0,742.0,715.0,688.0,742.0,1067.0,1511.0,1856.0,1968.0,1802.0,1591.0,1381.0,1186.0,960.0,749.0,592.0,469.0,405.0,370.0,349.0,362.0,366.0,394.0,432.0,508.0,656.0,881.0,1197.0,1456.0,1608.0,1663.0,1626.0,1499.0,1399.0,1233.0,1042.0,846.0,669.0,548.0,462.0,411.0,399.0,370.0,368.0,368.0
17ago,1250,---,1040.0,1342.0,1730.0,2097.0,2420.0,2575.0,2535.0,2350.0,2059.0,1755.0,977.0,993.0,1008.0,1009.0,1019.0,1023.0,1012.0,1014.0,997.0,993.0,980.0,955.0,955.0,931.0,916.0,905.0,885.0,872.0,856.0,827.0,821.0,804.0,783.0,776.0,750.0,735.0,722.0,709.0,695.0,673.0,653.0,655.0,635.0,627.0,615.0,589.0,590.0,574.0,563.0,560.0,-,379.0,449.0,560.0,665.0,731.0,751.0,752.0,721.0,699.0,742.0,1085.0,1558.0,1887.0,2017.0,1856.0,1631.0,1397.0,1211.0,983.0,759.0,602.0,482.0,406.0,373.0,355.0,364.0,365.0,397.0,432.0,509.0,671.0,897.0,1230.0,1495.0,1638.0,1730.0,1668.0,1557.0,1451.0,1284.0,1072.0,863.0,679.0,567.0,465.0,415.0,401.0,370.0,368.0,366.0
17ago,1250,---,1046.0,1346.0,1744.0,2110.0,2435.0,2598.0,2559.0,2366.0,2076.0,1766.0,984.0,1001.0,1014.0,1016.0,1026.0,1031.0,1019.0,1020.0,1004.0,1001.0,986.0,959.0,960.0,937.0,924.0,911.0,888.0,876.0,858.0,832.0,825.0,810.0,786.0,780.0,755.0,739.0,724.0,711.0,697.0,675.0,657.0,658.0,637.0,630.0,618.0,591.0,591.0,577.0,565.0,561.0,-,378.0,448.0,559.0,653.0,727.0,752.0,749.0,707.0,691.0,751.0,1075.0,1535.0,1882.0,1985.0,1841.0,1607.0,1405.0,1211.0,978.0,748.0,602.0,475.0,405.0,374.0,351.0,365.0,371.0,395.0,433.0,509.0,662.0,901.0,1232.0,1491.0,1618.0,1708.0,1675.0,1548.0,1446.0,1261.0,1065.0,873.0,688.0,560.0,467.0,410.0,400.0,371.0,370.0,363.0
17ago,1875,---,1035.0,1334.0,1720.0,2080.0,2407.0,2556.0,2520.0,2331.0,2042.0,1745.0,969.0,987.0,999.0,1003.0,1010.0,1013.0,1000.0,1002.0,987.0,983.0,968.0,942.0,940.0,917.0,901.0,892.0,868.0,856.0,840.0,811.0,804.0,789.0,766.0,759.0,732.0,719.0,704.0,691.0,676.0,657.0,639.0,639.0,618.0,612.0,599.0,574.0,575.0,562.0,549.0,543.0,-,375.0,450.0,557.0,650.0,721.0,743.0,745.0,704.0,689.0,737.0,1072.0,1535.0,1857.0,1979.0,1830.0,1591.0,1373.0,1197.0,967.0,741.0,592.0,478.0,400.0,371.0,359.0,362.0,367.0,397.0,430.0,497.0,654.0,880.0,1200.0,1456.0,1589.0,1647.0,1600.0,1491.0,1397.0,1232.0,1041.0,837.0,659.0,554.0,463.0,411.0,400.0,368.0,368.0,363.0
17ago,1875,---,1028.0,1327.0,1710.0,2072.0,2391.0,2541.0,2506.0,2319.0,2033.0,1737.0,966.0,982.0,993.0,994.0,1005.0,1012.0,996.0,999.0,982.0,977.0,963.0,936.0,939.0,913.0,898.0,888.0,864.0,852.0,836.0,808.0,801.0,787.0,764.0,757.0,729.0,716.0,704.0,690.0,675.0,656.0,635.0,636.0,618.0,611.0,598.0,573.0,575.0,560.0,547.0,542.0,-,381.0,449.0,563.0,656.0,725.0,747.0,746.0,714.0,687.0,745.0,1072.0,1523.0,1859.0,1966.0,1827.0,1602.0,1385.0,1187.0,958.0,747.0,591.0,474.0,410.0,377.0,355.0,365.0,367.0,400.0,426.0,498.0,660.0,885.0,1205.0,1454.0,1607.0,1648.0,1600.0,1501.0,1408.0,1226.0,1039.0,839.0,663.0,560.0,462.0,415.0,400.0,371.0,368.0,363.0
17ago,1875,---,1037.0,1336.0,1721.0,2086.0,2407.0,2557.0,2519.0,2335.0,2048.0,1746.0,967.0,989.0,1000.0,1002.0,1011.0,1013.0,1002.0,1004.0,986.0,981.0,969.0,941.0,943.0,916.0,902.0,891.0,869.0,857.0,840.0,812.0,804.0,789.0,766.0,760.0,733.0,720.0,706.0,692.0,679.0,657.0,639.0,639.0,620.0,611.0,599.0,576.0,576.0,561.0,548.0,546.0,-,377.0,448.0,559.0,655.0,729.0,755.0,750.0,709.0,688.0,752.0,1063.0,1527.0,1877.0,1983.0,1830.0,1616.0,1413.0,1200.0,966.0,747.0,594.0,481.0,401.0,375.0,354.0,362.0,368.0,399.0,425.0,511.0,658.0,887.0,1203.0,1466.0,1600.0,1666.0,1620.0,1495.0,1405.0,1232.0,1040.0,833.0,660.0,556.0,465.0,417.0,400.0,373.0,368.0,366.0
17ago,0,---,1023.0,1311.0,1684.0,2031.0,2345.0,2489.0,2454.0,2278.0,1997.0,1712.0,980.0,1003.0,1015.0,1022.0,1034.0,1044.0,1032.0,1038.0,1024.0,1023.0,1015.0,992.0,994.0,975.0,962.0,957.0,938.0,929.0,915.0,888.0,885.0,874.0,853.0,847.0,823.0,811.0,798.0,787.0,775.0,753.0,736.0,735.0,717.0,710.0,698.0,673.0,672.0,656.0,643.0,637.0,-,378.0,445.0,528.0,603.0,651.0,662.0,666.0,627.0,628.0,718.0,991.0,1354.0,1600.0,1663.0,1522.0,1326.0,1150.0,993.0,809.0,639.0,523.0,432.0,387.0,366.0,353.0,368.0,370.0,400.0,438.0,522.0,667.0,874.0,1147.0,1344.0,1425.0,1485.0,1442.0,1334.0,1234.0,1083.0,917.0,755.0,603.0,516.0,439.0,400.0,394.0,368.0,368.0,362.0
17ago,0,---,1016.0,1303.0,1669.0,2017.0,2324.0,2469.0,2437.0,2257.0,1983.0,1701.0,975.0,998.0,1009.0,1015.0,1030.0,1039.0,1028.0,1035.0,1019.0,1017.0,1008.0,986.0,989.0,970.0,958.0,952.0,932.0,924.0,910.0,884.0,883.0,868.0,849.0,844.0,820.0,806.0,794.0,783.0,770.0,750.0,729.0,734.0,713.0,708.0,696.0,670.0,671.0,655.0,641.0,637.0,-,384.0,449.0,536.0,613.0,685.0,688.0,677.0,651.0,641.0,730.0,1038.0,1413.0,1670.0,1737.0,1589.0,1392.0,1213.0,1046.0,844.0,662.0,545.0,448.0,389.0,369.0,353.0,368.0,369.0,400.0,439.0,528.0,685.0,911.0,1206.0,1424.0,1546.0,1595.0,1546.0,1410.0,1319.0,1166.0,970.0,793.0,631.0,542.0,454.0,403.0,398.0,368.0,367.0,364.0
17ago,0,---,1011.0,1295.0,1664.0,2005.0,2315.0,2458.0,2421.0,2248.0,1973.0,1695.0,969.0,992.0,1006.0,1013.0,1023.0,1035.0,1023.0,1030.0,1017.0,1014.0,1005.0,983.0,986.0,965.0,955.0,949.0,929.0,919.0,908.0,883.0,879.0,865.0,845.0,840.0,818.0,805.0,791.0,781.0,769.0,748.0,729.0,732.0,713.0,705.0,695.0,669.0,667.0,653.0,639.0,636.0,-,384.0,454.0,538.0,615.0,679.0,691.0,686.0,657.0,649.0,729.0,1034.0,1412.0,1699.0,1764.0,1618.0,1408.0,1232.0,1072.0,855.0,669.0,548.0,449.0,399.0,370.0,359.0,368.0,369.0,402.0,439.0,528.0,689.0,917.0,1209.0,1436.0,1560.0,1613.0,1567.0,1429.0,1343.0,1163.0,983.0,800.0,643.0,538.0,453.0,405.0,398.0,370.0,368.0,368.0
17ago,125,---,1085.0,1390.0,1784.0,2157.0,2485.0,2642.0,2607.0,2413.0,2121.0,1813.0,1028.0,1056.0,1067.0,1073.0,1089.0,1097.0,1087.0,1093.0,1078.0,1076.0,1065.0,1040.0,1042.0,1019.0,1006.0,999.0,978.0,969.0,953.0,925.0,922.0,908.0,887.0,879.0,853.0,839.0,825.0,812.0,799.0,777.0,757.0,758.0,736.0,728.0,715.0,689.0,689.0,670.0,657.0,651.0,-,388.0,465.0,591.0,681.0,752.0,778.0,770.0,724.0,721.0,807.0,1185.0,1657.0,1993.0,2082.0,1914.0,1674.0,1429.0,1247.0,1002.0,752.0,603.0,484.0,409.0,376.0,357.0,368.0,382.0,411.0,459.0,571.0,755.0,1046.0,1424.0,1703.0,1857.0,1935.0,1859.0,1729.0,1615.0,1392.0,1167.0,935.0,721.0,590.0,489.0,435.0,409.0,376.0,368.0,368.0
17ago,125,---,1088.0,1398.0,1795.0,2172.0,2501.0,2654.0,2620.0,2427.0,2130.0,1822.0,1036.0,1059.0,1072.0,1081.0,1094.0,1102.0,1091.0,1096.0,1085.0,1081.0,1069.0,1044.0,1048.0,1023.0,1011.0,1002.0,982.0,971.0,957.0,929.0,924.0,912.0,888.0,883.0,856.0,841.0,829.0,814.0,800.0,779.0,760.0,761.0,740.0,731.0,718.0,691.0,691.0,673.0,658.0,653.0,-,387.0,478.0,596.0,693.0,771.0,785.0,781.0,755.0,727.0,830.0,1217.0,1722.0,2074.0,2167.0,1971.0,1717.0,1479.0,1287.0,1012.0,773.0,612.0,483.0,415.0,381.0,353.0,368.0,381.0,416.0,464.0,573.0,767.0,1077.0,1443.0,1748.0,1908.0,1971.0,1908.0,1785.0,1658.0,1423.0,1193.0,945.0,733.0,595.0,496.0,430.0,408.0,379.0,379.0,369.0
17ago,125,---,1088.0,1397.0,1792.0,2165.0,2493.0,2650.0,2613.0,2418.0,2128.0,1821.0,1031.0,1056.0,1073.0,1078.0,1092.0,1098.0,1091.0,1097.0,1083.0,1078.0,1069.0,1043.0,1046.0,1023.0,1009.0,1000.0,979.0,969.0,955.0,928.0,925.0,908.0,888.0,881.0,856.0,841.0,828.0,815.0,799.0,778.0,758.0,760.0,739.0,729.0,718.0,691.0,690.0,672.0,659.0,652.0,-,394.0,475.0,603.0,706.0,785.0,797.0,789.0,743.0,723.0,835.0,1235.0,1761.0,2090.0,2194.0,1977.0,1729.0,1505.0,1290.0,1023.0,778.0,614.0,483.0,409.0,382.0,357.0,367.0,379.0,413.0,463.0,579.0,778.0,1085.0,1472.0,1774.0,1922.0,1991.0,1930.0,1808.0,1663.0,1446.0,1200.0,953.0,743.0,590.0,494.0,432.0,412.0,379.0,373.0,371.0
17ago,250,---,1122.0,1443.0,1860.0,2241.0,2573.0,2736.0,2697.0,2497.0,2195.0,1874.0,1061.0,1084.0,1097.0,1104.0,1113.0,1121.0,1110.0,1115.0,1103.0,1099.0,1090.0,1065.0,1067.0,1044.0,1027.0,1018.0,993.0,983.0,967.0,939.0,934.0,921.0,895.0,889.0,859.0,847.0,832.0,819.0,803.0,783.0,759.0,760.0,738.0,729.0,719.0,689.0,688.0,670.0,655.0,650.0,-,397.0,487.0,627.0,746.0,835.0,848.0,841.0,800.0,779.0,878.0,1329.0,1897.0,2278.0,2402.0,2179.0,1886.0,1653.0,1412.0,1135.0,846.0,651.0,499.0,422.0,382.0,355.0,374.0,379.0,425.0,478.0,598.0,818.0,1150.0,1595.0,1931.0,2119.0,2189.0,2126.0,1982.0,1833.0,1584.0,1322.0,1040.0,786.0,625.0,515.0,445.0,419.0,384.0,382.0,374.0
17ago,250,---,1123.0,1447.0,1863.0,2248.0,2582.0,2744.0,2705.0,2503.0,2199.0,1877.0,1061.0,1084.0,1100.0,1106.0,1117.0,1124.0,1112.0,1117.0,1107.0,1102.0,1092.0,1065.0,1068.0,1045.0,1028.0,1016.0,995.0,985.0,970.0,942.0,935.0,921.0,896.0,891.0,860.0,848.0,832.0,821.0,803.0,782.0,762.0,762.0,739.0,731.0,718.0,689.0,688.0,671.0,655.0,649.0,-,391.0,492.0,625.0,747.0,832.0,869.0,853.0,803.0,779.0,885.0,1328.0,1887.0,2318.0,2411.0,2185.0,1912.0,1664.0,1413.0,1135.0,848.0,655.0,505.0,418.0,384.0,362.0,371.0,384.0,427.0,474.0,595.0,832.0,1170.0,1613.0,1950.0,2130.0,2215.0,2155.0,1990.0,1840.0,1610.0,1341.0,1043.0,798.0,631.0,517.0,443.0,421.0,385.0,381.0,370.0
17ago,250,---,1117.0,1440.0,1851.0,2237.0,2570.0,2731.0,2692.0,2488.0,2187.0,1867.0,1055.0,1079.0,1093.0,1101.0,1109.0,1118.0,1107.0,1114.0,1101.0,1097.0,1085.0,1062.0,1063.0,1041.0,1023.0,1015.0,989.0,980.0,965.0,935.0,930.0,915.0,892.0,885.0,860.0,843.0,829.0,815.0,802.0,779.0,758.0,758.0,738.0,728.0,716.0,686.0,686.0,668.0,652.0,647.0,-,391.0,496.0,629.0,747.0,833.0,863.0,839.0,798.0,778.0,879.0,1345.0,1915.0,2307.0,2411.0,2195.0,1905.0,1648.0,1424.0,1131.0,847.0,656.0,523.0,417.0,377.0,357.0,368.0,378.0,427.0,476.0,609.0,816.0,1155.0,1612.0,1949.0,2125.0,2211.0,2153.0,1983.0,1840.0,1590.0,1321.0,1041.0,791.0,634.0,505.0,438.0,407.0,385.0,383.0,371.0
17ago,500,---,1122.0,1442.0,1852.0,2239.0,2572.0,2733.0,2695.0,2487.0,2189.0,1869.0,1051.0,1074.0,1089.0,1094.0,1104.0,1112.0,1101.0,1104.0,1091.0,1089.0,1076.0,1051.0,1049.0,1021.0,1006.0,999.0,975.0,963.0,946.0,917.0,911.0,895.0,874.0,864.0,836.0,820.0,807.0,791.0,779.0,754.0,734.0,732.0,713.0,704.0,691.0,663.0,662.0,645.0,631.0,624.0,-,395.0,492.0,640.0,759.0,846.0,873.0,850.0,800.0,788.0,886.0,1340.0,1919.0,2324.0,2416.0,2224.0,1941.0,1685.0,1420.0,1145.0,850.0,666.0,509.0,423.0,383.0,359.0,372.0,384.0,421.0,474.0,592.0,827.0,1139.0,1593.0,1940.0,2101.0,2193.0,2130.0,1981.0,1835.0,1583.0,1306.0,1029.0,785.0,630.0,510.0,439.0,416.0,384.0,382.0,369.0
17ago,500,---,1119.0,1442.0,1852.0,2233.0,2570.0,2727.0,2690.0,2484.0,2185.0,1866.0,1051.0,1074.0,1085.0,1091.0,1104.0,1109.0,1097.0,1104.0,1090.0,1084.0,1074.0,1047.0,1047.0,1020.0,1006.0,995.0,972.0,960.0,945.0,917.0,910.0,893.0,872.0,863.0,836.0,821.0,807.0,790.0,777.0,755.0,733.0,733.0,712.0,703.0,690.0,661.0,662.0,643.0,628.0,625.0,-,397.0,489.0,624.0,752.0,838.0,866.0,859.0,812.0,784.0,877.0,1355.0,1927.0,2322.0,2422.0,2220.0,1950.0,1665.0,1425.0,1136.0,854.0,661.0,509.0,417.0,385.0,358.0,368.0,381.0,415.0,470.0,589.0,819.0,1163.0,1600.0,1933.0,2119.0,2192.0,2129.0,1969.0,1829.0,1572.0,1313.0,1031.0,786.0,621.0,506.0,436.0,413.0,384.0,381.0,368.0
17ago,500,---,1122.0,1446.0,1858.0,2244.0,2580.0,2734.0,2693.0,2486.0,2191.0,1870.0,1053.0,1076.0,1091.0,1096.0,1106.0,1115.0,1102.0,1105.0,1092.0,1087.0,1078.0,1048.0,1050.0,1024.0,1007.0,998.0,975.0,964.0,947.0,919.0,913.0,896.0,874.0,865.0,835.0,824.0,808.0,791.0,779.0,756.0,736.0,734.0,713.0,706.0,691.0,662.0,663.0,645.0,628.0,626.0,-,396.0,489.0,630.0,766.0,848.0,883.0,865.0,816.0,799.0,886.0,1351.0,1943.0,2352.0,2462.0,2243.0,1959.0,1687.0,1445.0,1158.0,856.0,667.0,519.0,419.0,385.0,361.0,369.0,378.0,420.0,471.0,604.0,822.0,1168.0,1635.0,1968.0,2132.0,2225.0,2145.0,1999.0,1846.0,1616.0,1342.0,1040.0,786.0,629.0,510.0,442.0,419.0,383.0,375.0,372.0
17ago,750,---,1107.0,1421.0,1822.0,2198.0,2526.0,2683.0,2638.0,2436.0,2140.0,1831.0,1020.0,1043.0,1056.0,1060.0,1071.0,1078.0,1063.0,1067.0,1055.0,1049.0,1036.0,1007.0,1008.0,984.0,970.0,959.0,935.0,925.0,908.0,878.0,872.0,858.0,836.0,825.0,802.0,784.0,769.0,757.0,742.0,720.0,700.0,700.0,682.0,672.0,660.0,631.0,631.0,615.0,599.0,595.0,-,386.0,481.0,610.0,713.0,794.0,822.0,800.0,752.0,735.0,832.0,1253.0,1775.0,2115.0,2240.0,2013.0,1775.0,1521.0,1305.0,1044.0,787.0,624.0,495.0,409.0,373.0,358.0,371.0,375.0,413.0,458.0,566.0,767.0,1042.0,1430.0,1757.0,1902.0,1967.0,1899.0,1754.0,1642.0,1426.0,1179.0,944.0,731.0,592.0,484.0,421.0,407.0,384.0,370.0,369.0
17ago,750,---,1108.0,1426.0,1831.0,2208.0,2534.0,2686.0,2647.0,2450.0,2150.0,1837.0,1019.0,1045.0,1057.0,1064.0,1076.0,1081.0,1066.0,1071.0,1055.0,1051.0,1038.0,1007.0,1011.0,987.0,972.0,964.0,939.0,927.0,909.0,882.0,875.0,860.0,836.0,828.0,799.0,786.0,772.0,757.0,745.0,722.0,702.0,701.0,681.0,672.0,659.0,632.0,632.0,617.0,601.0,598.0,-,396.0,484.0,610.0,726.0,811.0,832.0,811.0,772.0,752.0,839.0,1277.0,1808.0,2174.0,2263.0,2065.0,1804.0,1563.0,1328.0,1072.0,819.0,634.0,496.0,415.0,384.0,361.0,373.0,374.0,419.0,463.0,580.0,771.0,1079.0,1488.0,1781.0,1953.0,2001.0,1941.0,1795.0,1663.0,1454.0,1204.0,960.0,749.0,595.0,490.0,431.0,406.0,381.0,374.0,368.0
17ago,750,---,1104.0,1415.0,1815.0,2190.0,2511.0,2665.0,2625.0,2426.0,2132.0,1824.0,1017.0,1037.0,1050.0,1058.0,1069.0,1074.0,1060.0,1064.0,1051.0,1045.0,1030.0,1003.0,1003.0,979.0,965.0,956.0,931.0,920.0,903.0,877.0,867.0,854.0,832.0,824.0,797.0,784.0,767.0,755.0,739.0,719.0,698.0,698.0,677.0,668.0,656.0,629.0,632.0,613.0,600.0,595.0,-,390.0,479.0,609.0,720.0,802.0,816.0,801.0,756.0,738.0,833.0,1264.0,1787.0,2160.0,2249.0,2031.0,1765.0,1550.0,1324.0,1057.0,801.0,634.0,490.0,410.0,370.0,359.0,370.0,371.0,410.0,458.0,573.0,763.0,1065.0,1462.0,1767.0,1914.0,1978.0,1925.0,1779.0,1664.0,1437.0,1200.0,944.0,730.0,595.0,486.0,429.0,409.0,382.0,372.0,370.0
17ago,1250,---,1093.0,1401.0,1798.0,2167.0,2487.0,2636.0,2589.0,2400.0,2113.0,1806.0,998.0,1018.0,1031.0,1035.0,1045.0,1051.0,1033.0,1038.0,1021.0,1016.0,999.0,974.0,974.0,952.0,936.0,924.0,901.0,889.0,872.0,843.0,837.0,822.0,798.0,790.0,763.0,750.0,734.0,719.0,706.0,686.0,664.0,666.0,644.0,637.0,624.0,598.0,599.0,583.0,570.0,566.0,-,391.0,479.0,592.0,690.0,768.0,784.0,768.0,734.0,711.0,815.0,1206.0,1688.0,2044.0,2099.0,1899.0,1667.0,1431.0,1242.0,982.0,750.0,591.0,479.0,405.0,375.0,356.0,368.0,370.0,407.0,448.0,553.0,719.0,984.0,1328.0,1607.0,1751.0,1787.0,1736.0,1616.0,1502.0,1296.0,1083.0,863.0,681.0,560.0,467.0,421.0,400.0,372.0,369.0,367.0
17ago,1250,---,1085.0,1388.0,1779.0,2145.0,2463.0,2611.0,2569.0,2373.0,2088.0,1788.0,992.0,1009.0,1021.0,1025.0,1034.0,1044.0,1025.0,1030.0,1013.0,1007.0,992.0,967.0,968.0,943.0,927.0,917.0,894.0,884.0,865.0,837.0,830.0,816.0,792.0,785.0,759.0,744.0,730.0,716.0,701.0,681.0,662.0,661.0,641.0,633.0,621.0,597.0,596.0,580.0,567.0,564.0,-,391.0,471.0,597.0,697.0,770.0,798.0,771.0,729.0,719.0,806.0,1231.0,1697.0,2035.0,2112.0,1921.0,1680.0,1468.0,1249.0,992.0,764.0,599.0,475.0,406.0,378.0,350.0,369.0,373.0,404.0,449.0,547.0,728.0,994.0,1360.0,1615.0,1761.0,1840.0,1759.0,1636.0,1506.0,1313.0,1102.0,874.0,688.0,563.0,470.0,420.0,398.0,374.0,375.0,367.0
17ago,1250,---,1081.0,1382.0,1772.0,2134.0,2454.0,2596.0,2556.0,2364.0,2083.0,1781.0,985.0,1005.0,1016.0,1020.0,1030.0,1037.0,1021.0,1024.0,1011.0,1002.0,988.0,963.0,963.0,939.0,925.0,916.0,890.0,879.0,860.0,835.0,828.0,814.0,790.0,783.0,755.0,742.0,726.0,711.0,700.0,679.0,658.0,660.0,638.0,631.0,620.0,593.0,595.0,578.0,566.0,562.0,-,391.0,471.0,595.0,703.0,781.0,803.0,782.0,737.0,723.0,812.0,1221.0,1728.0,2074.0,2134.0,1946.0,1697.0,1466.0,1259.0,998.0,759.0,594.0,483.0,400.0,379.0,359.0,366.0,373.0,403.0,450.0,557.0,731.0,1006.0,1365.0,1642.0,1792.0,1829.0,1783.0,1643.0,1553.0,1318.0,1104.0,893.0,688.0,566.0,468.0,418.0,400.0,373.0,374.0,368.0
17ago,1875,---,1075.0,1374.0,1757.0,2118.0,2430.0,2570.0,2530.0,2341.0,2056.0,1763.0,976.0,993.0,1004.0,1009.0,1018.0,1022.0,1007.0,1009.0,993.0,988.0,975.0,948.0,949.0,922.0,908.0,897.0,873.0,861.0,843.0,816.0,808.0,795.0,771.0,764.0,738.0,725.0,711.0,695.0,681.0,661.0,642.0,642.0,622.0,616.0,602.0,579.0,577.0,563.0,551.0,548.0,-,386.0,462.0,582.0,668.0,739.0,749.0,735.0,699.0,687.0,763.0,1158.0,1600.0,1895.0,1955.0,1778.0,1568.0,1351.0,1147.0,916.0,709.0,570.0,458.0,397.0,371.0,358.0,361.0,370.0,400.0,442.0,529.0,688.0,916.0,1239.0,1482.0,1587.0,1638.0,1571.0,1466.0,1370.0,1184.0,993.0,811.0,640.0,532.0,454.0,402.0,394.0,370.0,368.0,368.0
17ago,1875,---,1070.0,1369.0,1747.0,2110.0,2420.0,2562.0,2516.0,2331.0,2049.0,1754.0,973.0,991.0,1004.0,1007.0,1012.0,1020.0,1005.0,1007.0,989.0,983.0,973.0,943.0,947.0,919.0,905.0,895.0,871.0,860.0,844.0,813.0,808.0,792.0,768.0,763.0,735.0,722.0,707.0,692.0,679.0,659.0,640.0,641.0,622.0,615.0,602.0,577.0,578.0,563.0,550.0,547.0,-,389.0,468.0,590.0,677.0,751.0,761.0,751.0,720.0,698.0,783.0,1177.0,1625.0,1968.0,2026.0,1829.0,1610.0,1376.0,1196.0,945.0,720.0,577.0,464.0,398.0,375.0,353.0,366.0,369.0,402.0,438.0,531.0,704.0,944.0,1296.0,1526.0,1645.0,1698.0,1649.0,1518.0,1424.0,1222.0,1034.0,832.0,657.0,546.0,459.0,403.0,399.0,373.0,368.0,368.0
17ago,1875,---,1064.0,1361.0,1738.0,2095.0,2403.0,2543.0,2502.0,2315.0,2034.0,1745.0,969.0,985.0,999.0,998.0,1008.0,1012.0,998.0,1001.0,984.0,976.0,964.0,940.0,942.0,914.0,901.0,891.0,868.0,854.0,838.0,809.0,804.0,788.0,766.0,759.0,731.0,720.0,705.0,688.0,677.0,656.0,638.0,638.0,620.0,612.0,599.0,577.0,575.0,561.0,547.0,544.0,-,389.0,475.0,582.0,680.0,748.0,766.0,746.0,711.0,702.0,782.0,1185.0,1637.0,1946.0,2029.0,1818.0,1616.0,1389.0,1184.0,944.0,720.0,576.0,464.0,401.0,379.0,357.0,368.0,371.0,402.0,445.0,537.0,704.0,950.0,1295.0,1510.0,1649.0,1675.0,1619.0,1518.0,1419.0,1230.0,1030.0,817.0,647.0,539.0,460.0,415.0,400.0,370.0,370.0,368.0
17ago,0,---,1055.0,1337.0,1703.0,2035.0,2333.0,2462.0,2411.0,2230.0,1962.0,1685.0,970.0,991.0,1006.0,1011.0,1024.0,1033.0,1018.0,1026.0,1013.0,1011.0,1002.0,979.0,983.0,961.0,952.0,946.0,928.0,916.0,902.0,878.0,875.0,862.0,842.0,838.0,812.0,800.0,788.0,775.0,764.0,745.0,725.0,727.0,708.0,702.0,691.0,663.0,665.0,649.0,636.0,631.0,-,394.0,479.0,595.0,678.0,752.0,753.0,734.0,703.0,677.0,818.0,1243.0,1664.0,1946.0,1970.0,1767.0,1552.0,1343.0,1152.0,889.0,688.0,551.0,446.0,391.0,369.0,350.0,369.0,374.0,416.0,464.0,590.0,783.0,1063.0,1424.0,1649.0,1770.0,1808.0,1707.0,1590.0,1464.0,1264.0,1042.0,828.0,652.0,535.0,457.0,409.0,399.0,372.0,370.0,364.0
17ago,0,---,1059.0,1346.0,1710.0,2044.0,2344.0,2472.0,2421.0,2241.0,1973.0,1695.0,978.0,994.0,1012.0,1017.0,1028.0,1037.0,1024.0,1031.0,1017.0,1015.0,1007.0,985.0,987.0,967.0,959.0,950.0,932.0,922.0,909.0,886.0,881.0,867.0,847.0,841.0,818.0,807.0,793.0,780.0,766.0,749.0,728.0,730.0,714.0,705.0,694.0,667.0,667.0,652.0,638.0,633.0,-,394.0,471.0,592.0,676.0,739.0,746.0,730.0,698.0,683.0,807.0,1228.0,1648.0,1926.0,1948.0,1738.0,1530.0,1319.0,1122.0,880.0,677.0,558.0,441.0,393.0,371.0,358.0,373.0,380.0,419.0,473.0,579.0,770.0,1059.0,1383.0,1622.0,1729.0,1777.0,1685.0,1553.0,1424.0,1234.0,1020.0,809.0,642.0,535.0,461.0,415.0,397.0,369.0,371.0,368.0
17ago,0,---,1052.0,1338.0,1697.0,2030.0,2324.0,2453.0,2406.0,2227.0,1958.0,1684.0,971.0,991.0,1005.0,1012.0,1023.0,1033.0,1019.0,1025.0,1014.0,1013.0,1004.0,979.0,986.0,963.0,954.0,947.0,926.0,920.0,904.0,880.0,876.0,864.0,845.0,838.0,814.0,803.0,789.0,777.0,765.0,745.0,727.0,728.0,709.0,702.0,692.0,664.0,666.0,650.0,636.0,631.0,-,393.0,487.0,596.0,677.0,739.0,754.0,731.0,693.0,689.0,811.0,1241.0,1671.0,1953.0,1975.0,1763.0,1550.0,1339.0,1145.0,890.0,679.0,560.0,446.0,396.0,369.0,353.0,368.0,378.0,416.0,464.0,589.0,780.0,1067.0,1405.0,1622.0,1747.0,1792.0,1703.0,1562.0,1458.0,1239.0,1023.0,816.0,643.0,539.0,453.0,415.0,399.0,374.0,371.0,369.0
17ago,125,---,1108.0,1412.0,1804.0,2159.0,2470.0,2605.0,2556.0,2363.0,2077.0,1784.0,1019.0,1044.0,1058.0,1066.0,1078.0,1086.0,1076.0,1081.0,1070.0,1065.0,1055.0,1027.0,1036.0,1010.0,997.0,990.0,966.0,958.0,945.0,916.0,911.0,899.0,877.0,870.0,845.0,833.0,820.0,805.0,791.0,768.0,752.0,751.0,729.0,724.0,711.0,683.0,684.0,668.0,652.0,646.0,-,400.0,496.0,641.0,739.0,815.0,832.0,818.0,766.0,759.0,901.0,1386.0,1905.0,2256.0,2304.0,2037.0,1807.0,1531.0,1312.0,1023.0,775.0,608.0,475.0,409.0,379.0,359.0,373.0,389.0,429.0,487.0,615.0,848.0,1187.0,1601.0,1882.0,2037.0,2099.0,2000.0,1856.0,1711.0,1470.0,1209.0,953.0,734.0,592.0,494.0,432.0,415.0,381.0,375.0,371.0
17ago,125,---,1107.0,1412.0,1798.0,2159.0,2468.0,2601.0,2555.0,2360.0,2075.0,1782.0,1018.0,1042.0,1057.0,1066.0,1080.0,1084.0,1076.0,1080.0,1068.0,1065.0,1055.0,1029.0,1032.0,1008.0,996.0,987.0,968.0,957.0,944.0,917.0,913.0,899.0,878.0,869.0,846.0,831.0,816.0,804.0,791.0,771.0,751.0,751.0,729.0,722.0,712.0,684.0,685.0,666.0,651.0,645.0,-,399.0,502.0,642.0,746.0,813.0,833.0,815.0,770.0,755.0,880.0,1378.0,1897.0,2227.0,2298.0,2035.0,1787.0,1527.0,1318.0,1037.0,759.0,598.0,465.0,405.0,379.0,351.0,379.0,383.0,427.0,485.0,620.0,846.0,1185.0,1605.0,1896.0,2030.0,2075.0,2003.0,1846.0,1728.0,1457.0,1201.0,947.0,727.0,592.0,482.0,428.0,413.0,382.0,383.0,369.0
17ago,125,---,1105.0,1408.0,1796.0,2155.0,2460.0,2589.0,2547.0,2357.0,2071.0,1778.0,1016.0,1045.0,1057.0,1064.0,1076.0,1085.0,1073.0,1079.0,1067.0,1064.0,1054.0,1025.0,1029.0,1006.0,996.0,985.0,965.0,957.0,940.0,915.0,912.0,896.0,877.0,870.0,843.0,831.0,817.0,803.0,790.0,768.0,750.0,751.0,729.0,721.0,710.0,682.0,683.0,665.0,649.0,645.0,-,398.0,500.0,656.0,751.0,832.0,845.0,827.0,782.0,759.0,903.0,1406.0,1930.0,2283.0,2322.0,2085.0,1829.0,1561.0,1313.0,1038.0,774.0,607.0,478.0,405.0,377.0,353.0,374.0,381.0,426.0,491.0,629.0,867.0,1200.0,1651.0,1919.0,2075.0,2147.0,2032.0,1867.0,1738.0,1497.0,1219.0,951.0,735.0,590.0,487.0,432.0,415.0,382.0,375.0,368.0
17ago,250,---,1123.0,1433.0,1828.0,2193.0,2501.0,2642.0,2592.0,2395.0,2108.0,1806.0,1028.0,1053.0,1069.0,1074.0,1086.0,1094.0,1081.0,1087.0,1074.0,1071.0,1060.0,1031.0,1036.0,1010.0,997.0,989.0,969.0,958.0,942.0,914.0,910.0,895.0,875.0,866.0,840.0,826.0,813.0,795.0,785.0,763.0,744.0,744.0,723.0,716.0,704.0,675.0,674.0,658.0,640.0,637.0,-,402.0,519.0,675.0,785.0,867.0,887.0,867.0,817.0,798.0,944.0,1488.0,2071.0,2430.0,2511.0,2240.0,1961.0,1681.0,1446.0,1136.0,845.0,653.0,499.0,417.0,385.0,359.0,377.0,388.0,437.0,501.0,640.0,901.0,1280.0,1763.0,2112.0,2269.0,2331.0,2242.0,2075.0,1909.0,1648.0,1345.0,1050.0,793.0,628.0,511.0,445.0,423.0,387.0,381.0,377.0
17ago,250,---,1125.0,1438.0,1835.0,2201.0,2508.0,2649.0,2604.0,2402.0,2116.0,1813.0,1030.0,1053.0,1071.0,1076.0,1086.0,1095.0,1084.0,1089.0,1074.0,1074.0,1062.0,1033.0,1037.0,1012.0,1000.0,991.0,971.0,961.0,942.0,915.0,911.0,898.0,875.0,870.0,841.0,828.0,814.0,800.0,786.0,763.0,744.0,745.0,724.0,716.0,703.0,677.0,674.0,658.0,642.0,637.0,-,414.0,519.0,687.0,793.0,885.0,899.0,874.0,833.0,816.0,959.0,1519.0,2084.0,2473.0,2538.0,2257.0,1977.0,1712.0,1457.0,1154.0,854.0,662.0,503.0,418.0,387.0,363.0,380.0,395.0,435.0,509.0,655.0,914.0,1315.0,1806.0,2146.0,2327.0,2370.0,2303.0,2108.0,1949.0,1663.0,1369.0,1072.0,809.0,640.0,523.0,449.0,426.0,389.0,385.0,375.0
17ago,250,---,1127.0,1437.0,1829.0,2199.0,2509.0,2646.0,2601.0,2401.0,2114.0,1812.0,1026.0,1054.0,1067.0,1074.0,1086.0,1093.0,1082.0,1089.0,1077.0,1075.0,1060.0,1035.0,1035.0,1013.0,999.0,993.0,970.0,959.0,943.0,917.0,910.0,897.0,875.0,869.0,843.0,829.0,815.0,800.0,787.0,765.0,744.0,746.0,723.0,715.0,704.0,675.0,675.0,658.0,643.0,636.0,-,407.0,524.0,671.0,795.0,879.0,893.0,874.0,822.0,816.0,955.0,1492.0,2046.0,2428.0,2496.0,2241.0,1972.0,1693.0,1444.0,1130.0,847.0,656.0,503.0,414.0,381.0,359.0,373.0,394.0,434.0,507.0,642.0,911.0,1297.0,1782.0,2112.0,2266.0,2320.0,2245.0,2077.0,1921.0,1644.0,1344.0,1054.0,795.0,631.0,518.0,445.0,422.0,390.0,380.0,377.0
17ago,500,---,1122.0,1431.0,1823.0,2189.0,2498.0,2634.0,2583.0,2389.0,2100.0,1803.0,1021.0,1045.0,1063.0,1063.0,1077.0,1084.0,1071.0,1077.0,1061.0,1055.0,1045.0,1018.0,1016.0,993.0,981.0,972.0,949.0,938.0,922.0,895.0,889.0,874.0,851.0,842.0,818.0,804.0,789.0,775.0,761.0,739.0,719.0,720.0,700.0,691.0,679.0,650.0,651.0,633.0,619.0,612.0,-,410.0,526.0,676.0,804.0,896.0,907.0,889.0,839.0,818.0,975.0,1520.0,2105.0,2496.0,2559.0,2287.0,2003.0,1738.0,1472.0,1149.0,839.0,656.0,511.0,419.0,384.0,361.0,379.0,393.0,432.0,496.0,643.0,907.0,1293.0,1762.0,2110.0,2277.0,2324.0,2247.0,2087.0,1919.0,1632.0,1348.0,1040.0,785.0,628.0,517.0,444.0,417.0,387.0,377.0,370.0
17ago,500,---,1119.0,1427.0,1815.0,2179.0,2488.0,2627.0,2577.0,2380.0,2095.0,1798.0,1018.0,1040.0,1054.0,1061.0,1072.0,1079.0,1067.0,1073.0,1057.0,1054.0,1041.0,1012.0,1014.0,991.0,976.0,967.0,946.0,935.0,917.0,892.0,886.0,873.0,849.0,841.0,816.0,803.0,787.0,772.0,761.0,737.0,716.0,719.0,695.0,689.0,677.0,650.0,649.0,632.0,618.0,613.0,-,416.0,531.0,683.0,822.0,903.0,919.0,895.0,844.0,815.0,973.0,1554.0,2160.0,2546.0,2603.0,2313.0,2032.0,1748.0,1489.0,1155.0,863.0,662.0,503.0,420.0,384.0,363.0,378.0,393.0,439.0,499.0,644.0,915.0,1296.0,1795.0,2128.0,2305.0,2362.0,2279.0,2096.0,1931.0,1675.0,1360.0,1058.0,790.0,633.0,511.0,438.0,426.0,389.0,384.0,372.0
17ago,500,---,1118.0,1426.0,1816.0,2176.0,2483.0,2618.0,2573.0,2374.0,2091.0,1793.0,1016.0,1042.0,1054.0,1060.0,1071.0,1078.0,1066.0,1071.0,1056.0,1053.0,1040.0,1012.0,1012.0,990.0,974.0,968.0,947.0,932.0,917.0,890.0,886.0,872.0,849.0,842.0,815.0,799.0,787.0,773.0,759.0,736.0,716.0,718.0,696.0,688.0,675.0,647.0,648.0,632.0,617.0,612.0,-,413.0,529.0,677.0,814.0,896.0,920.0,885.0,844.0,833.0,976.0,1549.0,2142.0,2511.0,2586.0,2288.0,2018.0,1734.0,1476.0,1173.0,853.0,664.0,500.0,424.0,385.0,363.0,375.0,394.0,434.0,497.0,653.0,912.0,1307.0,1798.0,2142.0,2318.0,2347.0,2278.0,2100.0,1933.0,1648.0,1351.0,1053.0,795.0,636.0,525.0,439.0,419.0,387.0,384.0,375.0
17ago,750,---,1106.0,1409.0,1791.0,2149.0,2453.0,2583.0,2535.0,2340.0,2057.0,1769.0,990.0,1013.0,1025.0,1031.0,1044.0,1050.0,1036.0,1038.0,1023.0,1017.0,1006.0,979.0,982.0,958.0,944.0,936.0,912.0,901.0,883.0,858.0,851.0,838.0,815.0,807.0,782.0,769.0,753.0,738.0,726.0,706.0,688.0,688.0,666.0,659.0,646.0,621.0,621.0,604.0,592.0,587.0,-,401.0,507.0,649.0,767.0,832.0,855.0,826.0,788.0,766.0,907.0,1414.0,1937.0,2300.0,2337.0,2095.0,1840.0,1587.0,1329.0,1057.0,789.0,624.0,484.0,406.0,381.0,363.0,376.0,385.0,425.0,479.0,615.0,834.0,1169.0,1621.0,1895.0,2055.0,2096.0,1983.0,1846.0,1719.0,1463.0,1207.0,944.0,733.0,592.0,487.0,432.0,413.0,383.0,382.0,369.0
17ago,750,---,1105.0,1407.0,1784.0,2141.0,2445.0,2574.0,2525.0,2331.0,2053.0,1763.0,990.0,1010.0,1023.0,1029.0,1038.0,1044.0,1030.0,1036.0,1020.0,1014.0,1003.0,977.0,976.0,955.0,943.0,932.0,910.0,898.0,881.0,856.0,851.0,835.0,814.0,807.0,778.0,765.0,752.0,738.0,725.0,705.0,686.0,686.0,666.0,658.0,647.0,619.0,620.0,602.0,591.0,586.0,-,407.0,496.0,646.0,747.0,826.0,838.0,822.0,777.0,759.0,897.0,1395.0,1914.0,2250.0,2289.0,2032.0,1802.0,1525.0,1310.0,1033.0,771.0,609.0,480.0,406.0,378.0,357.0,377.0,385.0,421.0,469.0,602.0,832.0,1152.0,1565.0,1850.0,1989.0,2039.0,1962.0,1817.0,1665.0,1435.0,1173.0,923.0,715.0,583.0,485.0,427.0,412.0,382.0,373.0,368.0
17ago,750,---,1102.0,1405.0,1789.0,2144.0,2445.0,2578.0,2529.0,2336.0,2051.0,1763.0,991.0,1011.0,1020.0,1027.0,1038.0,1045.0,1031.0,1036.0,1019.0,1015.0,1003.0,978.0,978.0,957.0,941.0,934.0,910.0,899.0,883.0,855.0,849.0,836.0,815.0,806.0,780.0,767.0,754.0,738.0,725.0,707.0,685.0,686.0,664.0,658.0,645.0,620.0,621.0,604.0,590.0,587.0,-,402.0,501.0,656.0,757.0,844.0,852.0,833.0,784.0,764.0,907.0,1423.0,1950.0,2314.0,2349.0,2077.0,1835.0,1578.0,1332.0,1055.0,785.0,623.0,489.0,405.0,379.0,357.0,375.0,384.0,431.0,481.0,603.0,834.0,1170.0,1610.0,1887.0,2045.0,2082.0,1999.0,1852.0,1707.0,1461.0,1213.0,939.0,727.0,592.0,482.0,429.0,413.0,382.0,377.0,375.0
17ago,1250,---,1093.0,1393.0,1769.0,2119.0,2422.0,2547.0,2502.0,2312.0,2031.0,1745.0,973.0,993.0,1005.0,1007.0,1016.0,1019.0,1004.0,1010.0,993.0,985.0,977.0,953.0,951.0,927.0,912.0,903.0,879.0,867.0,851.0,825.0,817.0,801.0,781.0,771.0,748.0,733.0,720.0,705.0,693.0,672.0,654.0,653.0,633.0,625.0,614.0,589.0,589.0,573.0,562.0,559.0,-,401.0,496.0,638.0,732.0,816.0,818.0,799.0,748.0,752.0,880.0,1357.0,1848.0,2179.0,2213.0,2002.0,1733.0,1489.0,1270.0,994.0,743.0,594.0,465.0,402.0,373.0,358.0,369.0,377.0,416.0,465.0,583.0,789.0,1109.0,1461.0,1746.0,1877.0,1921.0,1837.0,1694.0,1565.0,1331.0,1104.0,870.0,688.0,563.0,474.0,417.0,405.0,371.0,375.0,369.0
17ago,1250,---,1091.0,1390.0,1767.0,2118.0,2416.0,2543.0,2493.0,2305.0,2026.0,1743.0,973.0,992.0,1005.0,1006.0,1016.0,1018.0,1005.0,1008.0,991.0,986.0,976.0,951.0,953.0,926.0,912.0,902.0,879.0,866.0,850.0,823.0,817.0,803.0,780.0,773.0,746.0,733.0,720.0,704.0,692.0,670.0,654.0,652.0,633.0,626.0,614.0,589.0,590.0,576.0,562.0,559.0,-,400.0,501.0,638.0,735.0,815.0,827.0,807.0,763.0,752.0,873.0,1381.0,1872.0,2207.0,2231.0,2000.0,1755.0,1493.0,1286.0,997.0,752.0,592.0,471.0,401.0,378.0,355.0,368.0,380.0,421.0,470.0,592.0,790.0,1107.0,1497.0,1777.0,1887.0,1939.0,1859.0,1722.0,1584.0,1345.0,1116.0,885.0,687.0,565.0,475.0,422.0,406.0,378.0,375.0,369.0
17ago,1250,---,1089.0,1387.0,1763.0,2111.0,2411.0,2535.0,2488.0,2301.0,2021.0,1738.0,970.0,989.0,999.0,1003.0,1012.0,1017.0,1003.0,1006.0,990.0,986.0,975.0,947.0,949.0,925.0,910.0,902.0,877.0,866.0,849.0,821.0,816.0,799.0,778.0,771.0,745.0,732.0,717.0,704.0,691.0,669.0,651.0,651.0,633.0,625.0,612.0,589.0,589.0,573.0,561.0,558.0,-,400.0,501.0,638.0,731.0,800.0,819.0,803.0,751.0,734.0,867.0,1349.0,1856.0,2160.0,2195.0,1957.0,1716.0,1477.0,1264.0,978.0,750.0,593.0,464.0,404.0,377.0,357.0,369.0,385.0,415.0,465.0,583.0,787.0,1091.0,1462.0,1719.0,1858.0,1893.0,1821.0,1675.0,1567.0,1331.0,1091.0,873.0,681.0,560.0,464.0,416.0,401.0,377.0,372.0,368.0
17ago,1875,---,1081.0,1373.0,1740.0,2086.0,2376.0,2501.0,2455.0,2269.0,1997.0,1716.0,958.0,976.0,987.0,988.0,999.0,999.0,987.0,990.0,974.0,968.0,957.0,929.0,933.0,909.0,892.0,883.0,860.0,846.0,830.0,802.0,796.0,780.0,760.0,753.0,727.0,714.0,698.0,685.0,672.0,653.0,634.0,635.0,616.0,608.0,596.0,573.0,573.0,560.0,547.0,543.0,-,400.0,497.0,631.0,729.0,791.0,807.0,786.0,743.0,735.0,858.0,1363.0,1861.0,2192.0,2196.0,1973.0,1742.0,1488.0,1261.0,983.0,744.0,587.0,464.0,402.0,378.0,355.0,375.0,379.0,423.0,465.0,578.0,783.0,1083.0,1441.0,1715.0,1821.0,1865.0,1776.0,1659.0,1525.0,1322.0,1082.0,848.0,673.0,555.0,464.0,413.0,400.0,373.0,370.0,368.0
17ago,1875,---,1080.0,1371.0,1738.0,2082.0,2377.0,2502.0,2453.0,2265.0,1993.0,1713.0,959.0,976.0,985.0,991.0,999.0,1000.0,987.0,989.0,976.0,968.0,954.0,930.0,929.0,907.0,891.0,883.0,858.0,846.0,830.0,804.0,797.0,783.0,759.0,752.0,725.0,714.0,698.0,686.0,671.0,653.0,634.0,635.0,615.0,609.0,597.0,573.0,574.0,559.0,546.0,543.0,-,399.0,497.0,640.0,721.0,789.0,807.0,784.0,748.0,730.0,865.0,1366.0,1859.0,2177.0,2211.0,1953.0,1717.0,1473.0,1259.0,982.0,740.0,592.0,464.0,400.0,373.0,359.0,372.0,377.0,414.0,469.0,579.0,788.0,1078.0,1450.0,1715.0,1827.0,1855.0,1782.0,1647.0,1532.0,1299.0,1075.0,855.0,677.0,554.0,466.0,419.0,405.0,378.0,378.0,368.0
17ago,1875,---,1082.0,1372.0,1741.0,2081.0,2376.0,2501.0,2449.0,2267.0,1993.0,1715.0,959.0,977.0,986.0,990.0,997.0,1002.0,987.0,991.0,974.0,969.0,957.0,931.0,931.0,905.0,892.0,883.0,860.0,847.0,831.0,802.0,796.0,782.0,761.0,752.0,726.0,713.0,699.0,685.0,671.0,652.0,633.0,635.0,616.0,611.0,597.0,575.0,574.0,560.0,546.0,543.0,-,402.0,502.0,630.0,729.0,801.0,816.0,797.0,751.0,740.0,881.0,1370.0,1872.0,2192.0,2224.0,1991.0,1737.0,1498.0,1264.0,992.0,747.0,588.0,465.0,401.0,374.0,355.0,372.0,381.0,419.0,474.0,583.0,787.0,1090.0,1472.0,1716.0,1838.0,1879.0,1801.0,1667.0,1534.0,1328.0,1088.0,865.0,673.0,560.0,464.0,420.0,403.0,379.0,373.0,368.0
17ago,0,---,1080.0,1366.0,1729.0,2065.0,2349.0,2466.0,2413.0,2226.0,1959.0,1685.0,974.0,995.0,1010.0,1017.0,1027.0,1036.0,1025.0,1032.0,1017.0,1013.0,1006.0,982.0,987.0,966.0,957.0,950.0,929.0,921.0,907.0,885.0,877.0,864.0,845.0,841.0,814.0,802.0,792.0,780.0,766.0,747.0,729.0,730.0,711.0,706.0,693.0,666.0,667.0,651.0,637.0,634.0,-,400.0,493.0,621.0,695.0,758.0,756.0,749.0,698.0,705.0,855.0,1300.0,1728.0,1998.0,1999.0,1745.0,1552.0,1319.0,1130.0,875.0,667.0,546.0,438.0,389.0,369.0,356.0,373.0,383.0,425.0,482.0,599.0,816.0,1114.0,1446.0,1694.0,1782.0,1807.0,1717.0,1599.0,1458.0,1255.0,1035.0,812.0,636.0,530.0,461.0,417.0,401.0,373.0,370.0,369.0
17ago,0,---,1073.0,1353.0,1710.0,2040.0,2323.0,2442.0,2390.0,2202.0,1938.0,1670.0,966.0,987.0,1002.0,1006.0,1019.0,1026.0,1017.0,1023.0,1008.0,1007.0,998.0,975.0,979.0,958.0,949.0,942.0,923.0,913.0,899.0,875.0,872.0,859.0,840.0,835.0,810.0,797.0,784.0,774.0,762.0,741.0,722.0,725.0,707.0,701.0,688.0,663.0,664.0,647.0,633.0,630.0,-,403.0,503.0,624.0,704.0,767.0,774.0,742.0,707.0,703.0,870.0,1319.0,1747.0,2017.0,2000.0,1776.0,1558.0,1337.0,1131.0,887.0,677.0,547.0,444.0,394.0,376.0,355.0,378.0,387.0,425.0,479.0,608.0,839.0,1138.0,1487.0,1724.0,1822.0,1839.0,1744.0,1614.0,1470.0,1252.0,1029.0,807.0,645.0,534.0,458.0,411.0,400.0,371.0,374.0,371.0
17ago,0,---,1069.0,1354.0,1709.0,2036.0,2320.0,2438.0,2385.0,2202.0,1936.0,1671.0,968.0,988.0,1002.0,1008.0,1021.0,1027.0,1019.0,1023.0,1011.0,1008.0,1000.0,977.0,980.0,960.0,949.0,944.0,923.0,915.0,902.0,876.0,874.0,860.0,840.0,837.0,810.0,799.0,787.0,774.0,763.0,744.0,725.0,727.0,710.0,701.0,691.0,665.0,664.0,650.0,635.0,631.0,-,407.0,499.0,619.0,707.0,753.0,770.0,750.0,708.0,703.0,862.0,1329.0,1751.0,2022.0,1984.0,1778.0,1574.0,1334.0,1141.0,874.0,673.0,547.0,434.0,389.0,369.0,350.0,369.0,386.0,427.0,481.0,614.0,832.0,1131.0,1475.0,1697.0,1809.0,1840.0,1747.0,1611.0,1485.0,1249.0,1035.0,823.0,652.0,542.0,459.0,417.0,400.0,373.0,373.0,372.0
17ago,125,---,1128.0,1437.0,1816.0,2175.0,2473.0,2593.0,2541.0,2342.0,2059.0,1774.0,1018.0,1042.0,1059.0,1064.0,1077.0,1087.0,1072.0,1078.0,1068.0,1064.0,1056.0,1027.0,1031.0,1009.0,995.0,988.0,965.0,958.0,942.0,915.0,910.0,900.0,876.0,869.0,844.0,833.0,819.0,803.0,791.0,770.0,751.0,753.0,731.0,724.0,712.0,684.0,683.0,666.0,651.0,645.0,-,415.0,530.0,669.0,774.0,844.0,855.0,834.0,779.0,774.0,951.0,1491.0,2018.0,2339.0,2354.0,2082.0,1814.0,1570.0,1338.0,1022.0,769.0,607.0,477.0,403.0,373.0,356.0,379.0,395.0,442.0,502.0,656.0,914.0,1281.0,1723.0,2025.0,2150.0,2186.0,2095.0,1923.0,1756.0,1504.0,1217.0,960.0,736.0,592.0,490.0,432.0,414.0,386.0,384.0,377.0
17ago,125,---,1124.0,1428.0,1813.0,2167.0,2463.0,2585.0,2528.0,2333.0,2052.0,1767.0,1014.0,1042.0,1056.0,1061.0,1076.0,1082.0,1072.0,1077.0,1063.0,1060.0,1053.0,1023.0,1025.0,1003.0,991.0,984.0,963.0,954.0,940.0,913.0,909.0,895.0,873.0,867.0,842.0,830.0,814.0,802.0,788.0,767.0,749.0,749.0,728.0,721.0,710.0,683.0,684.0,663.0,648.0,645.0,-,409.0,521.0,667.0,763.0,836.0,846.0,826.0,778.0,763.0,945.0,1499.0,2000.0,2307.0,2321.0,2074.0,1799.0,1552.0,1315.0,1009.0,759.0,599.0,465.0,401.0,376.0,362.0,375.0,394.0,432.0,501.0,655.0,903.0,1281.0,1710.0,1989.0,2138.0,2165.0,2064.0,1898.0,1748.0,1489.0,1215.0,938.0,727.0,587.0,487.0,429.0,416.0,381.0,380.0,374.0
17ago,125,---,1120.0,1423.0,1803.0,2154.0,2451.0,2574.0,2517.0,2326.0,2043.0,1759.0,1010.0,1037.0,1054.0,1058.0,1072.0,1077.0,1066.0,1074.0,1059.0,1058.0,1047.0,1017.0,1023.0,1001.0,987.0,983.0,963.0,953.0,937.0,912.0,906.0,894.0,872.0,863.0,838.0,826.0,812.0,798.0,786.0,766.0,748.0,748.0,727.0,719.0,708.0,679.0,679.0,661.0,648.0,643.0,-,411.0,528.0,667.0,768.0,842.0,847.0,831.0,781.0,780.0,944.0,1488.0,2006.0,2319.0,2305.0,2064.0,1809.0,1562.0,1307.0,1014.0,769.0,603.0,469.0,409.0,383.0,362.0,386.0,391.0,433.0,501.0,654.0,899.0,1281.0,1712.0,2007.0,2155.0,2182.0,2071.0,1902.0,1755.0,1488.0,1227.0,955.0,734.0,588.0,489.0,430.0,418.0,384.0,382.0,377.0
17ago,250,---,1149.0,1463.0,1855.0,2216.0,2517.0,2645.0,2585.0,2387.0,2101.0,1805.0,1031.0,1057.0,1071.0,1077.0,1090.0,1095.0,1083.0,1092.0,1078.0,1074.0,1062.0,1036.0,1037.0,1014.0,999.0,991.0,970.0,961.0,945.0,918.0,913.0,899.0,874.0,866.0,840.0,829.0,815.0,801.0,786.0,765.0,746.0,746.0,724.0,717.0,703.0,676.0,677.0,659.0,644.0,637.0,-,421.0,533.0,685.0,795.0,859.0,871.0,855.0,799.0,801.0,976.0,1533.0,2074.0,2423.0,2446.0,2155.0,1879.0,1606.0,1365.0,1056.0,784.0,618.0,481.0,407.0,379.0,357.0,379.0,396.0,439.0,506.0,654.0,912.0,1296.0,1735.0,2019.0,2191.0,2218.0,2128.0,1968.0,1818.0,1546.0,1264.0,976.0,747.0,603.0,496.0,432.0,417.0,386.0,382.0,372.0
17ago,250,---,1146.0,1460.0,1850.0,2211.0,2516.0,2645.0,2587.0,2381.0,2096.0,1804.0,1027.0,1055.0,1069.0,1076.0,1088.0,1095.0,1082.0,1087.0,1076.0,1073.0,1061.0,1031.0,1037.0,1011.0,998.0,991.0,968.0,958.0,943.0,915.0,911.0,898.0,874.0,865.0,840.0,826.0,814.0,798.0,786.0,765.0,745.0,743.0,723.0,716.0,703.0,677.0,676.0,659.0,643.0,637.0,-,410.0,533.0,682.0,784.0,868.0,870.0,849.0,805.0,799.0,966.0,1535.0,2085.0,2407.0,2421.0,2154.0,1889.0,1613.0,1344.0,1058.0,784.0,614.0,475.0,411.0,383.0,358.0,375.0,387.0,436.0,496.0,657.0,911.0,1296.0,1761.0,2047.0,2218.0,2237.0,2120.0,1950.0,1808.0,1524.0,1253.0,975.0,750.0,594.0,496.0,437.0,416.0,385.0,380.0,379.0
17ago,250,---,1140.0,1453.0,1839.0,2198.0,2497.0,2629.0,2570.0,2369.0,2083.0,1791.0,1021.0,1048.0,1063.0,1068.0,1081.0,1087.0,1077.0,1082.0,1066.0,1068.0,1054.0,1025.0,1031.0,1007.0,991.0,984.0,961.0,953.0,938.0,911.0,906.0,892.0,870.0,862.0,837.0,824.0,811.0,794.0,782.0,760.0,742.0,741.0,721.0,712.0,699.0,671.0,673.0,655.0,641.0,635.0,-,417.0,538.0,679.0,788.0,867.0,882.0,843.0,802.0,799.0,976.0,1529.0,2085.0,2416.0,2438.0,2147.0,1884.0,1616.0,1354.0,1055.0,782.0,613.0,479.0,409.0,384.0,362.0,382.0,390.0,437.0,502.0,656.0,909.0,1283.0,1739.0,2045.0,2205.0,2250.0,2141.0,1952.0,1822.0,1532.0,1261.0,975.0,745.0,599.0,496.0,434.0,418.0,382.0,380.0,373.0
17ago,500,---,1147.0,1460.0,1850.0,2209.0,2513.0,2639.0,2584.0,2382.0,2094.0,1798.0,1025.0,1048.0,1062.0,1068.0,1080.0,1084.0,1075.0,1079.0,1064.0,1060.0,1049.0,1020.0,1022.0,997.0,982.0,975.0,952.0,941.0,924.0,899.0,891.0,877.0,854.0,847.0,819.0,806.0,790.0,776.0,763.0,740.0,722.0,723.0,700.0,692.0,680.0,652.0,652.0,634.0,620.0,616.0,-,419.0,532.0,693.0,815.0,887.0,902.0,879.0,825.0,815.0,985.0,1587.0,2128.0,2493.0,2499.0,2213.0,1939.0,1662.0,1399.0,1080.0,802.0,624.0,481.0,415.0,379.0,362.0,378.0,395.0,436.0,500.0,658.0,916.0,1310.0,1765.0,2054.0,2227.0,2268.0,2146.0,1986.0,1827.0,1555.0,1264.0,977.0,755.0,601.0,496.0,432.0,414.0,384.0,380.0,373.0
17ago,500,---,1138.0,1446.0,1833.0,2189.0,2488.0,2616.0,2558.0,2360.0,2077.0,1787.0,1015.0,1042.0,1054.0,1060.0,1070.0,1079.0,1065.0,1071.0,1056.0,1051.0,1038.0,1010.0,1013.0,990.0,976.0,967.0,944.0,934.0,917.0,890.0,885.0,871.0,849.0,840.0,814.0,800.0,786.0,771.0,757.0,736.0,718.0,716.0,696.0,689.0,675.0,649.0,647.0,632.0,616.0,612.0,-,417.0,546.0,688.0,801.0,880.0,897.0,867.0,816.0,803.0,978.0,1569.0,2117.0,2450.0,2474.0,2199.0,1917.0,1647.0,1386.0,1067.0,793.0,625.0,482.0,411.0,382.0,357.0,377.0,390.0,434.0,500.0,653.0,929.0,1302.0,1759.0,2064.0,2198.0,2247.0,2129.0,1959.0,1823.0,1550.0,1241.0,975.0,749.0,594.0,495.0,432.0,416.0,384.0,383.0,371.0
17ago,500,---,1134.0,1444.0,1829.0,2183.0,2481.0,2606.0,2549.0,2353.0,2070.0,1780.0,1013.0,1038.0,1051.0,1058.0,1069.0,1075.0,1063.0,1068.0,1052.0,1050.0,1036.0,1007.0,1009.0,987.0,974.0,964.0,943.0,930.0,915.0,888.0,883.0,868.0,844.0,837.0,812.0,796.0,785.0,770.0,757.0,735.0,715.0,715.0,695.0,686.0,674.0,648.0,648.0,630.0,616.0,613.0,-,418.0,544.0,697.0,816.0,891.0,901.0,877.0,826.0,805.0,991.0,1584.0,2134.0,2487.0,2511.0,2214.0,1923.0,1679.0,1392.0,1087.0,811.0,624.0,482.0,410.0,378.0,361.0,384.0,397.0,437.0,508.0,671.0,929.0,1323.0,1777.0,2079.0,2231.0,2277.0,2171.0,1998.0,1838.0,1571.0,1271.0,989.0,755.0,602.0,495.0,435.0,419.0,387.0,381.0,374.0
17ago,750,---,1127.0,1433.0,1814.0,2170.0,2465.0,2584.0,2526.0,2331.0,2048.0,1762.0,994.0,1014.0,1029.0,1032.0,1044.0,1051.0,1034.0,1039.0,1022.0,1019.0,1006.0,981.0,981.0,959.0,945.0,936.0,914.0,902.0,886.0,857.0,852.0,838.0,817.0,811.0,781.0,769.0,755.0,742.0,726.0,705.0,687.0,688.0,665.0,661.0,649.0,621.0,623.0,605.0,591.0,589.0,-,412.0,528.0,660.0,765.0,834.0,858.0,816.0,771.0,771.0,935.0,1471.0,1981.0,2315.0,2299.0,2043.0,1792.0,1523.0,1299.0,1007.0,753.0,602.0,470.0,401.0,378.0,362.0,375.0,386.0,429.0,493.0,624.0,859.0,1211.0,1600.0,1866.0,2023.0,2045.0,1951.0,1808.0,1651.0,1425.0,1152.0,918.0,704.0,580.0,477.0,425.0,403.0,382.0,374.0,373.0
17ago,750,---,1121.0,1425.0,1801.0,2151.0,2444.0,2565.0,2510.0,2313.0,2033.0,1752.0,987.0,1009.0,1021.0,1026.0,1042.0,1046.0,1029.0,1034.0,1018.0,1012.0,1001.0,977.0,976.0,953.0,940.0,929.0,907.0,898.0,883.0,855.0,850.0,836.0,812.0,805.0,777.0,763.0,751.0,737.0,724.0,703.0,684.0,686.0,664.0,657.0,645.0,620.0,620.0,602.0,591.0,585.0,-,407.0,529.0,672.0,768.0,852.0,870.0,824.0,786.0,768.0,939.0,1483.0,1993.0,2331.0,2325.0,2064.0,1810.0,1549.0,1309.0,1023.0,750.0,607.0,469.0,403.0,375.0,363.0,379.0,393.0,434.0,489.0,629.0,878.0,1226.0,1632.0,1925.0,2047.0,2086.0,1984.0,1840.0,1699.0,1456.0,1181.0,923.0,707.0,567.0,490.0,427.0,405.0,383.0,378.0,372.0
17ago,750,---,1124.0,1426.0,1807.0,2160.0,2456.0,2578.0,2519.0,2322.0,2043.0,1756.0,992.0,1014.0,1026.0,1028.0,1042.0,1047.0,1035.0,1041.0,1021.0,1014.0,1004.0,977.0,978.0,955.0,942.0,935.0,911.0,901.0,884.0,856.0,851.0,838.0,815.0,810.0,782.0,767.0,753.0,739.0,726.0,706.0,686.0,687.0,665.0,659.0,648.0,622.0,622.0,604.0,592.0,587.0,-,415.0,524.0,666.0,769.0,848.0,850.0,821.0,783.0,763.0,937.0,1477.0,1971.0,2308.0,2306.0,2039.0,1787.0,1520.0,1290.0,999.0,752.0,592.0,466.0,400.0,379.0,361.0,379.0,392.0,431.0,495.0,629.0,853.0,1201.0,1612.0,1891.0,2038.0,2062.0,1953.0,1798.0,1664.0,1419.0,1170.0,902.0,707.0,576.0,478.0,431.0,411.0,384.0,379.0,373.0
17ago,1250,---,1123.0,1425.0,1806.0,2157.0,2452.0,2570.0,2512.0,2321.0,2038.0,1755.0,982.0,1000.0,1014.0,1014.0,1024.0,1032.0,1016.0,1021.0,1001.0,996.0,983.0,960.0,958.0,935.0,921.0,909.0,886.0,873.0,857.0,828.0,823.0,811.0,784.0,780.0,752.0,738.0,723.0,708.0,696.0,675.0,659.0,658.0,636.0,631.0,618.0,593.0,593.0,578.0,563.0,561.0,-,406.0,526.0,656.0,752.0,822.0,827.0,803.0,763.0,752.0,914.0,1437.0,1923.0,2240.0,2237.0,1959.0,1754.0,1485.0,1239.0,975.0,737.0,585.0,458.0,398.0,378.0,359.0,373.0,383.0,418.0,484.0,603.0,827.0,1154.0,1535.0,1793.0,1903.0,1931.0,1843.0,1697.0,1580.0,1337.0,1088.0,865.0,671.0,560.0,464.0,416.0,403.0,378.0,368.0,366.0
17ago,1250,---,1113.0,1411.0,1785.0,2130.0,2422.0,2540.0,2485.0,2288.0,2014.0,1735.0,974.0,991.0,1002.0,1007.0,1015.0,1020.0,1005.0,1008.0,991.0,985.0,976.0,950.0,950.0,926.0,909.0,902.0,879.0,866.0,851.0,822.0,815.0,801.0,778.0,773.0,745.0,733.0,718.0,704.0,693.0,671.0,653.0,652.0,634.0,626.0,615.0,589.0,589.0,574.0,561.0,558.0,-,413.0,518.0,654.0,752.0,816.0,828.0,798.0,754.0,747.0,902.0,1419.0,1909.0,2205.0,2197.0,1936.0,1716.0,1456.0,1232.0,959.0,718.0,591.0,458.0,403.0,374.0,355.0,378.0,385.0,423.0,477.0,602.0,823.0,1136.0,1515.0,1776.0,1893.0,1903.0,1824.0,1680.0,1553.0,1322.0,1077.0,863.0,674.0,557.0,465.0,413.0,403.0,373.0,381.0,369.0
17ago,1250,---,1116.0,1416.0,1793.0,2140.0,2432.0,2552.0,2495.0,2304.0,2023.0,1743.0,976.0,998.0,1007.0,1011.0,1020.0,1027.0,1011.0,1014.0,996.0,992.0,978.0,953.0,954.0,929.0,916.0,904.0,883.0,870.0,854.0,826.0,817.0,804.0,781.0,775.0,748.0,735.0,720.0,705.0,694.0,672.0,652.0,654.0,633.0,628.0,616.0,590.0,591.0,576.0,563.0,560.0,-,409.0,519.0,655.0,750.0,816.0,828.0,797.0,752.0,741.0,925.0,1431.0,1905.0,2205.0,2217.0,1968.0,1715.0,1465.0,1251.0,969.0,737.0,587.0,461.0,397.0,377.0,361.0,375.0,384.0,426.0,477.0,606.0,830.0,1152.0,1522.0,1782.0,1911.0,1917.0,1840.0,1702.0,1555.0,1319.0,1107.0,864.0,671.0,557.0,465.0,412.0,406.0,379.0,378.0,373.0
17ago,1875,---,1090.0,1378.0,1747.0,2075.0,2364.0,2476.0,2418.0,2228.0,1960.0,1690.0,951.0,971.0,979.0,982.0,987.0,995.0,977.0,983.0,966.0,959.0,947.0,922.0,923.0,898.0,884.0,875.0,851.0,839.0,824.0,797.0,789.0,774.0,753.0,749.0,721.0,708.0,695.0,680.0,668.0,648.0,630.0,632.0,611.0,604.0,593.0,569.0,571.0,557.0,543.0,541.0,-,405.0,505.0,631.0,705.0,783.0,786.0,756.0,720.0,720.0,880.0,1373.0,1810.0,2123.0,2106.0,1849.0,1623.0,1389.0,1168.0,912.0,691.0,558.0,449.0,400.0,371.0,352.0,368.0,384.0,422.0,465.0,587.0,779.0,1067.0,1407.0,1641.0,1744.0,1761.0,1682.0,1552.0,1430.0,1215.0,995.0,798.0,635.0,528.0,451.0,407.0,402.0,375.0,373.0,368.0
17ago,1875,---,1094.0,1385.0,1753.0,2092.0,2372.0,2490.0,2433.0,2241.0,1970.0,1696.0,952.0,974.0,984.0,986.0,993.0,996.0,982.0,986.0,970.0,964.0,950.0,925.0,925.0,902.0,887.0,878.0,855.0,842.0,829.0,800.0,792.0,778.0,755.0,750.0,723.0,710.0,697.0,684.0,669.0,650.0,632.0,632.0,614.0,606.0,593.0,571.0,571.0,558.0,543.0,542.0,-,403.0,500.0,629.0,712.0,775.0,785.0,756.0,707.0,706.0,863.0,1343.0,1785.0,2091.0,2059.0,1829.0,1587.0,1362.0,1162.0,898.0,683.0,551.0,446.0,388.0,372.0,355.0,370.0,379.0,415.0,466.0,586.0,779.0,1057.0,1390.0,1618.0,1710.0,1718.0,1659.0,1524.0,1393.0,1201.0,988.0,783.0,626.0,527.0,448.0,407.0,399.0,371.0,373.0,368.0
17ago,1875,---,1088.0,1376.0,1739.0,2075.0,2357.0,2466.0,2411.0,2225.0,1955.0,1685.0,947.0,967.0,975.0,977.0,987.0,989.0,976.0,982.0,962.0,958.0,947.0,920.0,919.0,896.0,883.0,872.0,848.0,838.0,821.0,795.0,788.0,773.0,752.0,746.0,719.0,707.0,691.0,678.0,667.0,647.0,629.0,629.0,612.0,603.0,593.0,569.0,569.0,555.0,543.0,539.0,-,400.0,505.0,626.0,713.0,766.0,775.0,752.0,717.0,711.0,879.0,1354.0,1779.0,2081.0,2041.0,1815.0,1591.0,1358.0,1149.0,896.0,682.0,560.0,452.0,393.0,374.0,357.0,373.0,383.0,423.0,469.0,583.0,773.0,1066.0,1383.0,1613.0,1701.0,1734.0,1647.0,1529.0,1403.0,1183.0,981.0,786.0,625.0,527.0,452.0,409.0,401.0,373.0,374.0,368.0
17ago,0,---,1103.0,1397.0,1757.0,2092.0,2367.0,2477.0,2418.0,2224.0,1958.0,1691.0,980.0,1001.0,1012.0,1019.0,1031.0,1042.0,1029.0,1037.0,1022.0,1019.0,1010.0,986.0,991.0,971.0,959.0,955.0,932.0,923.0,909.0,885.0,882.0,868.0,849.0,842.0,817.0,807.0,794.0,780.0,769.0,750.0,730.0,733.0,714.0,708.0,696.0,668.0,670.0,653.0,639.0,635.0,-,407.0,509.0,635.0,705.0,761.0,773.0,737.0,709.0,704.0,883.0,1367.0,1782.0,2032.0,1979.0,1749.0,1543.0,1301.0,1099.0,850.0,643.0,525.0,431.0,390.0,370.0,356.0,381.0,389.0,431.0,496.0,624.0,848.0,1159.0,1492.0,1709.0,1797.0,1803.0,1711.0,1571.0,1439.0,1212.0,991.0,789.0,631.0,528.0,451.0,410.0,400.0,373.0,370.0,368.0
17ago,0,---,1107.0,1397.0,1760.0,2095.0,2369.0,2482.0,2422.0,2233.0,1964.0,1698.0,984.0,1004.0,1019.0,1023.0,1035.0,1044.0,1033.0,1039.0,1024.0,1023.0,1012.0,990.0,994.0,974.0,963.0,955.0,935.0,926.0,911.0,885.0,885.0,871.0,851.0,846.0,821.0,809.0,795.0,784.0,772.0,754.0,732.0,734.0,716.0,710.0,697.0,671.0,673.0,655.0,641.0,634.0,-,423.0,537.0,662.0,736.0,805.0,803.0,773.0,728.0,722.0,969.0,1488.0,1904.0,2163.0,2103.0,1849.0,1633.0,1388.0,1168.0,883.0,685.0,555.0,443.0,390.0,376.0,360.0,383.0,391.0,441.0,521.0,661.0,909.0,1287.0,1660.0,1888.0,1971.0,1957.0,1862.0,1710.0,1558.0,1294.0,1054.0,823.0,652.0,545.0,454.0,416.0,405.0,377.0,377.0,372.0
17ago,0,---,1087.0,1370.0,1725.0,2051.0,2327.0,2434.0,2375.0,2186.0,1929.0,1663.0,966.0,990.0,1000.0,1009.0,1019.0,1025.0,1014.0,1021.0,1009.0,1008.0,996.0,974.0,979.0,960.0,948.0,943.0,921.0,914.0,901.0,875.0,873.0,859.0,839.0,833.0,811.0,798.0,785.0,773.0,762.0,742.0,726.0,726.0,709.0,700.0,690.0,664.0,664.0,649.0,633.0,630.0,-,407.0,517.0,630.0,694.0,761.0,750.0,725.0,697.0,691.0,880.0,1343.0,1744.0,1989.0,1935.0,1712.0,1489.0,1271.0,1072.0,824.0,635.0,523.0,432.0,387.0,374.0,351.0,378.0,386.0,431.0,491.0,613.0,838.0,1131.0,1459.0,1661.0,1753.0,1759.0,1666.0,1525.0,1407.0,1179.0,961.0,774.0,606.0,521.0,446.0,407.0,402.0,368.0,374.0,369.0
17ago,125,---,1152.0,1465.0,1848.0,2201.0,2488.0,2600.0,2541.0,2340.0,2063.0,1778.0,1025.0,1050.0,1062.0,1071.0,1081.0,1090.0,1079.0,1085.0,1072.0,1071.0,1058.0,1032.0,1036.0,1012.0,1001.0,994.0,970.0,962.0,944.0,919.0,915.0,900.0,881.0,872.0,846.0,835.0,821.0,806.0,794.0,774.0,753.0,755.0,733.0,726.0,713.0,687.0,687.0,667.0,652.0,647.0,-,414.0,539.0,675.0,763.0,833.0,816.0,798.0,761.0,756.0,961.0,1505.0,1974.0,2266.0,2219.0,1936.0,1707.0,1457.0,1213.0,929.0,704.0,577.0,448.0,393.0,381.0,360.0,379.0,393.0,439.0,506.0,656.0,899.0,1264.0,1662.0,1904.0,2037.0,2032.0,1919.0,1763.0,1623.0,1351.0,1105.0,878.0,678.0,560.0,473.0,427.0,408.0,384.0,378.0,379.0
17ago,125,---,1150.0,1458.0,1841.0,2186.0,2475.0,2595.0,2530.0,2332.0,2051.0,1771.0,1018.0,1045.0,1060.0,1067.0,1078.0,1086.0,1073.0,1080.0,1066.0,1066.0,1056.0,1027.0,1032.0,1006.0,994.0,987.0,966.0,957.0,942.0,916.0,911.0,899.0,877.0,869.0,844.0,830.0,817.0,805.0,791.0,771.0,752.0,753.0,731.0,724.0,712.0,685.0,683.0,665.0,651.0,647.0,-,415.0,531.0,669.0,756.0,819.0,832.0,795.0,756.0,755.0,970.0,1494.0,1975.0,2260.0,2224.0,1948.0,1709.0,1460.0,1215.0,929.0,709.0,565.0,447.0,394.0,370.0,358.0,375.0,389.0,437.0,500.0,651.0,900.0,1253.0,1667.0,1903.0,2032.0,2058.0,1942.0,1793.0,1627.0,1389.0,1127.0,880.0,683.0,555.0,464.0,423.0,403.0,374.0,378.0,377.0
17ago,125,---,1146.0,1454.0,1832.0,2181.0,2470.0,2587.0,2522.0,2324.0,2042.0,1767.0,1018.0,1042.0,1058.0,1063.0,1076.0,1084.0,1072.0,1078.0,1064.0,1063.0,1052.0,1026.0,1028.0,1007.0,995.0,985.0,964.0,955.0,941.0,914.0,910.0,895.0,874.0,869.0,842.0,829.0,815.0,800.0,788.0,769.0,749.0,751.0,728.0,721.0,711.0,683.0,681.0,665.0,650.0,645.0,-,427.0,534.0,675.0,765.0,823.0,822.0,804.0,752.0,754.0,958.0,1501.0,1967.0,2256.0,2209.0,1971.0,1709.0,1454.0,1212.0,933.0,706.0,570.0,448.0,397.0,381.0,359.0,379.0,399.0,437.0,507.0,655.0,894.0,1243.0,1642.0,1889.0,2015.0,2027.0,1926.0,1762.0,1617.0,1361.0,1130.0,877.0,681.0,557.0,473.0,423.0,407.0,381.0,384.0,371.0
17ago,250,---,1179.0,1499.0,1894.0,2256.0,2548.0,2669.0,2602.0,2403.0,2114.0,1822.0,1041.0,1069.0,1083.0,1087.0,1098.0,1106.0,1094.0,1102.0,1088.0,1084.0,1073.0,1046.0,1050.0,1024.0,1010.0,999.0,979.0,969.0,954.0,927.0,920.0,904.0,883.0,877.0,848.0,835.0,822.0,807.0,794.0,772.0,752.0,752.0,731.0,723.0,709.0,682.0,681.0,663.0,649.0,643.0,-,427.0,550.0,697.0,811.0,883.0,871.0,847.0,798.0,798.0,1007.0,1599.0,2112.0,2436.0,2411.0,2122.0,1855.0,1577.0,1328.0,1001.0,747.0,592.0,467.0,401.0,383.0,361.0,384.0,397.0,447.0,519.0,675.0,945.0,1342.0,1777.0,2043.0,2181.0,2224.0,2096.0,1943.0,1766.0,1485.0,1215.0,943.0,731.0,586.0,487.0,432.0,420.0,384.0,382.0,375.0
17ago,250,---,1169.0,1486.0,1874.0,2232.0,2525.0,2645.0,2584.0,2376.0,2093.0,1806.0,1034.0,1058.0,1075.0,1078.0,1089.0,1096.0,1085.0,1091.0,1079.0,1074.0,1062.0,1038.0,1038.0,1014.0,1000.0,992.0,970.0,958.0,946.0,915.0,912.0,898.0,877.0,869.0,843.0,829.0,815.0,801.0,786.0,765.0,746.0,746.0,725.0,717.0,705.0,679.0,675.0,657.0,643.0,637.0,-,423.0,559.0,704.0,813.0,883.0,894.0,851.0,807.0,802.0,1029.0,1611.0,2160.0,2466.0,2420.0,2146.0,1855.0,1605.0,1335.0,1008.0,767.0,599.0,476.0,405.0,381.0,358.0,386.0,397.0,444.0,523.0,677.0,959.0,1349.0,1807.0,2087.0,2226.0,2240.0,2126.0,1956.0,1808.0,1518.0,1235.0,967.0,729.0,591.0,493.0,434.0,415.0,387.0,384.0,377.0
17ago,250,---,1178.0,1498.0,1892.0,2252.0,2551.0,2665.0,2602.0,2399.0,2110.0,1818.0,1041.0,1067.0,1083.0,1085.0,1097.0,1104.0,1093.0,1098.0,1084.0,1081.0,1072.0,1046.0,1047.0,1021.0,1007.0,999.0,976.0,967.0,951.0,924.0,919.0,905.0,881.0,874.0,849.0,835.0,819.0,806.0,791.0,773.0,751.0,751.0,728.0,721.0,708.0,681.0,680.0,664.0,646.0,642.0,-,427.0,558.0,704.0,807.0,880.0,884.0,845.0,806.0,800.0,1010.0,1616.0,2128.0,2453.0,2433.0,2130.0,1860.0,1587.0,1335.0,1013.0,753.0,594.0,465.0,404.0,381.0,367.0,384.0,397.0,443.0,521.0,683.0,959.0,1345.0,1791.0,2085.0,2214.0,2231.0,2101.0,1945.0,1766.0,1497.0,1222.0,949.0,723.0,587.0,481.0,432.0,419.0,385.0,383.0,379.0
17ago,500,---,1145.0,1452.0,1830.0,2181.0,2468.0,2584.0,2519.0,2321.0,2040.0,1763.0,1009.0,1034.0,1048.0,1054.0,1064.0,1070.0,1055.0,1064.0,1048.0,1044.0,1030.0,1004.0,1006.0,984.0,970.0,960.0,939.0,927.0,912.0,885.0,882.0,865.0,842.0,836.0,812.0,795.0,782.0,768.0,754.0,734.0,714.0,715.0,695.0,687.0,673.0,647.0,646.0,631.0,616.0,612.0,-,426.0,555.0,707.0,816.0,880.0,891.0,859.0,799.0,798.0,1018.0,1629.0,2144.0,2453.0,2429.0,2135.0,1858.0,1591.0,1338.0,1019.0,771.0,603.0,466.0,402.0,382.0,365.0,383.0,394.0,443.0,521.0,669.0,945.0,1330.0,1779.0,2064.0,2192.0,2227.0,2106.0,1938.0,1776.0,1498.0,1219.0,931.0,722.0,587.0,485.0,432.0,416.0,378.0,382.0,377.0
17ago,500,---,1146.0,1451.0,1828.0,2178.0,2467.0,2581.0,2518.0,2318.0,2040.0,1762.0,1008.0,1032.0,1046.0,1051.0,1062.0,1070.0,1057.0,1061.0,1049.0,1042.0,1031.0,1005.0,1004.0,982.0,968.0,960.0,938.0,926.0,910.0,885.0,879.0,864.0,843.0,835.0,810.0,794.0,782.0,768.0,754.0,733.0,715.0,714.0,692.0,685.0,672.0,647.0,645.0,631.0,617.0,611.0,-,428.0,547.0,699.0,811.0,875.0,886.0,855.0,802.0,801.0,1014.0,1617.0,2144.0,2429.0,2415.0,2126.0,1865.0,1579.0,1328.0,1018.0,755.0,594.0,464.0,408.0,379.0,362.0,382.0,394.0,443.0,511.0,673.0,940.0,1338.0,1766.0,2045.0,2178.0,2205.0,2079.0,1926.0,1758.0,1487.0,1197.0,935.0,726.0,586.0,485.0,432.0,416.0,385.0,385.0,373.0
17ago,500,---,1142.0,1449.0,1827.0,2174.0,2458.0,2577.0,2512.0,2317.0,2035.0,1760.0,1008.0,1030.0,1044.0,1049.0,1061.0,1068.0,1055.0,1059.0,1046.0,1043.0,1027.0,1003.0,1005.0,980.0,966.0,959.0,937.0,926.0,911.0,885.0,880.0,863.0,842.0,835.0,809.0,793.0,782.0,765.0,752.0,732.0,713.0,714.0,693.0,688.0,672.0,646.0,646.0,629.0,617.0,610.0,-,425.0,554.0,702.0,811.0,882.0,885.0,853.0,795.0,800.0,1008.0,1600.0,2122.0,2431.0,2384.0,2105.0,1829.0,1567.0,1327.0,1007.0,754.0,592.0,467.0,404.0,379.0,357.0,380.0,391.0,441.0,511.0,656.0,933.0,1317.0,1751.0,2021.0,2167.0,2187.0,2057.0,1905.0,1731.0,1481.0,1205.0,931.0,719.0,581.0,491.0,428.0,410.0,384.0,379.0,378.0
17ago,750,---,1146.0,1448.0,1827.0,2174.0,2461.0,2576.0,2511.0,2312.0,2033.0,1755.0,993.0,1013.0,1026.0,1030.0,1042.0,1048.0,1034.0,1036.0,1022.0,1016.0,1005.0,979.0,980.0,958.0,945.0,934.0,913.0,900.0,885.0,856.0,851.0,836.0,815.0,808.0,781.0,769.0,756.0,739.0,728.0,705.0,687.0,686.0,667.0,660.0,647.0,622.0,621.0,605.0,592.0,587.0,-,419.0,535.0,665.0,764.0,831.0,832.0,803.0,753.0,752.0,942.0,1495.0,1964.0,2233.0,2207.0,1943.0,1707.0,1456.0,1220.0,941.0,709.0,571.0,449.0,399.0,381.0,355.0,374.0,393.0,431.0,494.0,639.0,873.0,1203.0,1589.0,1843.0,1965.0,1973.0,1875.0,1715.0,1577.0,1339.0,1103.0,866.0,670.0,545.0,462.0,418.0,413.0,374.0,375.0,375.0
17ago,750,---,1149.0,1459.0,1836.0,2186.0,2471.0,2585.0,2522.0,2326.0,2043.0,1762.0,997.0,1018.0,1028.0,1034.0,1047.0,1051.0,1035.0,1041.0,1025.0,1019.0,1008.0,980.0,984.0,959.0,946.0,937.0,914.0,903.0,886.0,860.0,852.0,840.0,817.0,810.0,782.0,770.0,756.0,741.0,727.0,707.0,690.0,689.0,667.0,661.0,648.0,624.0,624.0,606.0,591.0,588.0,-,422.0,532.0,665.0,761.0,817.0,816.0,794.0,751.0,741.0,942.0,1472.0,1941.0,2213.0,2192.0,1920.0,1679.0,1435.0,1203.0,930.0,695.0,565.0,446.0,397.0,373.0,361.0,377.0,386.0,427.0,493.0,625.0,860.0,1199.0,1568.0,1809.0,1919.0,1923.0,1842.0,1709.0,1543.0,1321.0,1088.0,855.0,670.0,547.0,459.0,418.0,403.0,373.0,374.0,369.0
17ago,750,---,1147.0,1454.0,1832.0,2178.0,2463.0,2574.0,2515.0,2318.0,2039.0,1761.0,994.0,1015.0,1026.0,1031.0,1043.0,1049.0,1032.0,1038.0,1023.0,1017.0,1006.0,980.0,983.0,958.0,944.0,937.0,913.0,902.0,886.0,859.0,850.0,839.0,814.0,809.0,782.0,770.0,753.0,743.0,728.0,706.0,688.0,688.0,667.0,660.0,647.0,623.0,623.0,605.0,591.0,589.0,-,416.0,539.0,661.0,763.0,816.0,832.0,802.0,747.0,750.0,934.0,1477.0,1937.0,2237.0,2178.0,1925.0,1689.0,1433.0,1203.0,933.0,709.0,570.0,453.0,400.0,379.0,357.0,381.0,389.0,432.0,490.0,619.0,867.0,1185.0,1557.0,1808.0,1917.0,1935.0,1842.0,1689.0,1566.0,1312.0,1079.0,851.0,659.0,549.0,464.0,418.0,404.0,373.0,378.0,373.0
17ago,1250,---,1142.0,1447.0,1823.0,2169.0,2456.0,2567.0,2504.0,2308.0,2030.0,1752.0,984.0,1000.0,1015.0,1016.0,1025.0,1033.0,1014.0,1018.0,1003.0,994.0,985.0,958.0,959.0,935.0,920.0,910.0,884.0,874.0,856.0,830.0,824.0,808.0,786.0,780.0,751.0,737.0,724.0,710.0,697.0,676.0,655.0,657.0,637.0,630.0,619.0,593.0,592.0,578.0,564.0,562.0,-,413.0,528.0,647.0,739.0,789.0,803.0,771.0,726.0,730.0,911.0,1410.0,1843.0,2112.0,2079.0,1825.0,1600.0,1353.0,1148.0,864.0,677.0,544.0,443.0,392.0,371.0,355.0,374.0,384.0,417.0,485.0,604.0,810.0,1105.0,1456.0,1666.0,1775.0,1776.0,1699.0,1563.0,1424.0,1223.0,995.0,791.0,630.0,525.0,454.0,406.0,402.0,374.0,374.0,369.0
17ago,1250,---,1152.0,1459.0,1840.0,2186.0,2477.0,2591.0,2532.0,2329.0,2051.0,1768.0,991.0,1011.0,1021.0,1022.0,1033.0,1040.0,1021.0,1026.0,1010.0,1003.0,992.0,966.0,965.0,939.0,925.0,915.0,892.0,882.0,863.0,835.0,830.0,815.0,791.0,785.0,757.0,743.0,728.0,714.0,700.0,679.0,659.0,661.0,640.0,633.0,621.0,595.0,596.0,580.0,567.0,563.0,-,413.0,519.0,642.0,726.0,780.0,778.0,761.0,727.0,720.0,896.0,1406.0,1817.0,2096.0,2037.0,1803.0,1567.0,1343.0,1121.0,880.0,664.0,539.0,435.0,394.0,369.0,357.0,370.0,385.0,426.0,471.0,595.0,799.0,1102.0,1438.0,1658.0,1731.0,1750.0,1666.0,1543.0,1418.0,1203.0,977.0,786.0,626.0,526.0,451.0,407.0,401.0,369.0,373.0,371.0
17ago,1250,---,1148.0,1454.0,1834.0,2181.0,2467.0,2580.0,2522.0,2325.0,2046.0,1765.0,989.0,1007.0,1020.0,1022.0,1029.0,1035.0,1021.0,1025.0,1009.0,1000.0,988.0,963.0,964.0,939.0,925.0,914.0,890.0,878.0,862.0,833.0,827.0,812.0,789.0,781.0,755.0,743.0,727.0,712.0,700.0,678.0,658.0,660.0,638.0,632.0,621.0,594.0,595.0,579.0,567.0,563.0,-,407.0,525.0,640.0,731.0,791.0,791.0,762.0,720.0,717.0,885.0,1382.0,1822.0,2087.0,2059.0,1793.0,1575.0,1348.0,1127.0,869.0,666.0,545.0,435.0,390.0,373.0,354.0,370.0,383.0,422.0,475.0,593.0,811.0,1102.0,1437.0,1652.0,1741.0,1765.0,1661.0,1531.0,1418.0,1202.0,976.0,787.0,625.0,526.0,450.0,407.0,400.0,372.0,374.0,370.0
17ago,1875,---,1129.0,1428.0,1799.0,2140.0,2422.0,2532.0,2472.0,2280.0,2000.0,1727.0,968.0,988.0,998.0,1001.0,1009.0,1011.0,997.0,1001.0,986.0,977.0,966.0,938.0,940.0,915.0,900.0,890.0,865.0,853.0,837.0,810.0,801.0,788.0,766.0,759.0,731.0,719.0,704.0,690.0,678.0,658.0,637.0,639.0,620.0,611.0,599.0,575.0,574.0,563.0,548.0,547.0,-,406.0,508.0,643.0,720.0,784.0,770.0,754.0,709.0,707.0,899.0,1388.0,1808.0,2058.0,2027.0,1779.0,1565.0,1328.0,1121.0,862.0,658.0,542.0,434.0,388.0,370.0,357.0,371.0,384.0,427.0,471.0,586.0,786.0,1079.0,1407.0,1600.0,1703.0,1703.0,1616.0,1498.0,1371.0,1165.0,956.0,775.0,614.0,517.0,439.0,405.0,394.0,369.0,369.0,369.0
17ago,1875,---,1122.0,1419.0,1789.0,2129.0,2406.0,2520.0,2459.0,2264.0,1991.0,1718.0,965.0,984.0,995.0,995.0,1005.0,1008.0,994.0,998.0,982.0,974.0,961.0,934.0,935.0,910.0,894.0,887.0,861.0,850.0,835.0,806.0,798.0,785.0,761.0,755.0,728.0,715.0,702.0,688.0,674.0,655.0,635.0,636.0,617.0,611.0,598.0,574.0,575.0,562.0,547.0,543.0,-,407.0,503.0,625.0,705.0,769.0,767.0,739.0,705.0,706.0,880.0,1360.0,1744.0,2006.0,1963.0,1744.0,1527.0,1296.0,1088.0,847.0,651.0,533.0,432.0,387.0,374.0,356.0,368.0,384.0,423.0,464.0,576.0,768.0,1051.0,1344.0,1552.0,1648.0,1650.0,1566.0,1431.0,1335.0,1140.0,934.0,749.0,594.0,511.0,441.0,402.0,397.0,368.0,373.0,372.0
17ago,1875,---,1126.0,1423.0,1793.0,2134.0,2412.0,2522.0,2461.0,2268.0,1997.0,1724.0,967.0,987.0,996.0,999.0,1006.0,1011.0,993.0,997.0,981.0,975.0,963.0,937.0,936.0,913.0,897.0,887.0,864.0,852.0,835.0,808.0,801.0,786.0,764.0,758.0,730.0,717.0,702.0,689.0,676.0,655.0,637.0,639.0,616.0,612.0,598.0,575.0,576.0,561.0,548.0,545.0,-,413.0,517.0,627.0,717.0,771.0,775.0,749.0,705.0,704.0,890.0,1360.0,1786.0,2033.0,2003.0,1765.0,1546.0,1308.0,1110.0,858.0,651.0,535.0,434.0,388.0,374.0,353.0,373.0,383.0,422.0,471.0,589.0,786.0,1068.0,1373.0,1579.0,1666.0,1693.0,1609.0,1481.0,1360.0,1155.0,940.0,755.0,619.0,518.0,442.0,405.0,400.0,370.0,370.0,372.0
17AGOEXTRA,0,---,1122.0,1410.0,1772.0,2096.0,2367.0,2472.0,2413.0,2226.0,1962.0,1698.0,979.0,999.0,1012.0,1019.0,1033.0,1041.0,1025.0,1033.0,1022.0,1019.0,1008.0,986.0,988.0,969.0,957.0,951.0,930.0,923.0,909.0,884.0,880.0,867.0,849.0,840.0,818.0,806.0,793.0,782.0,768.0,749.0,731.0,732.0,714.0,707.0,695.0,668.0,669.0,655.0,639.0,635.0,-,410.0,498.0,601.0,661.0,700.0,703.0,678.0,649.0,649.0,832.0,1236.0,1559.0,1746.0,1673.0,1485.0,1295.0,1107.0,930.0,720.0,572.0,482.0,407.0,384.0,368.0,358.0,370.0,384.0,428.0,474.0,589.0,769.0,1035.0,1291.0,1453.0,1508.0,1505.0,1421.0,1315.0,1201.0,1031.0,847.0,686.0,560.0,483.0,430.0,398.0,397.0,370.0,378.0,368.0
17AGOEXTRA,0,---,1113.0,1400.0,1754.0,2077.0,2351.0,2457.0,2398.0,2213.0,1949.0,1688.0,975.0,996.0,1010.0,1016.0,1026.0,1036.0,1024.0,1029.0,1017.0,1016.0,1008.0,984.0,987.0,969.0,958.0,951.0,931.0,923.0,907.0,884.0,879.0,866.0,846.0,840.0,817.0,805.0,793.0,780.0,768.0,749.0,731.0,733.0,712.0,706.0,695.0,667.0,669.0,653.0,638.0,635.0,-,407.0,500.0,595.0,661.0,704.0,690.0,679.0,635.0,642.0,830.0,1226.0,1545.0,1743.0,1666.0,1453.0,1274.0,1099.0,912.0,719.0,569.0,479.0,407.0,377.0,369.0,359.0,374.0,384.0,426.0,475.0,582.0,768.0,1030.0,1273.0,1424.0,1491.0,1514.0,1409.0,1297.0,1200.0,1008.0,838.0,688.0,562.0,477.0,431.0,397.0,398.0,371.0,371.0,370.0
17AGOEXTRA,0,---,1100.0,1383.0,1732.0,2052.0,2322.0,2425.0,2369.0,2183.0,1924.0,1669.0,968.0,987.0,1000.0,1003.0,1017.0,1024.0,1014.0,1020.0,1006.0,1006.0,997.0,974.0,978.0,959.0,947.0,942.0,920.0,915.0,900.0,877.0,874.0,858.0,840.0,835.0,811.0,797.0,785.0,774.0,764.0,742.0,724.0,728.0,708.0,701.0,691.0,663.0,665.0,649.0,635.0,631.0,-,406.0,505.0,604.0,659.0,702.0,699.0,671.0,643.0,650.0,822.0,1241.0,1552.0,1740.0,1667.0,1478.0,1296.0,1103.0,919.0,720.0,576.0,478.0,407.0,384.0,370.0,357.0,371.0,385.0,423.0,475.0,578.0,768.0,1015.0,1296.0,1435.0,1481.0,1504.0,1413.0,1309.0,1213.0,1027.0,839.0,687.0,566.0,480.0,432.0,395.0,398.0,369.0,373.0,369.0
17AGOEXTRA,125,---,1163.0,1471.0,1844.0,2185.0,2472.0,2583.0,2520.0,2326.0,2047.0,1774.0,1018.0,1042.0,1056.0,1062.0,1075.0,1083.0,1072.0,1079.0,1063.0,1061.0,1049.0,1023.0,1028.0,1005.0,990.0,984.0,963.0,953.0,940.0,913.0,908.0,896.0,874.0,867.0,841.0,828.0,814.0,801.0,790.0,768.0,749.0,750.0,729.0,722.0,711.0,682.0,684.0,665.0,651.0,646.0,-,418.0,527.0,656.0,726.0,779.0,778.0,750.0,707.0,713.0,933.0,1414.0,1803.0,2058.0,1982.0,1738.0,1521.0,1287.0,1071.0,819.0,626.0,511.0,430.0,394.0,368.0,358.0,382.0,394.0,443.0,492.0,627.0,848.0,1166.0,1487.0,1686.0,1778.0,1791.0,1710.0,1553.0,1405.0,1200.0,987.0,784.0,630.0,523.0,454.0,411.0,404.0,375.0,379.0,371.0
17AGOEXTRA,125,---,1169.0,1475.0,1852.0,2198.0,2485.0,2595.0,2533.0,2337.0,2060.0,1785.0,1022.0,1049.0,1062.0,1068.0,1079.0,1088.0,1075.0,1083.0,1071.0,1068.0,1054.0,1030.0,1032.0,1010.0,994.0,988.0,967.0,958.0,943.0,916.0,913.0,898.0,879.0,871.0,845.0,832.0,818.0,805.0,791.0,771.0,752.0,753.0,731.0,724.0,711.0,685.0,685.0,665.0,653.0,647.0,-,420.0,526.0,639.0,705.0,763.0,756.0,740.0,692.0,698.0,896.0,1386.0,1761.0,1985.0,1915.0,1697.0,1469.0,1258.0,1044.0,791.0,624.0,503.0,427.0,393.0,375.0,363.0,380.0,391.0,435.0,483.0,623.0,823.0,1135.0,1451.0,1646.0,1730.0,1748.0,1637.0,1521.0,1377.0,1168.0,960.0,766.0,614.0,508.0,449.0,411.0,402.0,377.0,377.0,371.0
17AGOEXTRA,125,---,1162.0,1466.0,1841.0,2185.0,2465.0,2579.0,2518.0,2320.0,2049.0,1774.0,1016.0,1042.0,1055.0,1061.0,1073.0,1082.0,1067.0,1076.0,1062.0,1060.0,1048.0,1023.0,1025.0,1003.0,991.0,985.0,963.0,954.0,939.0,911.0,909.0,895.0,872.0,866.0,840.0,828.0,815.0,802.0,790.0,770.0,749.0,751.0,729.0,723.0,710.0,683.0,682.0,664.0,649.0,644.0,-,413.0,529.0,631.0,701.0,752.0,752.0,727.0,688.0,688.0,896.0,1356.0,1744.0,1968.0,1884.0,1673.0,1456.0,1241.0,1022.0,783.0,611.0,507.0,426.0,391.0,372.0,361.0,375.0,384.0,429.0,485.0,612.0,817.0,1121.0,1423.0,1614.0,1697.0,1701.0,1617.0,1494.0,1360.0,1147.0,944.0,752.0,608.0,508.0,444.0,409.0,400.0,370.0,375.0,369.0
17AGOEXTRA,250,---,1182.0,1494.0,1881.0,2230.0,2516.0,2633.0,2564.0,2366.0,2091.0,1806.0,1030.0,1054.0,1068.0,1073.0,1087.0,1095.0,1080.0,1088.0,1073.0,1069.0,1057.0,1035.0,1035.0,1011.0,996.0,991.0,966.0,956.0,940.0,915.0,910.0,895.0,872.0,866.0,838.0,826.0,813.0,797.0,785.0,764.0,745.0,745.0,724.0,716.0,704.0,676.0,675.0,658.0,643.0,638.0,-,419.0,528.0,653.0,726.0,787.0,791.0,762.0,714.0,721.0,915.0,1440.0,1840.0,2091.0,2026.0,1767.0,1547.0,1311.0,1092.0,848.0,640.0,528.0,437.0,389.0,372.0,361.0,381.0,386.0,432.0,496.0,624.0,849.0,1169.0,1504.0,1726.0,1819.0,1820.0,1721.0,1584.0,1449.0,1231.0,1005.0,797.0,634.0,530.0,455.0,413.0,400.0,374.0,375.0,370.0
17AGOEXTRA,250,---,1194.0,1510.0,1896.0,2249.0,2540.0,2655.0,2595.0,2389.0,2111.0,1825.0,1039.0,1066.0,1078.0,1085.0,1094.0,1102.0,1090.0,1096.0,1083.0,1079.0,1070.0,1043.0,1045.0,1017.0,1004.0,997.0,975.0,964.0,949.0,923.0,916.0,904.0,880.0,874.0,846.0,832.0,819.0,806.0,791.0,769.0,751.0,751.0,730.0,720.0,708.0,682.0,678.0,663.0,646.0,642.0,-,421.0,527.0,647.0,722.0,771.0,778.0,750.0,710.0,718.0,911.0,1408.0,1826.0,2064.0,1985.0,1744.0,1527.0,1291.0,1087.0,822.0,645.0,528.0,432.0,391.0,375.0,359.0,384.0,390.0,432.0,486.0,621.0,829.0,1145.0,1468.0,1705.0,1788.0,1793.0,1694.0,1562.0,1424.0,1197.0,983.0,773.0,623.0,528.0,455.0,411.0,401.0,378.0,373.0,375.0
17AGOEXTRA,250,---,1198.0,1512.0,1904.0,2260.0,2548.0,2661.0,2602.0,2395.0,2118.0,1827.0,1044.0,1067.0,1083.0,1086.0,1098.0,1106.0,1093.0,1099.0,1087.0,1084.0,1073.0,1043.0,1046.0,1023.0,1007.0,999.0,977.0,968.0,952.0,922.0,919.0,906.0,883.0,875.0,849.0,836.0,820.0,807.0,793.0,770.0,750.0,753.0,729.0,723.0,706.0,682.0,682.0,664.0,648.0,642.0,-,415.0,528.0,646.0,725.0,770.0,774.0,752.0,715.0,720.0,906.0,1410.0,1813.0,2058.0,1983.0,1743.0,1515.0,1296.0,1083.0,822.0,631.0,525.0,432.0,392.0,373.0,357.0,379.0,387.0,432.0,486.0,620.0,837.0,1146.0,1476.0,1681.0,1790.0,1782.0,1690.0,1559.0,1421.0,1211.0,992.0,789.0,625.0,528.0,448.0,407.0,402.0,373.0,378.0,372.0
17AGOEXTRA,500,---,1188.0,1502.0,1887.0,2238.0,2527.0,2640.0,2578.0,2377.0,2098.0,1815.0,1029.0,1056.0,1068.0,1073.0,1082.0,1090.0,1077.0,1082.0,1067.0,1064.0,1053.0,1020.0,1026.0,999.0,986.0,977.0,955.0,943.0,927.0,902.0,893.0,878.0,857.0,850.0,823.0,807.0,794.0,779.0,766.0,744.0,724.0,724.0,702.0,695.0,681.0,655.0,654.0,637.0,622.0,618.0,-,421.0,542.0,661.0,741.0,797.0,798.0,771.0,721.0,729.0,941.0,1453.0,1859.0,2126.0,2039.0,1798.0,1583.0,1339.0,1103.0,848.0,647.0,535.0,441.0,398.0,374.0,358.0,382.0,390.0,431.0,493.0,618.0,848.0,1167.0,1520.0,1718.0,1811.0,1834.0,1733.0,1606.0,1451.0,1244.0,997.0,798.0,631.0,530.0,451.0,414.0,402.0,375.0,374.0,371.0
17AGOEXTRA,500,---,1180.0,1490.0,1874.0,2220.0,2505.0,2627.0,2557.0,2358.0,2085.0,1798.0,1024.0,1050.0,1059.0,1066.0,1076.0,1081.0,1071.0,1075.0,1063.0,1055.0,1043.0,1015.0,1017.0,994.0,980.0,971.0,950.0,937.0,921.0,894.0,888.0,873.0,851.0,844.0,818.0,805.0,787.0,775.0,763.0,741.0,720.0,722.0,699.0,692.0,679.0,653.0,652.0,635.0,620.0,614.0,-,417.0,528.0,652.0,722.0,794.0,789.0,762.0,720.0,725.0,931.0,1423.0,1827.0,2094.0,2010.0,1777.0,1550.0,1315.0,1101.0,844.0,647.0,529.0,431.0,390.0,371.0,356.0,374.0,391.0,432.0,487.0,614.0,837.0,1142.0,1480.0,1698.0,1782.0,1808.0,1693.0,1579.0,1415.0,1206.0,987.0,787.0,624.0,527.0,450.0,411.0,403.0,375.0,374.0,371.0
17AGOEXTRA,500,---,1178.0,1487.0,1869.0,2219.0,2504.0,2620.0,2553.0,2350.0,2077.0,1797.0,1018.0,1047.0,1057.0,1061.0,1074.0,1080.0,1071.0,1072.0,1057.0,1054.0,1042.0,1012.0,1015.0,991.0,977.0,967.0,948.0,936.0,919.0,893.0,887.0,874.0,852.0,844.0,816.0,804.0,788.0,774.0,761.0,739.0,720.0,719.0,698.0,692.0,679.0,652.0,652.0,634.0,620.0,616.0,-,419.0,528.0,650.0,736.0,784.0,785.0,757.0,717.0,717.0,919.0,1414.0,1824.0,2068.0,1998.0,1744.0,1529.0,1299.0,1095.0,831.0,634.0,529.0,433.0,387.0,378.0,357.0,381.0,390.0,431.0,485.0,611.0,830.0,1132.0,1473.0,1670.0,1767.0,1771.0,1691.0,1550.0,1409.0,1205.0,970.0,782.0,625.0,523.0,453.0,403.0,403.0,368.0,376.0,375.0
17AGOEXTRA,750,---,1171.0,1476.0,1856.0,2197.0,2478.0,2591.0,2525.0,2332.0,2055.0,1779.0,999.0,1020.0,1032.0,1038.0,1047.0,1053.0,1042.0,1045.0,1026.0,1023.0,1010.0,985.0,984.0,963.0,949.0,938.0,916.0,906.0,888.0,860.0,852.0,839.0,819.0,811.0,785.0,771.0,756.0,741.0,728.0,708.0,688.0,690.0,667.0,662.0,649.0,624.0,623.0,605.0,593.0,589.0,-,417.0,522.0,642.0,707.0,759.0,759.0,733.0,694.0,691.0,897.0,1361.0,1749.0,1970.0,1904.0,1683.0,1470.0,1237.0,1051.0,805.0,628.0,523.0,424.0,388.0,368.0,357.0,378.0,384.0,429.0,479.0,601.0,803.0,1086.0,1408.0,1583.0,1685.0,1679.0,1599.0,1478.0,1344.0,1149.0,934.0,752.0,598.0,505.0,447.0,401.0,397.0,373.0,373.0,373.0
17AGOEXTRA,750,---,1169.0,1475.0,1850.0,2197.0,2482.0,2593.0,2526.0,2328.0,2054.0,1777.0,998.0,1023.0,1032.0,1038.0,1049.0,1053.0,1038.0,1042.0,1028.0,1023.0,1011.0,983.0,985.0,962.0,948.0,936.0,914.0,904.0,887.0,860.0,853.0,839.0,816.0,811.0,784.0,770.0,757.0,743.0,730.0,708.0,689.0,691.0,668.0,661.0,648.0,624.0,623.0,607.0,592.0,589.0,-,416.0,518.0,630.0,705.0,754.0,751.0,733.0,691.0,688.0,886.0,1345.0,1718.0,1946.0,1895.0,1673.0,1458.0,1253.0,1041.0,801.0,620.0,519.0,431.0,390.0,369.0,356.0,373.0,393.0,430.0,467.0,593.0,800.0,1074.0,1382.0,1569.0,1657.0,1658.0,1563.0,1456.0,1337.0,1131.0,922.0,752.0,598.0,503.0,446.0,405.0,400.0,368.0,372.0,370.0
17AGOEXTRA,750,---,1176.0,1486.0,1865.0,2215.0,2496.0,2608.0,2542.0,2346.0,2070.0,1786.0,1006.0,1027.0,1040.0,1044.0,1055.0,1061.0,1046.0,1051.0,1032.0,1027.0,1014.0,990.0,990.0,967.0,954.0,944.0,920.0,909.0,893.0,864.0,859.0,843.0,822.0,816.0,789.0,775.0,761.0,745.0,732.0,713.0,694.0,692.0,672.0,665.0,653.0,628.0,626.0,609.0,594.0,591.0,-,411.0,521.0,637.0,704.0,763.0,752.0,725.0,690.0,690.0,877.0,1334.0,1725.0,1946.0,1898.0,1654.0,1440.0,1230.0,1028.0,793.0,615.0,507.0,422.0,387.0,373.0,361.0,373.0,384.0,422.0,477.0,592.0,788.0,1070.0,1376.0,1569.0,1640.0,1635.0,1556.0,1449.0,1319.0,1119.0,911.0,741.0,603.0,500.0,446.0,401.0,400.0,368.0,375.0,368.0
17AGOEXTRA,1250,---,1148.0,1446.0,1812.0,2148.0,2425.0,2529.0,2470.0,2278.0,2007.0,1737.0,973.0,991.0,1006.0,1005.0,1012.0,1017.0,1005.0,1006.0,990.0,986.0,972.0,948.0,948.0,922.0,907.0,900.0,878.0,863.0,849.0,820.0,816.0,800.0,778.0,770.0,745.0,729.0,716.0,703.0,691.0,670.0,651.0,652.0,632.0,626.0,613.0,588.0,589.0,573.0,561.0,559.0,-,410.0,502.0,614.0,679.0,720.0,720.0,688.0,671.0,662.0,843.0,1282.0,1621.0,1821.0,1748.0,1547.0,1360.0,1152.0,960.0,731.0,584.0,487.0,417.0,384.0,368.0,362.0,371.0,380.0,419.0,467.0,562.0,737.0,987.0,1249.0,1406.0,1475.0,1488.0,1392.0,1291.0,1186.0,1008.0,845.0,690.0,564.0,482.0,432.0,399.0,395.0,367.0,377.0,377.0
17AGOEXTRA,1250,---,1147.0,1444.0,1811.0,2148.0,2425.0,2532.0,2474.0,2277.0,2010.0,1741.0,975.0,992.0,1002.0,1004.0,1015.0,1017.0,1004.0,1009.0,989.0,983.0,974.0,950.0,949.0,925.0,908.0,900.0,877.0,865.0,849.0,821.0,815.0,799.0,777.0,772.0,744.0,732.0,717.0,702.0,692.0,670.0,651.0,653.0,632.0,627.0,612.0,590.0,589.0,576.0,561.0,559.0,-,407.0,500.0,610.0,667.0,713.0,706.0,689.0,656.0,651.0,822.0,1232.0,1587.0,1779.0,1724.0,1509.0,1340.0,1127.0,950.0,733.0,585.0,489.0,413.0,381.0,368.0,361.0,375.0,384.0,417.0,458.0,555.0,732.0,967.0,1221.0,1385.0,1456.0,1462.0,1381.0,1265.0,1168.0,1008.0,830.0,686.0,561.0,477.0,428.0,395.0,398.0,368.0,373.0,368.0
17AGOEXTRA,1250,---,1149.0,1447.0,1816.0,2152.0,2430.0,2538.0,2470.0,2282.0,2013.0,1743.0,976.0,994.0,1004.0,1005.0,1015.0,1022.0,1006.0,1008.0,991.0,987.0,972.0,950.0,949.0,924.0,909.0,902.0,877.0,866.0,848.0,824.0,815.0,801.0,779.0,771.0,746.0,732.0,717.0,704.0,691.0,669.0,652.0,652.0,632.0,627.0,613.0,590.0,590.0,575.0,562.0,559.0,-,404.0,497.0,597.0,659.0,705.0,704.0,686.0,652.0,657.0,817.0,1231.0,1552.0,1757.0,1722.0,1487.0,1313.0,1123.0,944.0,733.0,581.0,483.0,406.0,381.0,366.0,360.0,369.0,378.0,409.0,457.0,556.0,723.0,961.0,1206.0,1374.0,1446.0,1429.0,1373.0,1262.0,1177.0,983.0,818.0,682.0,554.0,471.0,423.0,393.0,388.0,366.0,372.0,368.0
17AGOEXTRA,1875,---,1143.0,1437.0,1806.0,2138.0,2412.0,2517.0,2460.0,2266.0,1996.0,1730.0,967.0,982.0,992.0,996.0,1001.0,1007.0,992.0,995.0,980.0,973.0,960.0,933.0,933.0,908.0,891.0,885.0,861.0,847.0,833.0,803.0,798.0,783.0,760.0,753.0,725.0,713.0,699.0,685.0,672.0,652.0,634.0,634.0,615.0,609.0,596.0,573.0,574.0,559.0,546.0,541.0,-,400.0,495.0,599.0,651.0,701.0,686.0,668.0,642.0,647.0,816.0,1207.0,1531.0,1738.0,1642.0,1469.0,1270.0,1088.0,919.0,710.0,565.0,482.0,412.0,380.0,368.0,355.0,368.0,379.0,409.0,450.0,545.0,709.0,928.0,1166.0,1315.0,1361.0,1367.0,1307.0,1195.0,1105.0,945.0,800.0,655.0,545.0,468.0,418.0,387.0,393.0,362.0,368.0,368.0
17AGOEXTRA,1875,---,1140.0,1432.0,1795.0,2131.0,2404.0,2508.0,2449.0,2259.0,1992.0,1724.0,963.0,981.0,992.0,993.0,1002.0,1002.0,988.0,993.0,975.0,970.0,958.0,931.0,929.0,907.0,891.0,882.0,857.0,847.0,831.0,801.0,796.0,779.0,758.0,752.0,725.0,711.0,698.0,683.0,671.0,650.0,633.0,634.0,614.0,607.0,596.0,572.0,574.0,559.0,545.0,543.0,-,401.0,496.0,599.0,656.0,698.0,694.0,673.0,645.0,645.0,816.0,1215.0,1529.0,1733.0,1678.0,1472.0,1283.0,1104.0,925.0,719.0,573.0,481.0,403.0,383.0,368.0,361.0,372.0,378.0,415.0,453.0,548.0,713.0,919.0,1181.0,1319.0,1389.0,1381.0,1317.0,1242.0,1113.0,957.0,799.0,665.0,545.0,471.0,426.0,395.0,391.0,368.0,369.0,370.0
17AGOEXTRA,1875,---,1141.0,1435.0,1799.0,2132.0,2407.0,2511.0,2451.0,2260.0,1993.0,1725.0,964.0,982.0,994.0,993.0,1000.0,1004.0,989.0,992.0,977.0,972.0,957.0,932.0,931.0,907.0,891.0,882.0,858.0,848.0,831.0,802.0,796.0,782.0,758.0,753.0,724.0,714.0,698.0,686.0,671.0,652.0,632.0,635.0,614.0,609.0,595.0,572.0,573.0,559.0,545.0,542.0,-,407.0,496.0,596.0,656.0,701.0,697.0,681.0,643.0,640.0,816.0,1216.0,1532.0,1740.0,1685.0,1461.0,1295.0,1096.0,919.0,708.0,575.0,467.0,405.0,381.0,369.0,358.0,368.0,381.0,416.0,452.0,555.0,704.0,938.0,1170.0,1319.0,1389.0,1392.0,1303.0,1210.0,1119.0,953.0,803.0,656.0,550.0,467.0,421.0,395.0,387.0,368.0,373.0,371.0