med26mar,375,---,4872.0,53944.0,97884.0,63097.0,98402.0,124163.0,104858.0,101769.0,110970.0,38729.0,80.0,14030.0,9282.0,7710.0,12645.0,6313.0,2767.0,2320.0,---,81.0,80.0,84.0,61.0,153.0,292.0,322.0,111.0,41.0,160.0,80.0,130.0,50.0,40.0,55.0,61.0,77.0,41.0,26.33,8.31,2024-03-26 10:29:43.949907,700,64
med26mar,375,---,4888.0,53310.0,97187.0,62404.0,97282.0,123296.0,103613.0,100092.0,112595.0,38213.0,74.0,14016.0,9467.0,7821.0,12852.0,6387.0,2788.0,2314.0,---,81.0,80.0,82.0,61.0,152.0,281.0,311.0,105.0,40.0,152.0,74.0,125.0,50.0,40.0,51.0,61.0,73.0,41.0,27.0,8.29,2024-03-26 10:31:03.915509,700,64
med26mar,375,---,4914.0,54381.0,98687.0,63727.0,99599.0,125912.0,104836.0,102064.0,110170.0,38895.0,80.0,13922.0,9251.0,7672.0,12518.0,6276.0,2774.0,2336.0,---,81.0,80.0,83.0,61.0,152.0,302.0,330.0,111.0,40.0,162.0,80.0,131.0,50.0,40.0,57.0,61.0,78.0,41.0,27.0,8.27,2024-03-26 10:31:53.190183,700,64
med26mar,375,---,4900.0,54238.0,98533.0,63466.0,99125.0,125392.0,104378.0,101455.0,110937.0,38637.0,79.0,13879.0,9308.0,7720.0,12627.0,6303.0,2755.0,2317.0,---,80.0,80.0,82.0,61.0,152.0,297.0,322.0,109.0,40.0,160.0,79.0,130.0,50.0,40.0,55.0,61.0,79.0,41.0,27.33,8.29,2024-03-26 10:32:43.857947,700,64
med26mar,375,---,4882.0,54034.0,98366.0,63176.0,98713.0,125114.0,104081.0,101033.0,111985.0,38449.0,77.0,13864.0,9395.0,7771.0,12736.0,6327.0,2743.0,2303.0,---,81.0,76.0,82.0,61.0,152.0,291.0,321.0,110.0,40.0,159.0,77.0,129.0,50.0,40.0,54.0,60.0,76.0,41.0,27.33,8.27,2024-03-26 10:33:25.130036,700,64
med26mar,375,---,4938.0,54630.0,99159.0,64041.0,100054.0,126381.0,104868.0,102044.0,110347.0,38873.0,80.0,13943.0,9268.0,7688.0,12553.0,6290.0,2775.0,2336.0,---,81.0,80.0,83.0,61.0,145.0,301.0,322.0,111.0,40.0,162.0,80.0,131.0,50.0,41.0,56.0,62.0,78.0,42.0,27.33,8.27,2024-03-26 10:34:17.124398,700,64
med26mar,375,---,4927.0,54474.0,99012.0,63878.0,99661.0,126031.0,104288.0,101367.0,110962.0,38580.0,80.0,13858.0,9330.0,7732.0,12636.0,6306.0,2750.0,2318.0,---,81.0,80.0,82.0,61.0,142.0,292.0,321.0,110.0,40.0,160.0,80.0,130.0,50.0,40.0,54.0,61.0,80.0,41.0,27.33,8.25,2024-03-26 10:34:55.768588,700,64
med26mar,375,---,4906.0,54265.0,98799.0,63530.0,99214.0,125708.0,104130.0,101127.0,111874.0,38486.0,79.0,13851.0,9400.0,7781.0,12736.0,6333.0,2744.0,2309.0,---,81.0,78.0,82.0,61.0,142.0,291.0,318.0,107.0,40.0,154.0,79.0,131.0,50.0,40.0,53.0,60.0,75.0,42.0,27.33,8.24,2024-03-26 10:35:39.786284,700,64
med26mar,50,---,4739.0,51602.0,94609.0,60801.0,95611.0,122596.0,102302.0,101062.0,120921.0,40309.0,80.0,14261.0,9938.0,8234.0,13802.0,6852.0,2726.0,2297.0,---,82.0,81.0,90.0,61.0,143.0,292.0,316.0,109.0,40.0,162.0,80.0,131.0,50.0,41.0,56.0,63.0,77.0,41.0,27.33,8.24,2024-03-26 10:36:42.386924,700,64
med26mar,50,---,4718.0,51294.0,94263.0,60514.0,94939.0,121855.0,101510.0,100149.0,121492.0,39933.0,80.0,14167.0,10000.0,8283.0,13898.0,6874.0,2697.0,2270.0,---,82.0,80.0,90.0,61.0,142.0,289.0,311.0,108.0,40.0,162.0,80.0,131.0,50.0,40.0,55.0,61.0,78.0,41.0,27.33,8.25,2024-03-26 10:37:22.366098,700,64
med26mar,50,---,4695.0,51063.0,94012.0,60153.0,94460.0,121471.0,101212.0,99740.0,122440.0,39743.0,80.0,14152.0,10073.0,8331.0,13995.0,6902.0,2685.0,2259.0,---,82.0,80.0,89.0,61.0,142.0,282.0,311.0,106.0,40.0,160.0,80.0,131.0,50.0,41.0,53.0,61.0,79.0,41.0,27.67,8.25,2024-03-26 10:38:01.066931,700,64
med26mar,50,---,4740.0,51446.0,94295.0,61114.0,95671.0,122528.0,102255.0,101009.0,120622.0,40272.0,80.0,14240.0,9922.0,8120.0,13577.0,6699.0,2725.0,2299.0,---,81.0,80.0,84.0,61.0,142.0,287.0,311.0,109.0,40.0,162.0,80.0,130.0,50.0,40.0,56.0,61.0,77.0,41.0,27.33,8.28,2024-03-26 10:38:51.654049,700,64
med26mar,50,---,4717.0,51234.0,94021.0,60691.0,95061.0,121839.0,101800.0,100348.0,121310.0,39963.0,78.0,14196.0,9970.0,8167.0,13686.0,6725.0,2704.0,2276.0,---,81.0,80.0,82.0,61.0,139.0,281.0,309.0,102.0,40.0,160.0,78.0,129.0,50.0,40.0,52.0,60.0,72.0,42.0,27.67,8.22,2024-03-26 10:39:32.937069,700,64
med26mar,50,---,4694.0,50949.0,93776.0,60286.0,94453.0,121392.0,101498.0,99902.0,122341.0,39769.0,75.0,14177.0,10051.0,8220.0,13805.0,6756.0,2689.0,2260.0,---,80.0,79.0,82.0,61.0,135.0,276.0,303.0,102.0,40.0,156.0,75.0,131.0,50.0,40.0,54.0,61.0,74.0,41.0,28.0,8.21,2024-03-26 10:40:12.923303,700,64
med26mar,50,---,4756.0,51705.0,94698.0,61212.0,95960.0,122891.0,102468.0,101188.0,120557.0,40294.0,80.0,14290.0,9886.0,8138.0,13622.0,6752.0,2731.0,2301.0,---,81.0,79.0,82.0,61.0,142.0,282.0,303.0,103.0,40.0,160.0,80.0,130.0,50.0,40.0,54.0,61.0,76.0,41.0,28.33,8.23,2024-03-26 10:41:11.558304,700,64
med26mar,50,---,4726.0,51381.0,94301.0,60759.0,95307.0,122287.0,101787.0,100418.0,121322.0,39997.0,73.0,14186.0,9963.0,8200.0,13741.0,6787.0,2705.0,2278.0,---,81.0,80.0,82.0,61.0,140.0,280.0,301.0,107.0,40.0,158.0,73.0,127.0,50.0,40.0,54.0,60.0,74.0,41.0,28.33,8.22,2024-03-26 10:41:59.505783,700,64
med26mar,50,---,4695.0,51062.0,93979.0,60270.0,94625.0,121752.0,101404.0,99866.0,122432.0,39751.0,74.0,14158.0,10053.0,8259.0,13869.0,6821.0,2688.0,2261.0,---,80.0,80.0,82.0,61.0,135.0,272.0,300.0,103.0,39.0,154.0,74.0,123.0,50.0,40.0,50.0,60.0,72.0,41.0,28.33,8.22,2024-03-26 10:42:46.184514,700,64
med26mar,3125,---,4634.0,53636.0,97570.0,62637.0,96763.0,120120.0,97616.0,87671.0,98163.0,27276.0,70.0,10808.0,8290.0,7501.0,12245.0,6308.0,2487.0,2040.0,---,80.0,72.0,82.0,61.0,132.0,271.0,310.0,102.0,39.0,130.0,70.0,121.0,50.0,40.0,50.0,60.0,72.0,41.0,28.33,8.21,2024-03-26 10:43:51.477443,700,64
med26mar,3125,---,4622.0,53461.0,97383.0,62437.0,96316.0,119626.0,96987.0,86982.0,98669.0,27045.0,70.0,10735.0,8339.0,7540.0,12315.0,6323.0,2464.0,2021.0,---,80.0,71.0,82.0,61.0,132.0,270.0,304.0,102.0,39.0,128.0,70.0,121.0,49.0,40.0,50.0,60.0,70.0,41.0,28.33,8.18,2024-03-26 10:44:31.426129,700,64
med26mar,3125,---,4607.0,53257.0,97220.0,62262.0,95920.0,119296.0,96677.0,86579.0,99186.0,26902.0,70.0,10714.0,8383.0,7572.0,12379.0,6337.0,2452.0,2011.0,---,80.0,71.0,82.0,61.0,130.0,261.0,301.0,102.0,39.0,123.0,70.0,120.0,50.0,40.0,50.0,60.0,72.0,41.0,28.33,8.21,2024-03-26 10:45:10.068937,700,64
med26mar,3125,---,4611.0,53263.0,97047.0,62302.0,95928.0,119056.0,97390.0,87183.0,96269.0,27022.0,70.0,10731.0,8099.0,7315.0,11878.0,6175.0,2472.0,2028.0,---,80.0,72.0,80.0,60.0,122.0,263.0,302.0,102.0,40.0,128.0,70.0,120.0,50.0,40.0,50.0,60.0,72.0,41.0,28.33,8.2,2024-03-26 10:45:57.995651,700,64
med26mar,3125,---,4597.0,53139.0,96901.0,62123.0,95558.0,118609.0,96839.0,86516.0,96880.0,26783.0,68.0,10682.0,8143.0,7351.0,11964.0,6193.0,2450.0,2010.0,---,80.0,71.0,80.0,59.0,120.0,261.0,300.0,101.0,38.0,123.0,68.0,118.0,49.0,40.0,50.0,60.0,70.0,40.0,28.67,8.17,2024-03-26 10:46:36.742945,700,64
med26mar,3125,---,4579.0,52958.0,96734.0,61847.0,95201.0,118395.0,96586.0,86208.0,97514.0,26675.0,65.0,10667.0,8194.0,7388.0,12029.0,6208.0,2442.0,1999.0,---,77.0,71.0,80.0,57.0,122.0,256.0,299.0,101.0,38.0,122.0,65.0,118.0,50.0,40.0,50.0,60.0,70.0,41.0,28.33,8.2,2024-03-26 10:47:15.302510,700,64
med26mar,3125,---,4603.0,53210.0,96951.0,62337.0,95849.0,118882.0,97147.0,86852.0,95423.0,26873.0,70.0,10675.0,8029.0,7271.0,11790.0,6143.0,2465.0,2020.0,---,80.0,70.0,80.0,60.0,116.0,258.0,299.0,101.0,40.0,123.0,70.0,116.0,50.0,40.0,50.0,60.0,70.0,41.0,28.33,8.2,2024-03-26 10:48:03.303386,700,64
med26mar,3125,---,4592.0,53059.0,96796.0,62083.0,95384.0,118382.0,96690.0,86313.0,96094.0,26666.0,66.0,10641.0,8080.0,7313.0,11883.0,6160.0,2445.0,2004.0,---,78.0,70.0,80.0,59.0,113.0,253.0,294.0,101.0,39.0,122.0,66.0,113.0,49.0,40.0,50.0,58.0,70.0,41.0,29.33,8.18,2024-03-26 10:48:45.936413,700,64
med26mar,3125,---,4567.0,52875.0,96598.0,61683.0,94981.0,118137.0,96488.0,86022.0,97014.0,26577.0,62.0,10626.0,8150.0,7360.0,11981.0,6185.0,2435.0,1992.0,---,74.0,71.0,80.0,58.0,112.0,251.0,290.0,101.0,40.0,122.0,62.0,111.0,49.0,40.0,50.0,59.0,70.0,40.0,29.33,8.17,2024-03-26 10:49:31.206952,700,64
med26mar,1875,---,4575.0,51884.0,94620.0,61199.0,94723.0,118355.0,97373.0,90219.0,100637.0,30196.0,70.0,11549.0,8436.0,7412.0,12056.0,6169.0,2518.0,2081.0,---,84.0,80.0,88.0,61.0,123.0,276.0,290.0,105.0,40.0,134.0,70.0,122.0,50.0,40.0,52.0,60.0,72.0,41.0,29.0,8.16,2024-03-26 10:50:35.174344,700,64
med26mar,1875,---,4559.0,51622.0,94317.0,60918.0,94112.0,117664.0,96685.0,89422.0,101695.0,29929.0,70.0,11487.0,8524.0,7480.0,12201.0,6202.0,2490.0,2060.0,---,83.0,81.0,88.0,61.0,122.0,271.0,290.0,101.0,40.0,132.0,70.0,121.0,50.0,40.0,50.0,60.0,72.0,41.0,29.33,8.18,2024-03-26 10:51:13.947661,700,64
med26mar,1875,---,4538.0,51400.0,94114.0,60589.0,93669.0,117380.0,96429.0,89056.0,102806.0,29765.0,70.0,11472.0,8619.0,7539.0,12320.0,6233.0,2480.0,2048.0,---,81.0,80.0,87.0,61.0,122.0,263.0,289.0,101.0,40.0,132.0,70.0,121.0,50.0,40.0,50.0,60.0,72.0,40.0,29.33,8.16,2024-03-26 10:51:51.117716,700,64
med26mar,1875,---,4574.0,51851.0,94706.0,61153.0,94494.0,117990.0,96785.0,89648.0,101085.0,29980.0,70.0,11445.0,8460.0,7432.0,12114.0,6181.0,2500.0,2068.0,---,81.0,80.0,87.0,61.0,122.0,269.0,281.0,101.0,39.0,132.0,70.0,121.0,50.0,40.0,52.0,60.0,72.0,41.0,29.67,8.16,2024-03-26 10:52:45.862537,700,64
med26mar,1875,---,4557.0,51625.0,94487.0,60822.0,94027.0,117625.0,96250.0,88977.0,102031.0,29706.0,70.0,11379.0,8562.0,7507.0,12252.0,6218.0,2477.0,2048.0,---,81.0,80.0,84.0,61.0,122.0,261.0,280.0,102.0,40.0,132.0,70.0,121.0,50.0,40.0,50.0,60.0,70.0,41.0,29.33,8.16,2024-03-26 10:53:24.409396,700,64
med26mar,1875,---,4532.0,51391.0,94269.0,60444.0,93564.0,117360.0,96044.0,88688.0,103372.0,29604.0,70.0,11374.0,8670.0,7573.0,12390.0,6255.0,2466.0,2035.0,---,81.0,80.0,82.0,60.0,122.0,260.0,279.0,101.0,40.0,130.0,70.0,121.0,50.0,40.0,50.0,60.0,72.0,41.0,29.33,8.17,2024-03-26 10:54:04.376234,700,64
med26mar,1875,---,4573.0,51824.0,94672.0,61169.0,94526.0,118122.0,96987.0,89713.0,100468.0,29949.0,70.0,11452.0,8430.0,7412.0,12056.0,6160.0,2502.0,2069.0,---,81.0,80.0,85.0,61.0,122.0,261.0,280.0,102.0,39.0,132.0,70.0,121.0,50.0,40.0,50.0,60.0,70.0,41.0,29.33,8.16,2024-03-26 10:54:53.621200,700,64
med26mar,1875,---,4586.0,51145.0,93836.0,60353.0,93175.0,116891.0,95438.0,87809.0,102586.0,29372.0,70.0,11425.0,8651.0,7553.0,12331.0,6251.0,2512.0,2053.0,---,80.0,80.0,84.0,61.0,119.0,248.0,270.0,101.0,36.0,128.0,70.0,117.0,50.0,40.0,50.0,60.0,70.0,41.0,29.33,8.15,2024-03-26 10:56:08.233722,700,64
med26mar,1875,---,4505.0,51084.0,93990.0,60088.0,92972.0,116931.0,95893.0,88340.0,104217.0,29434.0,70.0,11382.0,8741.0,7622.0,12484.0,6268.0,2457.0,2023.0,---,80.0,80.0,82.0,61.0,117.0,250.0,270.0,100.0,38.0,128.0,70.0,118.0,50.0,40.0,50.0,60.0,70.0,41.0,29.33,8.15,2024-03-26 10:56:50.949060,700,64
med26mar,12.5,---,4989.0,53689.0,98775.0,64191.0,98909.0,125747.0,106831.0,104875.0,118999.0,41426.0,73.0,14705.0,9904.0,8074.0,13301.0,6510.0,2828.0,2379.0,---,80.0,74.0,82.0,61.0,119.0,270.0,311.0,106.0,40.0,156.0,73.0,124.0,50.0,40.0,50.0,60.0,72.0,43.0,30.33,8.15,2024-03-26 10:58:26.833836,700,64
med26mar,12.5,---,4958.0,53110.0,97837.0,62809.0,97723.0,125084.0,105791.0,103266.0,121718.0,40839.0,70.0,14690.0,10129.0,8216.0,13619.0,6617.0,2849.0,2366.0,---,80.0,71.0,80.0,61.0,116.0,260.0,301.0,101.0,40.0,150.0,70.0,120.0,50.0,40.0,50.0,60.0,70.0,41.0,30.0,8.13,2024-03-26 10:59:44.094656,700,64
med26mar,12.5,---,4879.0,52632.0,97889.0,62519.0,96656.0,124210.0,105554.0,103023.0,123953.0,40585.0,70.0,14621.0,10302.0,8327.0,13827.0,6629.0,2773.0,2317.0,---,80.0,72.0,80.0,60.0,115.0,259.0,300.0,101.0,37.0,150.0,70.0,121.0,50.0,40.0,50.0,60.0,72.0,41.0,30.33,8.14,2024-03-26 11:00:42.750054,700,64
med26mar,12.5,---,5009.0,54296.0,99350.0,64417.0,99981.0,126894.0,108363.0,106280.0,118617.0,41875.0,70.0,14866.0,9833.0,8006.0,13176.0,6462.0,2867.0,2407.0,---,81.0,75.0,80.0,60.0,121.0,269.0,307.0,103.0,39.0,153.0,70.0,121.0,50.0,40.0,50.0,60.0,72.0,44.0,30.33,8.12,2024-03-26 11:01:30.697372,700,64
med26mar,12.5,---,4982.0,54059.0,99094.0,64101.0,99502.0,126478.0,107879.0,105647.0,119532.0,41560.0,70.0,14798.0,9918.0,8067.0,13296.0,6488.0,2846.0,2389.0,---,80.0,74.0,82.0,61.0,117.0,264.0,301.0,102.0,37.0,152.0,70.0,121.0,50.0,40.0,50.0,60.0,72.0,43.0,30.33,8.14,2024-03-26 11:02:09.340926,700,64
med26mar,12.5,---,4943.0,53758.0,98765.0,63415.0,98847.0,126133.0,107603.0,105269.0,120992.0,41391.0,70.0,14781.0,10028.0,8137.0,13448.0,6525.0,2834.0,2372.0,---,80.0,71.0,82.0,60.0,117.0,260.0,300.0,102.0,38.0,152.0,70.0,121.0,50.0,40.0,49.0,60.0,72.0,41.0,30.33,8.13,2024-03-26 11:02:53.310009,700,64
med26mar,12.5,---,4993.0,54234.0,99206.0,64228.0,99821.0,126802.0,108291.0,106298.0,118387.0,41853.0,70.0,14794.0,9831.0,8000.0,13149.0,6436.0,2865.0,2407.0,---,80.0,73.0,82.0,61.0,117.0,269.0,301.0,104.0,40.0,152.0,70.0,121.0,50.0,40.0,50.0,60.0,72.0,41.0,30.33,8.13,2024-03-26 11:03:42.589093,700,64
med26mar,12.5,---,4977.0,54059.0,99093.0,63968.0,99340.0,126316.0,107744.0,105523.0,119430.0,41481.0,70.0,14747.0,9905.0,8062.0,13286.0,6464.0,2838.0,2380.0,---,80.0,71.0,82.0,61.0,117.0,260.0,300.0,102.0,39.0,152.0,70.0,121.0,50.0,40.0,50.0,60.0,72.0,41.0,30.33,8.12,2024-03-26 11:04:21.217104,700,64
med26mar,12.5,---,4948.0,53740.0,98770.0,63456.0,98646.0,125808.0,107447.0,105065.0,120815.0,41273.0,70.0,14732.0,10014.0,8131.0,13428.0,6498.0,2824.0,2365.0,---,80.0,71.0,82.0,60.0,112.0,259.0,297.0,102.0,38.0,150.0,70.0,121.0,50.0,40.0,50.0,60.0,70.0,41.0,30.33,8.1,2024-03-26 11:05:01.173457,700,64
med26mar,1250,---,4707.0,52896.0,96998.0,62229.0,96558.0,121985.0,98438.0,92668.0,110244.0,32516.0,70.0,12183.0,8978.0,7746.0,12970.0,6545.0,2562.0,2134.0,---,85.0,81.0,90.0,60.0,122.0,280.0,290.0,107.0,37.0,142.0,70.0,124.0,50.0,40.0,52.0,60.0,72.0,44.0,30.33,8.13,2024-03-26 11:06:10.420896,700,64
med26mar,1250,---,4704.0,52771.0,96871.0,62159.0,96155.0,121449.0,97944.0,92022.0,110624.0,32264.0,70.0,12130.0,9011.0,7778.0,13040.0,6563.0,2540.0,2119.0,---,83.0,80.0,90.0,61.0,122.0,279.0,284.0,103.0,40.0,142.0,70.0,121.0,50.0,40.0,50.0,60.0,72.0,42.0,30.67,8.1,2024-03-26 11:06:49.071563,700,64
med26mar,1250,---,4683.0,52580.0,96713.0,61906.0,95781.0,121186.0,97765.0,91780.0,111260.0,32164.0,70.0,12117.0,9059.0,7809.0,13108.0,6579.0,2532.0,2108.0,---,82.0,80.0,88.0,61.0,122.0,270.0,280.0,102.0,40.0,140.0,70.0,121.0,50.0,40.0,50.0,60.0,70.0,43.0,30.33,8.12,2024-03-26 11:07:27.741787,700,64
med26mar,1250,---,4707.0,52806.0,96961.0,62365.0,96507.0,121867.0,98361.0,92556.0,109880.0,32426.0,70.0,12169.0,8952.0,7712.0,12898.0,6458.0,2562.0,2134.0,---,82.0,81.0,90.0,61.0,125.0,281.0,288.0,106.0,40.0,142.0,70.0,121.0,50.0,40.0,50.0,60.0,72.0,44.0,30.67,8.1,2024-03-26 11:08:16.991784,700,64
med26mar,1250,---,4702.0,52761.0,96892.0,62180.0,96264.0,121592.0,98003.0,92041.0,110343.0,32186.0,70.0,12134.0,8980.0,7740.0,12977.0,6478.0,2547.0,2119.0,---,82.0,80.0,90.0,61.0,125.0,278.0,281.0,104.0,36.0,140.0,70.0,121.0,50.0,40.0,50.0,60.0,72.0,44.0,30.67,8.12,2024-03-26 11:08:54.311199,700,64
med26mar,1250,---,4681.0,52556.0,96723.0,61920.0,95843.0,121251.0,97812.0,91813.0,110877.0,32118.0,70.0,12121.0,9024.0,7770.0,13039.0,6496.0,2537.0,2109.0,---,83.0,80.0,90.0,61.0,122.0,270.0,280.0,102.0,40.0,140.0,70.0,121.0,50.0,40.0,50.0,60.0,72.0,41.0,30.67,8.12,2024-03-26 11:09:35.621051,700,64
med26mar,1250,---,4705.0,52831.0,97003.0,62363.0,96590.0,121978.0,98407.0,92536.0,109761.0,32374.0,70.0,12169.0,8929.0,7690.0,12872.0,6426.0,2563.0,2133.0,---,95.0,91.0,100.0,70.0,132.0,280.0,280.0,108.0,40.0,140.0,70.0,121.0,50.0,40.0,52.0,60.0,72.0,44.0,31.0,8.12,2024-03-26 11:10:27.759295,700,64
med26mar,1250,---,4703.0,52746.0,96918.0,62289.0,96306.0,121593.0,97958.0,91959.0,110153.0,32139.0,70.0,12126.0,8958.0,7723.0,12946.0,6445.0,2542.0,2117.0,---,93.0,91.0,100.0,67.0,132.0,274.0,274.0,103.0,40.0,140.0,70.0,121.0,50.0,40.0,50.0,60.0,70.0,44.0,30.67,8.11,2024-03-26 11:11:06.242957,700,64
med26mar,1250,---,4700.0,52267.0,96719.0,62279.0,95428.0,120622.0,97373.0,91352.0,110478.0,31946.0,70.0,12081.0,9006.0,7758.0,12993.0,6450.0,2527.0,2100.0,---,94.0,90.0,100.0,68.0,129.0,270.0,271.0,101.0,45.0,137.0,70.0,120.0,50.0,40.0,50.0,60.0,72.0,42.0,31.0,8.11,2024-03-26 11:12:02.151270,700,64
med26mar,500,---,4794.0,53095.0,98047.0,62055.0,96741.0,123817.0,101629.0,97612.0,117942.0,36564.0,70.0,13368.0,9632.0,8020.0,13460.0,6509.0,2644.0,2213.0,---,80.0,77.0,82.0,61.0,122.0,280.0,292.0,104.0,40.0,150.0,70.0,122.0,50.0,40.0,50.0,60.0,72.0,44.0,30.67,8.04,2024-03-26 11:13:10.106025,700,64
med26mar,500,---,4791.0,52948.0,97867.0,62011.0,96388.0,123272.0,101094.0,96972.0,118224.0,36304.0,70.0,13301.0,9662.0,8051.0,13527.0,6523.0,2620.0,2195.0,---,80.0,74.0,82.0,60.0,122.0,271.0,290.0,104.0,40.0,149.0,70.0,122.0,50.0,40.0,50.0,60.0,72.0,42.0,31.0,8.1,2024-03-26 11:13:48.722862,700,64
med26mar,500,---,4774.0,52747.0,97695.0,61762.0,95985.0,122964.0,100909.0,96699.0,118767.0,36177.0,70.0,13294.0,9704.0,8079.0,13582.0,6537.0,2615.0,2189.0,---,80.0,73.0,82.0,61.0,122.0,270.0,289.0,102.0,39.0,143.0,70.0,121.0,50.0,40.0,50.0,60.0,70.0,41.0,31.33,8.08,2024-03-26 11:14:27.345465,700,64
med26mar,500,---,4869.0,53346.0,98591.0,63407.0,97368.0,123798.0,102296.0,98356.0,115159.0,36796.0,70.0,13444.0,9454.0,7909.0,13152.0,6434.0,2676.0,2240.0,---,80.0,74.0,82.0,61.0,119.0,271.0,289.0,107.0,40.0,150.0,70.0,121.0,50.0,40.0,50.0,60.0,72.0,44.0,31.0,8.05,2024-03-26 11:15:33.952859,700,64
med26mar,500,---,4841.0,53375.0,98371.0,62878.0,97238.0,123802.0,102236.0,98198.0,116128.0,36689.0,70.0,13420.0,9503.0,7950.0,13269.0,6470.0,2668.0,2230.0,---,80.0,78.0,82.0,60.0,117.0,270.0,283.0,103.0,40.0,144.0,70.0,121.0,50.0,40.0,50.0,60.0,72.0,42.0,31.0,8.07,2024-03-26 11:16:13.945063,700,64
med26mar,500,---,4847.0,52790.0,97608.0,62053.0,96138.0,122963.0,101096.0,96689.0,117267.0,36222.0,70.0,13403.0,9635.0,8031.0,13434.0,6535.0,2692.0,2230.0,---,80.0,72.0,82.0,60.0,115.0,260.0,280.0,101.0,39.0,140.0,70.0,120.0,50.0,40.0,50.0,60.0,70.0,41.0,31.33,8.05,2024-03-26 11:17:27.236373,700,64
med26mar,500,---,4847.0,53526.0,98499.0,63068.0,97800.0,124516.0,103028.0,99062.0,115273.0,36978.0,70.0,13505.0,9439.0,7886.0,13119.0,6417.0,2698.0,2258.0,---,80.0,72.0,82.0,61.0,122.0,270.0,282.0,103.0,39.0,150.0,70.0,121.0,50.0,40.0,50.0,60.0,70.0,41.0,31.33,8.04,2024-03-26 11:18:15.198233,700,64
med26mar,500,---,4838.0,53411.0,98430.0,62908.0,97430.0,124106.0,102579.0,98458.0,115656.0,36709.0,70.0,13462.0,9467.0,7916.0,13191.0,6434.0,2677.0,2240.0,---,80.0,72.0,82.0,60.0,120.0,267.0,280.0,102.0,40.0,143.0,70.0,121.0,50.0,40.0,50.0,60.0,72.0,43.0,31.33,8.01,2024-03-26 11:18:55.124493,700,64
med26mar,500,---,4822.0,53224.0,98214.0,62637.0,97028.0,123783.0,102367.0,98151.0,116320.0,36576.0,70.0,13453.0,9518.0,7948.0,13261.0,6455.0,2668.0,2229.0,---,80.0,73.0,82.0,60.0,119.0,260.0,280.0,101.0,40.0,142.0,70.0,119.0,50.0,40.0,50.0,60.0,72.0,41.0,31.67,8.01,2024-03-26 11:19:33.763501,700,64
med26mar,25,---,4965.0,53993.0,99102.0,63626.0,99002.0,126537.0,105119.0,103341.0,120930.0,40795.0,70.0,14357.0,9769.0,8010.0,13461.0,6513.0,2783.0,2346.0,---,80.0,71.0,82.0,61.0,112.0,263.0,290.0,102.0,40.0,150.0,70.0,120.0,50.0,40.0,50.0,60.0,70.0,42.0,31.33,8.03,2024-03-26 11:20:29.715856,700,64
med26mar,25,---,4948.0,53786.0,98919.0,63393.0,98538.0,126052.0,104621.0,102704.0,121517.0,40520.0,70.0,14280.0,9828.0,8065.0,13559.0,6538.0,2762.0,2327.0,---,80.0,72.0,80.0,59.0,110.0,260.0,289.0,101.0,39.0,150.0,70.0,121.0,50.0,40.0,50.0,60.0,72.0,42.0,31.33,8.0,2024-03-26 11:21:09.678815,700,64
med26mar,25,---,4924.0,53526.0,98699.0,63038.0,98009.0,125656.0,104315.0,102279.0,122409.0,40324.0,70.0,14259.0,9894.0,8108.0,13654.0,6564.0,2749.0,2313.0,---,79.0,71.0,80.0,59.0,110.0,255.0,280.0,101.0,38.0,149.0,70.0,121.0,50.0,40.0,50.0,60.0,70.0,41.0,31.33,7.99,2024-03-26 11:21:48.323459,700,64
med26mar,25,---,4956.0,53916.0,99056.0,63632.0,98988.0,126624.0,105057.0,103250.0,120869.0,40719.0,70.0,14291.0,9771.0,8009.0,13448.0,6508.0,2778.0,2344.0,---,80.0,80.0,89.0,61.0,110.0,240.0,264.0,101.0,39.0,140.0,70.0,112.0,50.0,40.0,50.0,60.0,72.0,44.0,31.33,8.01,2024-03-26 11:22:35.092080,700,64
med26mar,25,---,4937.0,53762.0,98882.0,63233.0,98452.0,126091.0,104692.0,102717.0,121623.0,40464.0,70.0,14253.0,9816.0,8056.0,13570.0,6542.0,2761.0,2325.0,---,81.0,80.0,89.0,61.0,112.0,238.0,260.0,102.0,39.0,140.0,70.0,111.0,50.0,40.0,50.0,60.0,70.0,42.0,31.33,8.01,2024-03-26 11:23:20.206899,700,64
med26mar,25,---,4910.0,53459.0,98620.0,62857.0,97857.0,125590.0,104316.0,102185.0,122678.0,40234.0,70.0,14228.0,9901.0,8112.0,13687.0,6572.0,2746.0,2306.0,---,80.0,80.0,86.0,61.0,110.0,230.0,260.0,101.0,38.0,140.0,70.0,111.0,50.0,40.0,50.0,60.0,70.0,41.0,31.33,7.98,2024-03-26 11:24:02.866373,700,64
med26mar,25,---,4947.0,53801.0,98851.0,63576.0,98906.0,126502.0,105532.0,103633.0,120853.0,40801.0,70.0,14358.0,9778.0,8014.0,13438.0,6506.0,2789.0,2349.0,---,80.0,72.0,80.0,61.0,116.0,250.0,280.0,101.0,40.0,147.0,70.0,120.0,50.0,40.0,50.0,60.0,72.0,41.0,31.33,7.98,2024-03-26 11:24:58.829495,700,64
med26mar,25,---,4936.0,53624.0,98719.0,63339.0,98442.0,125998.0,105070.0,102981.0,121422.0,40501.0,70.0,14311.0,9821.0,8054.0,13541.0,6534.0,2767.0,2329.0,---,79.0,71.0,80.0,61.0,113.0,250.0,280.0,101.0,38.0,147.0,70.0,120.0,50.0,40.0,50.0,60.0,70.0,41.0,31.33,7.99,2024-03-26 11:25:38.801421,700,64
med26mar,25,---,4904.0,53334.0,98437.0,62814.0,97810.0,125557.0,104767.0,102528.0,122573.0,40299.0,70.0,14295.0,9903.0,8111.0,13659.0,6564.0,2754.0,2313.0,---,78.0,70.0,80.0,58.0,112.0,246.0,280.0,101.0,37.0,142.0,70.0,120.0,49.0,40.0,50.0,60.0,70.0,41.0,31.67,7.98,2024-03-26 11:26:21.415908,700,64
med26mar,750,---,4878.0,53986.0,100093.0,64291.0,99337.0,126444.0,102132.0,97038.0,114911.0,35075.0,70.0,12967.0,9311.0,7936.0,13292.0,6621.0,2659.0,2211.0,---,80.0,80.0,82.0,61.0,122.0,281.0,293.0,109.0,40.0,149.0,70.0,121.0,50.0,40.0,50.0,60.0,72.0,42.0,31.67,7.98,2024-03-26 11:27:39.989020,700,64
med26mar,750,---,4856.0,54099.0,99984.0,63868.0,99418.0,126715.0,102165.0,96954.0,115676.0,34991.0,70.0,12959.0,9344.0,7962.0,13374.0,6649.0,2656.0,2210.0,---,81.0,80.0,82.0,61.0,118.0,280.0,290.0,104.0,40.0,143.0,70.0,121.0,50.0,40.0,50.0,60.0,72.0,42.0,31.33,7.98,2024-03-26 11:28:18.626646,700,64
med26mar,750,---,4842.0,53964.0,99839.0,63673.0,99144.0,126493.0,101993.0,96728.0,116138.0,34885.0,70.0,12942.0,9383.0,7989.0,13437.0,6665.0,2649.0,2200.0,---,81.0,80.0,82.0,61.0,118.0,276.0,290.0,104.0,39.0,140.0,70.0,121.0,50.0,40.0,50.0,60.0,72.0,42.0,31.33,7.97,2024-03-26 11:28:57.257253,700,64
med26mar,750,---,4841.0,53924.0,99703.0,63729.0,99282.0,126684.0,102419.0,97264.0,114706.0,35058.0,70.0,12985.0,9245.0,7802.0,13100.0,6430.0,2666.0,2216.0,---,80.0,72.0,80.0,61.0,120.0,280.0,290.0,105.0,40.0,147.0,70.0,121.0,50.0,40.0,50.0,60.0,72.0,42.0,32.0,7.98,2024-03-26 11:29:46.577552,700,64
med26mar,750,---,4834.0,53918.0,99678.0,63575.0,99105.0,126462.0,102105.0,96832.0,115053.0,34856.0,70.0,12953.0,9267.0,7826.0,13161.0,6448.0,2652.0,2200.0,---,80.0,71.0,82.0,60.0,120.0,279.0,286.0,101.0,39.0,146.0,70.0,121.0,50.0,40.0,48.0,60.0,70.0,41.0,32.0,7.98,2024-03-26 11:30:26.506959,700,64
med26mar,750,---,4818.0,53776.0,99521.0,63309.0,98812.0,126268.0,101990.0,96652.0,115575.0,34780.0,70.0,12941.0,9302.0,7852.0,13213.0,6462.0,2647.0,2196.0,---,80.0,71.0,80.0,59.0,120.0,270.0,280.0,101.0,39.0,140.0,70.0,121.0,50.0,40.0,50.0,60.0,72.0,42.0,31.33,7.97,2024-03-26 11:31:07.805512,700,64
med26mar,750,---,4842.0,54125.0,99810.0,63826.0,99590.0,127007.0,102996.0,97711.0,114052.0,35136.0,70.0,13047.0,9197.0,7761.0,12999.0,6372.0,2681.0,2225.0,---,80.0,73.0,80.0,60.0,110.0,278.0,290.0,103.0,40.0,143.0,70.0,121.0,50.0,40.0,50.0,60.0,72.0,42.0,31.33,7.96,2024-03-26 11:32:21.100837,700,64
med26mar,750,---,4846.0,54023.0,99755.0,63780.0,99329.0,126636.0,102532.0,97164.0,114336.0,34907.0,70.0,12993.0,9220.0,7788.0,13053.0,6382.0,2665.0,2210.0,---,80.0,72.0,82.0,61.0,112.0,270.0,289.0,102.0,39.0,142.0,70.0,120.0,49.0,40.0,50.0,60.0,70.0,41.0,31.33,7.95,2024-03-26 11:32:59.723776,700,64
med26mar,750,---,4828.0,53884.0,99597.0,63585.0,99025.0,126379.0,102383.0,96943.0,114752.0,34829.0,70.0,12983.0,9252.0,7809.0,13106.0,6395.0,2659.0,2203.0,---,80.0,72.0,82.0,61.0,112.0,270.0,288.0,102.0,39.0,140.0,70.0,120.0,50.0,40.0,50.0,60.0,70.0,41.0,31.67,7.95,2024-03-26 11:33:39.651105,700,64
med26mar,0,---,4932.0,53664.0,98936.0,63703.0,99484.0,127669.0,105638.0,103954.0,124711.0,41083.0,76.0,14752.0,10071.0,8133.0,13691.0,6533.0,2817.0,2362.0,---,85.0,80.0,90.0,61.0,127.0,287.0,300.0,109.0,40.0,160.0,76.0,131.0,50.0,40.0,54.0,60.0,78.0,45.0,31.67,7.93,2024-03-26 11:34:38.277678,700,64
med26mar,0,---,4926.0,53538.0,98783.0,63548.0,99083.0,127135.0,105155.0,103310.0,125235.0,40794.0,74.0,14683.0,10112.0,8176.0,13793.0,6557.0,2796.0,2343.0,---,84.0,80.0,90.0,61.0,121.0,280.0,298.0,107.0,40.0,160.0,74.0,129.0,50.0,40.0,52.0,60.0,78.0,45.0,31.67,7.96,2024-03-26 11:35:18.255991,700,64
med26mar,0,---,4849.0,52035.0,97309.0,61377.0,96020.0,124810.0,103260.0,100666.0,130374.0,39774.0,70.0,14597.0,10564.0,8462.0,14387.0,6732.0,2782.0,2296.0,---,82.0,80.0,88.0,61.0,120.0,260.0,283.0,101.0,40.0,150.0,70.0,121.0,50.0,40.0,50.0,60.0,70.0,41.0,32.0,7.88,2024-03-26 11:38:12.724923,700,64
med26mar,0,---,4938.0,53637.0,98927.0,63814.0,99355.0,127242.0,105695.0,103836.0,125012.0,40899.0,70.0,14748.0,10066.0,8135.0,13695.0,6481.0,2815.0,2360.0,---,84.0,80.0,90.0,61.0,122.0,270.0,285.0,106.0,40.0,153.0,70.0,121.0,50.0,40.0,50.0,60.0,75.0,43.0,32.0,7.89,2024-03-26 11:39:02.292550,700,64
med26mar,0,---,4922.0,53484.0,98789.0,63583.0,99012.0,127000.0,105373.0,103382.0,125280.0,40676.0,70.0,14672.0,10114.0,8184.0,13772.0,6504.0,2797.0,2340.0,---,82.0,80.0,90.0,60.0,122.0,268.0,280.0,105.0,38.0,152.0,70.0,121.0,50.0,40.0,50.0,60.0,72.0,42.0,31.67,7.87,2024-03-26 11:39:41.977807,700,64
med26mar,0,---,4896.0,53224.0,98549.0,63165.0,98424.0,126583.0,105096.0,103027.0,126252.0,40527.0,70.0,14648.0,10192.0,8233.0,13882.0,6535.0,2786.0,2330.0,---,83.0,80.0,90.0,61.0,122.0,260.0,280.0,102.0,40.0,150.0,70.0,121.0,50.0,40.0,50.0,60.0,70.0,41.0,31.67,7.87,2024-03-26 11:40:25.989964,700,64
med26mar,0,---,4915.0,53331.0,98361.0,63536.0,98734.0,126613.0,106407.0,104317.0,124321.0,41034.0,70.0,14779.0,10094.0,8170.0,13664.0,6545.0,2821.0,2362.0,---,80.0,78.0,82.0,60.0,117.0,265.0,290.0,104.0,39.0,150.0,70.0,121.0,50.0,40.0,50.0,60.0,72.0,42.0,32.0,7.84,2024-03-26 11:41:12.578473,700,64
med26mar,0,---,4906.0,53203.0,98250.0,63286.0,98340.0,126175.0,105971.0,103738.0,124937.0,40769.0,70.0,14722.0,10135.0,8211.0,13769.0,6574.0,2802.0,2343.0,---,80.0,76.0,82.0,60.0,118.0,260.0,280.0,105.0,39.0,150.0,70.0,121.0,50.0,40.0,50.0,60.0,72.0,40.0,32.0,7.86,2024-03-26 11:41:55.231612,700,64
med26mar,0,---,4879.0,52969.0,98017.0,62887.0,97829.0,125808.0,105697.0,103328.0,125962.0,40576.0,70.0,14710.0,10210.0,8256.0,13870.0,6599.0,2786.0,2329.0,---,80.0,72.0,82.0,61.0,114.0,257.0,280.0,102.0,38.0,150.0,70.0,120.0,50.0,40.0,50.0,60.0,70.0,41.0,32.33,7.86,2024-03-26 11:42:35.162717,700,64
med26mar,5000,---,4523.0,52978.0,97642.0,62095.0,94763.0,117654.0,92691.0,80446.0,92855.0,23271.0,60.0,9598.0,7686.0,7205.0,11767.0,6059.0,2318.0,1894.0,---,78.0,72.0,80.0,58.0,104.0,230.0,260.0,100.0,36.0,112.0,60.0,111.0,46.0,40.0,50.0,52.0,70.0,40.0,32.33,7.85,2024-03-26 11:43:37.732449,700,64
med26mar,5000,---,4512.0,52027.0,97227.0,62041.0,92998.0,115682.0,91166.0,78853.0,94114.0,22821.0,60.0,9481.0,7819.0,7302.0,11933.0,6082.0,2270.0,1852.0,---,75.0,71.0,80.0,60.0,102.0,220.0,251.0,100.0,36.0,110.0,60.0,110.0,42.0,40.0,50.0,51.0,69.0,41.0,32.33,7.87,2024-03-26 11:45:28.322787,700,64
med26mar,5000,---,4464.0,52087.0,97008.0,61181.0,92942.0,116066.0,91415.0,78888.0,95657.0,22789.0,60.0,9502.0,7905.0,7362.0,12099.0,6133.0,2269.0,1846.0,---,73.0,70.0,80.0,58.0,102.0,220.0,250.0,98.0,32.0,110.0,60.0,110.0,42.0,40.0,50.0,50.0,70.0,40.0,32.33,7.86,2024-03-26 11:46:09.614654,700,64
med26mar,5000,---,4524.0,52860.0,97685.0,62275.0,94558.0,117363.0,92116.0,79679.0,92303.0,22926.0,60.0,9497.0,7667.0,7193.0,11723.0,6045.0,2303.0,1882.0,---,73.0,71.0,80.0,58.0,100.0,227.0,250.0,100.0,35.0,110.0,60.0,108.0,44.0,40.0,50.0,50.0,70.0,40.0,32.33,7.86,2024-03-26 11:46:58.892214,700,64
med26mar,5000,---,4509.0,52767.0,97572.0,62023.0,94249.0,117052.0,91808.0,79261.0,93103.0,22785.0,60.0,9475.0,7718.0,7235.0,11827.0,6095.0,2288.0,1869.0,---,72.0,70.0,80.0,57.0,100.0,220.0,250.0,100.0,37.0,110.0,60.0,110.0,44.0,40.0,50.0,51.0,70.0,41.0,32.33,7.84,2024-03-26 11:47:38.860066,700,64
med26mar,5000,---,4499.0,52040.0,97294.0,61893.0,92955.0,115740.0,90897.0,78319.0,94123.0,22540.0,60.0,9417.0,7822.0,7308.0,11947.0,6149.0,2260.0,1840.0,---,74.0,70.0,80.0,55.0,97.0,220.0,250.0,100.0,33.0,110.0,60.0,109.0,44.0,40.0,49.0,50.0,68.0,40.0,32.67,7.84,2024-03-26 11:48:57.447967,700,64
med26mar,5000,---,4524.0,53027.0,97963.0,62226.0,94715.0,117635.0,91752.0,79230.0,92619.0,22751.0,60.0,9435.0,7681.0,7227.0,11805.0,6222.0,2293.0,1873.0,---,71.0,70.0,80.0,58.0,95.0,220.0,250.0,100.0,35.0,110.0,60.0,110.0,43.0,40.0,49.0,51.0,68.0,40.0,32.33,7.85,2024-03-26 11:49:58.722077,700,64
med26mar,5000,---,4490.0,52787.0,97673.0,61672.0,94105.0,117212.0,91369.0,78800.0,93872.0,22620.0,60.0,9390.0,7772.0,7298.0,11895.0,6222.0,2274.0,1856.0,---,71.0,70.0,80.0,59.0,90.0,220.0,250.0,100.0,36.0,110.0,60.0,108.0,42.0,40.0,49.0,50.0,66.0,41.0,32.67,7.84,2024-03-26 11:51:05.284206,700,64
med26mar,5000,---,4473.0,52558.0,97518.0,61394.0,93682.0,116913.0,91116.0,78442.0,94831.0,22499.0,60.0,9381.0,7841.0,7344.0,11997.0,6247.0,2264.0,1842.0,---,70.0,70.0,79.0,59.0,92.0,218.0,242.0,98.0,34.0,109.0,60.0,105.0,45.0,39.0,50.0,50.0,68.0,40.0,32.33,7.84,2024-03-26 11:51:43.964759,700,64
med26mar,125,---,4991.0,54255.0,99333.0,64400.0,99725.0,126987.0,105075.0,102901.0,122803.0,40430.0,71.0,14383.0,10281.0,8327.0,13746.0,6665.0,2776.0,2343.0,---,80.0,71.0,80.0,60.0,100.0,269.0,290.0,109.0,40.0,152.0,71.0,121.0,50.0,40.0,50.0,60.0,70.0,44.0,32.67,7.84,2024-03-26 11:52:42.605620,700,64
med26mar,125,---,4982.0,54111.0,99118.0,64187.0,99266.0,126420.0,104550.0,102240.0,123250.0,40142.0,70.0,14306.0,10323.0,8363.0,13824.0,6685.0,2753.0,2321.0,---,80.0,71.0,80.0,59.0,102.0,260.0,289.0,106.0,40.0,150.0,70.0,121.0,50.0,40.0,50.0,60.0,72.0,44.0,32.33,7.84,2024-03-26 11:53:23.844150,700,64
med26mar,125,---,4964.0,53902.0,98942.0,63911.0,98858.0,126057.0,104241.0,101816.0,123811.0,39950.0,70.0,14278.0,10368.0,8397.0,13967.0,6744.0,2740.0,2310.0,---,80.0,71.0,80.0,58.0,100.0,259.0,280.0,102.0,38.0,150.0,70.0,121.0,50.0,40.0,50.0,60.0,70.0,42.0,32.33,7.84,2024-03-26 11:54:02.442047,700,64
med26mar,125,---,4991.0,54300.0,99654.0,64415.0,99815.0,127345.0,104275.0,102209.0,121937.0,40183.0,70.0,14276.0,10181.0,8281.0,13766.0,6686.0,2757.0,2331.0,---,80.0,71.0,80.0,58.0,100.0,260.0,280.0,104.0,39.0,150.0,70.0,120.0,50.0,40.0,50.0,60.0,70.0,42.0,32.33,7.83,2024-03-26 11:54:49.079940,700,64
med26mar,125,---,4986.0,54243.0,99596.0,64283.0,99510.0,126930.0,103865.0,101591.0,122123.0,39865.0,70.0,14238.0,10187.0,8304.0,13844.0,6704.0,2739.0,2310.0,---,79.0,71.0,80.0,59.0,99.0,260.0,280.0,101.0,39.0,150.0,70.0,120.0,50.0,40.0,50.0,60.0,70.0,41.0,32.33,7.81,2024-03-26 11:55:27.705578,700,64
med26mar,125,---,4967.0,54025.0,99382.0,63955.0,99030.0,126522.0,103630.0,101282.0,122800.0,39743.0,70.0,14217.0,10238.0,8341.0,13914.0,6726.0,2729.0,2300.0,---,74.0,70.0,80.0,59.0,98.0,255.0,276.0,101.0,38.0,149.0,70.0,120.0,50.0,40.0,50.0,60.0,70.0,41.0,32.33,7.82,2024-03-26 11:56:07.676785,700,64
med26mar,125,---,5001.0,54032.0,99679.0,64687.0,99317.0,126601.0,103843.0,101645.0,119718.0,39914.0,70.0,14262.0,9962.0,8224.0,13663.0,6640.0,2743.0,2315.0,---,77.0,71.0,80.0,57.0,100.0,260.0,280.0,102.0,40.0,150.0,70.0,120.0,50.0,40.0,50.0,60.0,70.0,41.0,32.33,7.81,2024-03-26 11:57:14.297661,700,64
med26mar,125,---,4990.0,53596.0,98770.0,63531.0,98342.0,125924.0,102697.0,100046.0,121275.0,39350.0,70.0,14216.0,10103.0,8316.0,13896.0,6725.0,2762.0,2305.0,---,73.0,70.0,80.0,58.0,99.0,249.0,270.0,100.0,39.0,142.0,70.0,118.0,50.0,40.0,50.0,60.0,70.0,40.0,32.33,7.8,2024-03-26 11:58:35.509232,700,64
med26mar,125,---,4924.0,53606.0,98969.0,63366.0,98222.0,125941.0,103314.0,100780.0,122515.0,39487.0,70.0,14209.0,10153.0,8357.0,13990.0,6727.0,2714.0,2281.0,---,73.0,70.0,80.0,57.0,96.0,246.0,270.0,101.0,37.0,142.0,70.0,116.0,49.0,40.0,50.0,60.0,70.0,41.0,32.33,7.81,2024-03-26 11:59:14.183707,700,64
med26mar,2500,---,4748.0,54115.0,98967.0,64019.0,98037.0,121943.0,98896.0,89598.0,98949.0,28716.0,65.0,11281.0,8298.0,7443.0,12094.0,6264.0,2519.0,2075.0,---,72.0,71.0,80.0,58.0,99.0,240.0,270.0,102.0,36.0,123.0,65.0,111.0,48.0,40.0,50.0,60.0,70.0,42.0,32.33,7.8,2024-03-26 12:00:15.443995,700,64
med26mar,2500,---,4733.0,53906.0,98722.0,63731.0,97466.0,121352.0,98387.0,89046.0,99575.0,28517.0,64.0,11213.0,8356.0,7487.0,12179.0,6282.0,2502.0,2059.0,---,74.0,70.0,80.0,58.0,99.0,240.0,270.0,101.0,36.0,122.0,64.0,111.0,49.0,40.0,50.0,60.0,69.0,41.0,32.33,7.8,2024-03-26 12:01:02.044181,700,64
med26mar,2500,---,4717.0,53732.0,98571.0,63504.0,97127.0,121090.0,98082.0,88625.0,100247.0,28354.0,62.0,11189.0,8412.0,7527.0,12251.0,6297.0,2489.0,2050.0,---,73.0,70.0,79.0,59.0,97.0,230.0,269.0,100.0,38.0,120.0,62.0,110.0,47.0,40.0,50.0,53.0,70.0,41.0,32.33,7.81,2024-03-26 12:01:43.370512,700,64
med26mar,2500,---,4735.0,53938.0,98733.0,63854.0,97537.0,121277.0,98618.0,89151.0,98290.0,28496.0,61.0,11267.0,8222.0,7358.0,11973.0,6208.0,2511.0,2065.0,---,75.0,71.0,81.0,59.0,93.0,239.0,270.0,101.0,38.0,121.0,61.0,110.0,48.0,40.0,47.0,56.0,71.0,41.0,32.33,7.8,2024-03-26 12:03:00.085622,700,64
med26mar,2500,---,4696.0,53706.0,98391.0,63162.0,96947.0,120953.0,98176.0,88652.0,99441.0,28304.0,60.0,11175.0,8327.0,7437.0,12123.0,6246.0,2491.0,2047.0,---,71.0,70.0,80.0,57.0,92.0,230.0,260.0,101.0,37.0,120.0,60.0,110.0,46.0,40.0,50.0,56.0,70.0,41.0,32.33,7.78,2024-03-26 12:03:45.920065,700,64
med26mar,2500,---,4683.0,53504.0,98257.0,63011.0,96561.0,120626.0,97816.0,88194.0,100196.0,28137.0,60.0,11154.0,8394.0,7479.0,12206.0,6262.0,2475.0,2032.0,---,72.0,70.0,78.0,59.0,92.0,230.0,260.0,100.0,35.0,120.0,60.0,110.0,47.0,40.0,50.0,54.0,70.0,41.0,32.33,7.8,2024-03-26 12:04:27.198961,700,64
med26mar,2500,---,4718.0,53897.0,98610.0,63652.0,97616.0,121549.0,98729.0,89120.0,96750.0,28396.0,60.0,11237.0,8102.0,7247.0,11761.0,6099.0,2510.0,2063.0,---,73.0,70.0,80.0,59.0,93.0,236.0,260.0,101.0,37.0,122.0,60.0,110.0,49.0,40.0,50.0,56.0,70.0,40.0,32.33,7.83,2024-03-26 12:05:17.817658,700,64
med26mar,2500,---,4706.0,53697.0,98373.0,63419.0,97074.0,120938.0,98176.0,88529.0,97445.0,28203.0,60.0,11165.0,8169.0,7295.0,11858.0,6117.0,2491.0,2046.0,---,72.0,70.0,80.0,59.0,92.0,230.0,260.0,100.0,40.0,120.0,60.0,110.0,48.0,40.0,50.0,57.0,68.0,41.0,32.67,7.76,2024-03-26 12:06:04.421342,700,64
med26mar,2500,---,4704.0,53217.0,98199.0,63453.0,96239.0,120017.0,97453.0,87763.0,98057.0,27961.0,60.0,11117.0,8246.0,7344.0,11926.0,6127.0,2469.0,2028.0,---,72.0,70.0,77.0,58.0,92.0,229.0,260.0,100.0,35.0,120.0,60.0,110.0,44.0,40.0,50.0,55.0,70.0,41.0,32.33,7.8,2024-03-26 12:06:59.044239,700,64
med26mar,250,---,4882.0,53354.0,98258.0,63472.0,98358.0,125486.0,103777.0,100592.0,119455.0,38470.0,70.0,14006.0,9677.0,7976.0,13363.0,6455.0,2738.0,2289.0,---,81.0,80.0,82.0,61.0,102.0,270.0,280.0,104.0,39.0,150.0,70.0,121.0,50.0,40.0,50.0,60.0,70.0,42.0,32.67,7.8,2024-03-26 12:08:02.941181,700,64
med26mar,250,---,4880.0,53257.0,98147.0,63392.0,98068.0,125112.0,103296.0,100027.0,119667.0,38227.0,70.0,13934.0,9698.0,7999.0,13423.0,6467.0,2720.0,2273.0,---,80.0,80.0,82.0,61.0,100.0,269.0,274.0,103.0,38.0,150.0,70.0,121.0,50.0,40.0,50.0,60.0,70.0,42.0,32.33,7.79,2024-03-26 12:08:41.550191,700,64
med26mar,250,---,4829.0,53088.0,97927.0,62479.0,97462.0,124928.0,103505.0,100156.0,120715.0,38221.0,70.0,13934.0,9768.0,8050.0,13523.0,6505.0,2716.0,2266.0,---,84.0,80.0,89.0,61.0,100.0,250.0,260.0,102.0,40.0,142.0,70.0,120.0,50.0,40.0,50.0,60.0,70.0,43.0,32.33,7.79,2024-03-26 12:11:25.924566,700,64
med26mar,250,---,4848.0,53223.0,98154.0,62832.0,97778.0,125223.0,103558.0,100385.0,120196.0,38321.0,70.0,13922.0,9736.0,8020.0,13458.0,6485.0,2728.0,2279.0,---,80.0,73.0,82.0,61.0,100.0,270.0,270.0,102.0,40.0,149.0,70.0,120.0,50.0,40.0,50.0,60.0,70.0,42.0,32.33,7.79,2024-03-26 12:12:15.198917,700,64
med26mar,250,---,4863.0,52858.0,98123.0,63119.0,97036.0,124163.0,102701.0,99424.0,119965.0,37953.0,70.0,13840.0,9742.0,8041.0,13480.0,6486.0,2700.0,2257.0,---,80.0,72.0,80.0,59.0,100.0,260.0,270.0,101.0,39.0,148.0,70.0,120.0,49.0,40.0,50.0,60.0,70.0,40.0,32.33,7.78,2024-03-26 12:13:12.494796,700,64
med26mar,250,---,4834.0,52881.0,97920.0,62577.0,96946.0,124302.0,102799.0,99390.0,120935.0,37903.0,70.0,13849.0,9796.0,8081.0,13583.0,6520.0,2696.0,2250.0,---,80.0,71.0,80.0,60.0,100.0,260.0,270.0,101.0,39.0,140.0,70.0,120.0,50.0,40.0,50.0,60.0,70.0,41.0,32.33,7.76,2024-03-26 12:13:55.106287,700,64
med26mar,250,---,4875.0,52671.0,98132.0,63365.0,96910.0,123969.0,102391.0,99043.0,119741.0,37798.0,70.0,13816.0,9730.0,8028.0,13448.0,6470.0,2690.0,2249.0,---,80.0,72.0,82.0,61.0,100.0,260.0,270.0,102.0,39.0,145.0,70.0,120.0,49.0,40.0,50.0,60.0,70.0,41.0,32.33,7.76,2024-03-26 12:15:27.063491,700,64
med26mar,250,---,4840.0,52837.0,97964.0,62764.0,97028.0,124301.0,102633.0,99251.0,120727.0,37839.0,70.0,13817.0,9770.0,8069.0,13571.0,6512.0,2693.0,2248.0,---,80.0,71.0,80.0,60.0,99.0,260.0,267.0,100.0,39.0,140.0,70.0,120.0,50.0,40.0,50.0,60.0,70.0,41.0,32.33,7.78,2024-03-26 12:16:09.677898,700,64
med26mar,250,---,4820.0,52706.0,97778.0,62412.0,96708.0,124124.0,102489.0,99011.0,121380.0,37732.0,70.0,13808.0,9823.0,8101.0,13640.0,6535.0,2685.0,2240.0,---,80.0,72.0,80.0,58.0,99.0,252.0,260.0,101.0,37.0,140.0,70.0,119.0,49.0,40.0,50.0,60.0,70.0,41.0,32.33,7.77,2024-03-26 12:16:52.261443,700,64
med26mar,2000,---,4809.0,54624.0,100217.0,64747.0,99807.0,125044.0,98872.0,90743.0,100751.0,29750.0,70.0,11431.0,8421.0,7420.0,12086.0,6160.0,2538.0,2104.0,---,74.0,70.0,80.0,56.0,96.0,260.0,270.0,101.0,37.0,130.0,70.0,116.0,48.0,40.0,50.0,60.0,70.0,42.0,32.33,7.8,2024-03-26 12:17:52.239851,700,64
med26mar,2000,---,4804.0,54503.0,100087.0,64673.0,99483.0,124622.0,98473.0,90271.0,101170.0,29562.0,68.0,11383.0,8460.0,7450.0,12150.0,6175.0,2523.0,2090.0,---,72.0,70.0,80.0,59.0,94.0,250.0,270.0,101.0,38.0,130.0,68.0,114.0,49.0,40.0,50.0,60.0,69.0,41.0,32.33,7.76,2024-03-26 12:18:32.183609,700,64
med26mar,2000,---,4787.0,54383.0,99965.0,64487.0,99243.0,124434.0,98268.0,89996.0,101685.0,29444.0,67.0,11363.0,8497.0,7478.0,12210.0,6189.0,2519.0,2081.0,---,75.0,71.0,80.0,57.0,93.0,250.0,270.0,101.0,38.0,129.0,67.0,111.0,48.0,40.0,50.0,60.0,70.0,41.0,32.33,7.73,2024-03-26 12:19:10.773560,700,64
med26mar,2000,---,4813.0,54258.0,100144.0,64939.0,99098.0,124104.0,98264.0,90010.0,100544.0,29441.0,69.0,11361.0,8437.0,7434.0,12081.0,6150.0,2519.0,2088.0,---,79.0,72.0,80.0,60.0,99.0,255.0,270.0,101.0,39.0,130.0,69.0,117.0,50.0,40.0,50.0,60.0,69.0,41.0,32.33,7.79,2024-03-26 12:20:14.744632,700,64
med26mar,2000,---,4783.0,54308.0,99953.0,64443.0,99002.0,124160.0,98294.0,89954.0,101466.0,29391.0,68.0,11347.0,8489.0,7470.0,12194.0,6183.0,2515.0,2081.0,---,76.0,71.0,80.0,55.0,97.0,250.0,270.0,101.0,36.0,129.0,68.0,111.0,46.0,40.0,50.0,60.0,70.0,41.0,32.33,7.78,2024-03-26 12:21:00.027602,700,64
med26mar,2000,---,4786.0,53718.0,99730.0,64573.0,97969.0,122944.0,97424.0,89041.0,102026.0,29107.0,64.0,11287.0,8563.0,7523.0,12257.0,6190.0,2490.0,2060.0,---,75.0,71.0,80.0,58.0,98.0,249.0,264.0,101.0,37.0,128.0,64.0,111.0,45.0,40.0,50.0,58.0,70.0,41.0,32.33,7.75,2024-03-26 12:22:19.958291,700,64
med26mar,2000,---,4796.0,54410.0,100202.0,64749.0,99653.0,125205.0,98249.0,89923.0,102119.0,29326.0,66.0,11284.0,8515.0,7480.0,12236.0,6195.0,2515.0,2085.0,---,72.0,70.0,80.0,58.0,94.0,250.0,262.0,101.0,35.0,130.0,66.0,111.0,46.0,40.0,50.0,59.0,70.0,41.0,32.33,7.71,2024-03-26 12:23:10.571735,700,64
med26mar,2000,---,4792.0,54381.0,100133.0,64656.0,99452.0,124906.0,97896.0,89479.0,102588.0,29156.0,64.0,11252.0,8508.0,7488.0,12273.0,6196.0,2502.0,2070.0,---,74.0,70.0,80.0,59.0,92.0,249.0,260.0,100.0,37.0,128.0,64.0,111.0,50.0,40.0,48.0,57.0,70.0,41.0,32.33,7.76,2024-03-26 12:23:50.515567,700,64
med26mar,2000,---,4778.0,54244.0,100015.0,64456.0,99171.0,124708.0,97707.0,89220.0,103107.0,29048.0,60.0,11240.0,8555.0,7519.0,12334.0,6210.0,2492.0,2060.0,---,72.0,70.0,80.0,58.0,90.0,240.0,260.0,100.0,35.0,122.0,60.0,111.0,47.0,40.0,50.0,56.0,70.0,41.0,32.33,7.75,2024-03-26 12:24:29.157774,700,64
