Nombre,2025-10-02 17:57:23.556927,420.0,418.0,336.0,332.0,341.0,332.0,337.0,338.0,333.0,340.0,336.0,334.0,340.0,334.0,340.0,341.0,332.0,338.0,336.0,335.0,345.0,331.0,339.0,337.0,332.0,342.0,336.0,333.0,339.0,336.0,339.0,337.0,335.0,336.0,336.0,334.0,338.0,335.0,343.0,335.0,333.0,338.0,336.0,334.0,345.0,334.0,335.0,340.0,336.0,341.0,341.0,335.0,341.0,335.0,337.0,336.0,328.0,342.0,337.0,336.0,343.0,332.0,339.0,337.0,337.0,338.0,335.0,334.0,340.0,338.0,336.0,336.0,335.0,337.0,334.0,333.0,341.0,335.0,336.0,343.0,332.0,342.0,340.0,332.0,342.0,335.0,338.0,338.0,334.0,337.0,337.0,336.0,341.0,336.0,337.0,336.0,335.0,342.0,337.0,337.0,342.0,335.0,337.0,338.0,334.0,338.0,340.0,332.0,343.0,335.0,339.0,340.0,338.0,341.0,335.0,334.0,343.0,336.0,343.0,338.0,331.0,343.0,336.0,336.0,342.0,332.0,338.0,342.0,336.0,340.0,335.0,334.0,344.0,336.0,338.0,339.0,334.0,344.0,338.0,334.0,341.0,335.0,340.0,339.0,332.0,340.0,338.0,336.0,343.0,333.0,337.0,338.0,334.0,340.0,337.0,334.0,345.0,333.0,339.0,341.0,334.0,341.0,337.0,335.0,342.0,336.0,341.0,342.0,335.0,339.0,337.0,335.0,341.0,334.0,337.0,336.0,333.0,342.0,338.0,335.0,343.0,336.0,337.0,337.0,332.0,338.0,341.0,337.0,337.0,334.0,336.0,336.0,335.0,342.0,335.0,334.0,343.0,335.0,341.0,339.0,332.0,343.0,336.0,328.0,341.0,333.0,336.0,341.0,335.0,337.0,337.0,335.0,340.0,336.0,342.0,336.0,335.0,342.0,339.0,335.0,345.0,333.0,338.0,337.0,335.0,343.0,337.0,333.0,344.0,338.0,340.0,336.0,332.0,340.0,338.0,336.0,347.0,331.0,341.0,339.0,335.0,344.0,336.0,333.0,346.0,336.0,341.0,339.0,335.0,346.0,338.0,335.0,341.0,334.0,347.0,340.0,335.0,343.0,337.0,336.0,349.0,334.0,339.0,342.0,337.0,345.0,337.0,336.0,345.0,335.0,345.0,340.0,331.0,343.0,341.0,337.0,349.0,335.0,343.0,345.0,334.0,347.0,339.0,336.0,348.0,336.0,338.0,338.0
Nombre,2025-10-02 17:57:47.658966,420.0,419.0,493.0,490.0,495.0,487.0,493.0,492.0,482.0,495.0,489.0,481.0,492.0,483.0,495.0,491.0,483.0,492.0,485.0,486.0,496.0,484.0,496.0,491.0,487.0,499.0,495.0,491.0,502.0,499.0,512.0,510.0,510.0,523.0,525.0,529.0,550.0,563.0,602.0,642.0,735.0,939.0,1262.0,1767.0,2426.0,3197.0,3858.0,3861.0,3880.0,3868.0,3882.0,3874.0,3868.0,3852.0,3865.0,3874.0,3871.0,3874.0,3880.0,3861.0,3863.0,3866.0,3863.0,3870.0,3858.0,3866.0,3869.0,3873.0,3870.0,3861.0,3875.0,3872.0,3873.0,3874.0,3872.0,3875.0,3877.0,3863.0,3868.0,3876.0,3860.0,3876.0,3873.0,3875.0,3858.0,3862.0,3867.0,3874.0,3873.0,3884.0,3886.0,3855.0,3876.0,3873.0,3873.0,3866.0,3875.0,3882.0,3849.0,3848.0,3876.0,3872.0,3861.0,3863.0,3878.0,3869.0,3859.0,3868.0,3866.0,3849.0,3877.0,3877.0,3870.0,3869.0,3862.0,3869.0,3864.0,3864.0,3883.0,3868.0,3877.0,3855.0,3862.0,3867.0,3854.0,3879.0,3869.0,3860.0,3854.0,3870.0,3861.0,3861.0,3868.0,3860.0,3855.0,3838.0,3773.0,3649.0,3501.0,3336.0,3198.0,3064.0,2944.0,2819.0,2668.0,2524.0,2386.0,2248.0,2140.0,1993.0,1877.0,1770.0,1649.0,1567.0,1470.0,1377.0,1307.0,1215.0,1163.0,1103.0,1035.0,987.0,931.0,879.0,842.0,793.0,768.0,735.0,692.0,670.0,649.0,624.0,611.0,582.0,571.0,558.0,537.0,533.0,519.0,496.0,495.0,476.0,473.0,465.0,446.0,452.0,446.0,438.0,434.0,424.0,425.0,420.0,413.0,419.0,406.0,403.0,410.0,399.0,402.0,401.0,391.0,402.0,393.0,385.0,397.0,384.0,388.0,391.0,383.0,385.0,381.0,378.0,384.0,379.0,386.0,383.0,379.0,385.0,381.0,376.0,386.0,373.0,382.0,380.0,374.0,384.0,380.0,374.0,386.0,383.0,384.0,381.0,374.0,385.0,383.0,384.0,392.0,376.0,388.0,387.0,382.0,392.0,383.0,380.0,393.0,385.0,392.0,391.0,384.0,397.0,389.0,385.0,395.0,385.0,398.0,390.0,385.0,396.0,386.0,383.0,397.0,383.0,387.0,387.0,384.0,390.0,381.0,377.0,387.0,374.0,384.0,382.0,368.0,381.0,380.0,373.0,384.0,369.0,381.0,381.0,369.0,381.0,373.0,370.0,381.0,370.0,372.0,370.0
Nombre,2025-10-02 17:57:57.098710,420.0,419.0,366.0,364.0,372.0,362.0,368.0,367.0,361.0,369.0,367.0,362.0,368.0,364.0,369.0,368.0,359.0,369.0,366.0,364.0,373.0,359.0,369.0,367.0,361.0,374.0,365.0,363.0,372.0,367.0,372.0,370.0,367.0,370.0,371.0,370.0,377.0,377.0,389.0,397.0,408.0,450.0,512.0,609.0,752.0,935.0,1233.0,1620.0,2162.0,2850.0,3572.0,3868.0,3868.0,3851.0,3864.0,3871.0,3871.0,3875.0,3880.0,3860.0,3865.0,3863.0,3844.0,3637.0,3280.0,2999.0,2739.0,2516.0,2386.0,2289.0,2256.0,2246.0,2284.0,2348.0,2463.0,2569.0,2737.0,2824.0,2925.0,3015.0,3059.0,3112.0,3176.0,3218.0,3250.0,3306.0,3378.0,3431.0,3466.0,3499.0,3538.0,3495.0,3509.0,3484.0,3474.0,3444.0,3383.0,3357.0,3306.0,3277.0,3246.0,3194.0,3158.0,3106.0,3051.0,3016.0,2979.0,2930.0,2871.0,2806.0,2757.0,2690.0,2634.0,2576.0,2502.0,2432.0,2397.0,2326.0,2283.0,2234.0,2145.0,2104.0,2040.0,1969.0,1919.0,1840.0,1778.0,1699.0,1624.0,1544.0,1469.0,1401.0,1337.0,1266.0,1214.0,1159.0,1098.0,1070.0,1015.0,970.0,937.0,890.0,869.0,832.0,790.0,767.0,737.0,706.0,689.0,653.0,635.0,616.0,587.0,574.0,555.0,536.0,531.0,499.0,495.0,485.0,465.0,465.0,451.0,437.0,436.0,424.0,423.0,416.0,402.0,402.0,398.0,387.0,392.0,379.0,382.0,378.0,371.0,378.0,371.0,366.0,371.0,365.0,365.0,362.0,351.0,360.0,361.0,355.0,358.0,347.0,353.0,352.0,350.0,358.0,349.0,346.0,356.0,349.0,352.0,351.0,339.0,354.0,345.0,337.0,353.0,340.0,346.0,350.0,342.0,343.0,343.0,339.0,348.0,342.0,351.0,344.0,342.0,350.0,344.0,338.0,352.0,338.0,344.0,345.0,340.0,350.0,343.0,337.0,351.0,346.0,348.0,342.0,337.0,350.0,346.0,343.0,353.0,337.0,349.0,347.0,343.0,352.0,342.0,337.0,353.0,341.0,350.0,349.0,341.0,353.0,345.0,341.0,351.0,339.0,353.0,349.0,340.0,352.0,346.0,341.0,355.0,339.0,347.0,351.0,345.0,353.0,343.0,338.0,351.0,340.0,349.0,348.0,336.0,350.0,345.0,341.0,354.0,339.0,349.0,350.0,338.0,349.0,345.0,339.0,351.0,339.0,344.0,343.0
Nombre,2025-10-02 17:58:08.583048,421.0,419.0,337.0,336.0,346.0,335.0,342.0,340.0,334.0,345.0,339.0,336.0,344.0,336.0,344.0,343.0,335.0,341.0,339.0,337.0,349.0,335.0,342.0,339.0,336.0,346.0,337.0,335.0,344.0,338.0,343.0,340.0,338.0,342.0,339.0,337.0,343.0,341.0,349.0,347.0,345.0,359.0,370.0,386.0,426.0,450.0,511.0,594.0,697.0,859.0,1070.0,1347.0,1689.0,2008.0,2288.0,2410.0,2368.0,2193.0,1942.0,1685.0,1501.0,1320.0,1211.0,1095.0,982.0,906.0,826.0,776.0,756.0,731.0,723.0,722.0,724.0,745.0,763.0,786.0,832.0,844.0,879.0,909.0,915.0,939.0,954.0,961.0,981.0,990.0,1015.0,1034.0,1038.0,1049.0,1056.0,1046.0,1056.0,1043.0,1041.0,1034.0,1011.0,1015.0,994.0,983.0,977.0,956.0,950.0,937.0,909.0,909.0,895.0,874.0,868.0,845.0,833.0,821.0,807.0,793.0,775.0,757.0,755.0,740.0,733.0,721.0,692.0,694.0,677.0,663.0,656.0,632.0,625.0,612.0,591.0,579.0,561.0,548.0,543.0,522.0,513.0,499.0,483.0,484.0,472.0,457.0,459.0,443.0,445.0,437.0,423.0,426.0,418.0,407.0,413.0,395.0,397.0,394.0,383.0,387.0,379.0,371.0,379.0,366.0,368.0,370.0,361.0,367.0,361.0,352.0,361.0,353.0,356.0,357.0,344.0,350.0,349.0,342.0,350.0,338.0,346.0,342.0,337.0,348.0,345.0,338.0,349.0,338.0,341.0,340.0,331.0,340.0,341.0,337.0,340.0,334.0,339.0,337.0,335.0,344.0,336.0,334.0,344.0,335.0,341.0,340.0,331.0,342.0,335.0,329.0,343.0,333.0,336.0,341.0,335.0,336.0,336.0,333.0,339.0,335.0,340.0,336.0,336.0,341.0,336.0,333.0,342.0,332.0,336.0,336.0,333.0,341.0,337.0,333.0,342.0,337.0,339.0,336.0,332.0,341.0,337.0,335.0,346.0,331.0,340.0,338.0,334.0,342.0,335.0,330.0,341.0,335.0,340.0,339.0,335.0,342.0,337.0,335.0,340.0,333.0,342.0,338.0,334.0,340.0,337.0,334.0,346.0,333.0,338.0,340.0,335.0,344.0,335.0,333.0,342.0,335.0,342.0,340.0,330.0,342.0,337.0,335.0,346.0,335.0,342.0,341.0,332.0,342.0,337.0,335.0,344.0,334.0,337.0,336.0
Nombre,2025-10-02 17:58:26.954111,421.0,418.0,336.0,333.0,343.0,333.0,338.0,338.0,333.0,341.0,337.0,333.0,340.0,335.0,341.0,340.0,332.0,339.0,336.0,335.0,345.0,331.0,339.0,337.0,333.0,343.0,335.0,333.0,341.0,336.0,339.0,337.0,335.0,338.0,336.0,335.0,338.0,336.0,344.0,341.0,337.0,348.0,353.0,360.0,385.0,394.0,425.0,468.0,525.0,612.0,715.0,854.0,1042.0,1209.0,1366.0,1431.0,1403.0,1313.0,1175.0,1037.0,940.0,842.0,790.0,728.0,672.0,633.0,590.0,566.0,559.0,546.0,539.0,539.0,539.0,551.0,560.0,568.0,596.0,600.0,620.0,637.0,634.0,651.0,658.0,655.0,673.0,673.0,686.0,695.0,695.0,704.0,707.0,702.0,709.0,700.0,701.0,697.0,682.0,690.0,675.0,670.0,671.0,658.0,656.0,648.0,632.0,633.0,629.0,615.0,618.0,599.0,595.0,589.0,582.0,578.0,565.0,554.0,562.0,548.0,549.0,540.0,522.0,528.0,514.0,504.0,505.0,485.0,487.0,480.0,465.0,462.0,451.0,442.0,445.0,430.0,429.0,424.0,411.0,417.0,406.0,398.0,401.0,391.0,394.0,391.0,379.0,384.0,379.0,373.0,380.0,364.0,368.0,368.0,359.0,365.0,358.0,351.0,362.0,349.0,354.0,355.0,346.0,355.0,348.0,342.0,351.0,342.0,348.0,349.0,337.0,343.0,343.0,336.0,346.0,334.0,340.0,338.0,336.0,342.0,340.0,336.0,345.0,336.0,338.0,338.0,329.0,339.0,339.0,336.0,338.0,332.0,337.0,335.0,335.0,342.0,335.0,334.0,342.0,335.0,339.0,338.0,329.0,342.0,335.0,328.0,341.0,332.0,336.0,339.0,335.0,336.0,335.0,333.0,337.0,335.0,340.0,336.0,334.0,341.0,336.0,332.0,341.0,331.0,336.0,337.0,333.0,340.0,336.0,332.0,341.0,337.0,338.0,335.0,331.0,340.0,337.0,335.0,345.0,330.0,338.0,338.0,335.0,341.0,334.0,330.0,341.0,334.0,339.0,337.0,334.0,341.0,335.0,333.0,340.0,332.0,341.0,338.0,333.0,340.0,336.0,334.0,346.0,333.0,337.0,339.0,335.0,341.0,335.0,333.0,342.0,334.0,340.0,339.0,328.0,341.0,336.0,335.0,345.0,333.0,340.0,341.0,332.0,340.0,336.0,335.0,343.0,334.0,336.0,336.0
Nombre,2025-10-02 17:58:35.196470,420.0,418.0,333.0,329.0,339.0,329.0,335.0,336.0,328.0,337.0,335.0,329.0,336.0,331.0,336.0,337.0,326.0,336.0,334.0,332.0,340.0,327.0,336.0,334.0,328.0,337.0,332.0,329.0,337.0,331.0,335.0,334.0,331.0,335.0,334.0,331.0,336.0,333.0,336.0,335.0,331.0,335.0,334.0,331.0,341.0,331.0,333.0,336.0,332.0,337.0,337.0,330.0,337.0,330.0,336.0,334.0,324.0,338.0,334.0,332.0,337.0,328.0,336.0,336.0,335.0,336.0,332.0,333.0,337.0,336.0,335.0,335.0,331.0,336.0,332.0,329.0,339.0,330.0,335.0,340.0,330.0,338.0,336.0,326.0,338.0,333.0,333.0,335.0,330.0,335.0,335.0,334.0,338.0,334.0,335.0,334.0,331.0,339.0,335.0,335.0,339.0,334.0,336.0,336.0,329.0,335.0,336.0,331.0,340.0,334.0,336.0,336.0,336.0,337.0,334.0,330.0,340.0,334.0,338.0,336.0,329.0,337.0,335.0,334.0,339.0,325.0,337.0,337.0,333.0,337.0,333.0,331.0,340.0,334.0,336.0,336.0,332.0,339.0,336.0,330.0,338.0,332.0,336.0,337.0,328.0,336.0,336.0,333.0,338.0,329.0,336.0,336.0,331.0,336.0,335.0,331.0,339.0,331.0,336.0,337.0,332.0,340.0,336.0,332.0,338.0,334.0,337.0,338.0,330.0,335.0,336.0,332.0,339.0,328.0,336.0,335.0,330.0,337.0,336.0,333.0,340.0,334.0,336.0,336.0,324.0,336.0,337.0,335.0,336.0,330.0,335.0,334.0,333.0,339.0,333.0,331.0,339.0,334.0,338.0,337.0,326.0,339.0,334.0,326.0,339.0,331.0,335.0,338.0,334.0,335.0,333.0,332.0,336.0,334.0,338.0,336.0,332.0,340.0,335.0,331.0,338.0,329.0,334.0,336.0,330.0,338.0,335.0,332.0,340.0,335.0,337.0,334.0,329.0,338.0,336.0,332.0,342.0,328.0,337.0,336.0,333.0,340.0,333.0,327.0,339.0,331.0,337.0,336.0,332.0,337.0,335.0,332.0,338.0,329.0,339.0,337.0,332.0,338.0,336.0,332.0,342.0,331.0,337.0,338.0,334.0,341.0,334.0,331.0,340.0,332.0,339.0,337.0,326.0,339.0,335.0,333.0,342.0,331.0,339.0,338.0,330.0,339.0,335.0,334.0,342.0,331.0,336.0,335.0
Nombre,2025-10-02 17:58:41.674729,427.0,424.0,336.0,329.0,338.0,328.0,336.0,334.0,328.0,336.0,334.0,329.0,335.0,332.0,336.0,336.0,329.0,336.0,333.0,332.0,339.0,326.0,335.0,334.0,329.0,339.0,331.0,327.0,336.0,332.0,336.0,335.0,331.0,335.0,332.0,330.0,335.0,333.0,336.0,334.0,330.0,335.0,333.0,331.0,341.0,330.0,332.0,335.0,333.0,337.0,336.0,331.0,337.0,330.0,336.0,335.0,323.0,338.0,334.0,331.0,337.0,329.0,336.0,336.0,335.0,336.0,332.0,333.0,337.0,335.0,335.0,335.0,331.0,336.0,332.0,328.0,338.0,329.0,336.0,339.0,330.0,338.0,336.0,328.0,339.0,333.0,334.0,335.0,330.0,335.0,335.0,334.0,337.0,334.0,335.0,335.0,331.0,339.0,335.0,334.0,338.0,334.0,335.0,337.0,328.0,335.0,336.0,331.0,341.0,333.0,336.0,336.0,335.0,337.0,333.0,329.0,340.0,334.0,336.0,336.0,330.0,338.0,334.0,333.0,339.0,326.0,336.0,337.0,334.0,337.0,333.0,332.0,341.0,332.0,336.0,336.0,331.0,339.0,335.0,331.0,338.0,332.0,336.0,337.0,330.0,338.0,336.0,332.0,340.0,330.0,335.0,336.0,331.0,336.0,335.0,329.0,341.0,330.0,336.0,336.0,332.0,339.0,335.0,332.0,338.0,333.0,338.0,338.0,331.0,335.0,336.0,332.0,338.0,328.0,336.0,335.0,331.0,337.0,337.0,332.0,340.0,334.0,336.0,335.0,324.0,336.0,336.0,334.0,336.0,329.0,335.0,334.0,333.0,339.0,334.0,332.0,340.0,334.0,336.0,337.0,327.0,339.0,334.0,326.0,338.0,331.0,335.0,338.0,333.0,335.0,334.0,332.0,336.0,333.0,340.0,336.0,333.0,339.0,336.0,330.0,339.0,329.0,336.0,336.0,331.0,341.0,336.0,332.0,340.0,336.0,337.0,333.0,329.0,338.0,335.0,333.0,342.0,328.0,337.0,336.0,333.0,339.0,333.0,327.0,340.0,333.0,336.0,337.0,333.0,339.0,335.0,332.0,338.0,331.0,339.0,336.0,332.0,338.0,335.0,333.0,343.0,330.0,336.0,338.0,335.0,340.0,335.0,332.0,341.0,333.0,338.0,337.0,325.0,338.0,335.0,334.0,343.0,332.0,338.0,339.0,331.0,339.0,336.0,333.0,341.0,333.0,335.0,335.0
Nombre,2025-10-02 17:59:02.454101,426.0,423.0,341.0,334.0,341.0,333.0,336.0,337.0,333.0,341.0,335.0,332.0,341.0,334.0,339.0,340.0,331.0,338.0,335.0,335.0,343.0,332.0,338.0,337.0,332.0,342.0,336.0,331.0,341.0,335.0,338.0,337.0,335.0,336.0,335.0,335.0,337.0,333.0,342.0,335.0,334.0,336.0,336.0,334.0,345.0,334.0,335.0,339.0,335.0,342.0,340.0,334.0,340.0,335.0,338.0,337.0,327.0,344.0,336.0,335.0,341.0,330.0,339.0,337.0,336.0,340.0,336.0,335.0,340.0,339.0,336.0,336.0,335.0,337.0,335.0,331.0,340.0,335.0,337.0,343.0,332.0,343.0,339.0,332.0,342.0,335.0,337.0,337.0,334.0,337.0,336.0,336.0,340.0,336.0,337.0,337.0,335.0,341.0,337.0,336.0,342.0,335.0,338.0,338.0,333.0,338.0,340.0,334.0,344.0,336.0,339.0,339.0,340.0,342.0,336.0,335.0,343.0,336.0,345.0,338.0,332.0,344.0,337.0,336.0,342.0,329.0,338.0,342.0,336.0,341.0,335.0,334.0,345.0,335.0,336.0,337.0,335.0,344.0,338.0,334.0,343.0,335.0,341.0,339.0,333.0,339.0,337.0,336.0,343.0,332.0,337.0,339.0,334.0,340.0,337.0,334.0,344.0,333.0,339.0,342.0,335.0,342.0,340.0,335.0,342.0,336.0,340.0,342.0,334.0,339.0,338.0,335.0,342.0,334.0,337.0,336.0,333.0,342.0,339.0,334.0,344.0,336.0,338.0,340.0,330.0,340.0,340.0,337.0,338.0,333.0,336.0,336.0,336.0,344.0,336.0,335.0,343.0,337.0,340.0,340.0,332.0,346.0,336.0,332.0,344.0,332.0,337.0,342.0,335.0,337.0,336.0,335.0,338.0,335.0,342.0,336.0,336.0,344.0,339.0,336.0,345.0,333.0,339.0,338.0,335.0,345.0,337.0,334.0,344.0,341.0,342.0,336.0,333.0,342.0,337.0,337.0,348.0,332.0,341.0,340.0,337.0,345.0,336.0,331.0,344.0,336.0,341.0,339.0,335.0,346.0,338.0,335.0,342.0,335.0,348.0,338.0,335.0,343.0,339.0,336.0,349.0,335.0,341.0,344.0,338.0,349.0,336.0,336.0,348.0,335.0,346.0,344.0,333.0,345.0,343.0,338.0,349.0,335.0,347.0,346.0,336.0,349.0,342.0,337.0,350.0,336.0,341.0,339.0
Nombre,2025-10-02 17:59:07.926410,419.0,417.0,337.0,333.0,342.0,333.0,338.0,339.0,334.0,341.0,336.0,332.0,340.0,334.0,341.0,339.0,332.0,339.0,335.0,335.0,345.0,331.0,337.0,337.0,332.0,343.0,336.0,333.0,339.0,336.0,339.0,336.0,335.0,336.0,335.0,334.0,338.0,335.0,343.0,336.0,333.0,337.0,336.0,334.0,346.0,332.0,334.0,339.0,336.0,342.0,340.0,336.0,341.0,335.0,338.0,336.0,327.0,343.0,335.0,335.0,342.0,331.0,339.0,338.0,337.0,339.0,335.0,334.0,340.0,339.0,337.0,337.0,335.0,338.0,336.0,332.0,342.0,333.0,338.0,344.0,332.0,340.0,340.0,330.0,343.0,336.0,336.0,336.0,334.0,336.0,336.0,337.0,340.0,336.0,337.0,336.0,334.0,342.0,338.0,337.0,342.0,336.0,338.0,339.0,334.0,337.0,341.0,334.0,344.0,336.0,338.0,339.0,338.0,342.0,337.0,334.0,345.0,336.0,343.0,338.0,334.0,344.0,337.0,335.0,343.0,329.0,338.0,341.0,337.0,341.0,335.0,334.0,345.0,336.0,337.0,338.0,335.0,345.0,336.0,334.0,341.0,334.0,340.0,339.0,333.0,342.0,338.0,336.0,343.0,331.0,338.0,339.0,334.0,340.0,337.0,335.0,344.0,332.0,339.0,341.0,335.0,342.0,339.0,334.0,343.0,336.0,341.0,342.0,334.0,339.0,338.0,335.0,342.0,334.0,337.0,337.0,333.0,342.0,338.0,335.0,345.0,337.0,337.0,338.0,330.0,339.0,340.0,337.0,338.0,333.0,337.0,336.0,335.0,345.0,336.0,335.0,342.0,337.0,340.0,339.0,333.0,344.0,336.0,331.0,341.0,333.0,337.0,343.0,335.0,338.0,337.0,335.0,339.0,336.0,342.0,336.0,336.0,343.0,338.0,337.0,345.0,334.0,340.0,338.0,334.0,345.0,337.0,334.0,344.0,340.0,341.0,337.0,334.0,340.0,338.0,337.0,349.0,332.0,342.0,340.0,336.0,343.0,336.0,333.0,344.0,337.0,341.0,339.0,335.0,345.0,338.0,335.0,343.0,334.0,348.0,339.0,335.0,345.0,337.0,335.0,350.0,335.0,341.0,343.0,337.0,347.0,338.0,335.0,347.0,336.0,343.0,343.0,332.0,345.0,342.0,338.0,348.0,335.0,344.0,345.0,335.0,348.0,340.0,337.0,348.0,336.0,338.0,338.0
Nombre,2025-10-02 18:09:28.355722,420.0,418.0,480.0,471.0,483.0,471.0,477.0,477.0,470.0,478.0,472.0,466.0,475.0,470.0,476.0,475.0,463.0,476.0,466.0,468.0,479.0,464.0,473.0,472.0,466.0,483.0,474.0,470.0,483.0,479.0,487.0,486.0,482.0,490.0,493.0,494.0,507.0,520.0,546.0,572.0,629.0,755.0,965.0,1296.0,1765.0,2402.0,3191.0,3841.0,3882.0,3870.0,3883.0,3876.0,3868.0,3855.0,3863.0,3874.0,3868.0,3876.0,3880.0,3863.0,3863.0,3863.0,3863.0,3869.0,3858.0,3865.0,3872.0,3873.0,3872.0,3863.0,3871.0,3873.0,3875.0,3878.0,3873.0,3875.0,3878.0,3861.0,3871.0,3875.0,3858.0,3875.0,3876.0,3875.0,3858.0,3861.0,3870.0,3876.0,3876.0,3882.0,3885.0,3855.0,3875.0,3872.0,3872.0,3868.0,3875.0,3882.0,3851.0,3847.0,3875.0,3870.0,3860.0,3861.0,3880.0,3867.0,3858.0,3870.0,3866.0,3850.0,3878.0,3876.0,3870.0,3871.0,3863.0,3869.0,3862.0,3864.0,3880.0,3868.0,3872.0,3855.0,3863.0,3867.0,3854.0,3879.0,3866.0,3861.0,3856.0,3869.0,3863.0,3862.0,3868.0,3861.0,3859.0,3862.0,3869.0,3854.0,3869.0,3861.0,3861.0,3859.0,3853.0,3849.0,3822.0,3761.0,3684.0,3557.0,3458.0,3341.0,3216.0,3114.0,2996.0,2904.0,2802.0,2681.0,2563.0,2432.0,2341.0,2234.0,2122.0,2033.0,1932.0,1839.0,1752.0,1662.0,1596.0,1510.0,1435.0,1373.0,1317.0,1251.0,1214.0,1152.0,1108.0,1070.0,1021.0,992.0,948.0,901.0,881.0,840.0,813.0,785.0,750.0,742.0,717.0,694.0,674.0,648.0,636.0,619.0,600.0,600.0,575.0,565.0,565.0,549.0,546.0,533.0,515.0,525.0,501.0,486.0,494.0,479.0,476.0,476.0,464.0,464.0,456.0,449.0,452.0,443.0,448.0,440.0,435.0,441.0,432.0,426.0,434.0,419.0,424.0,423.0,415.0,424.0,413.0,408.0,420.0,415.0,415.0,410.0,401.0,411.0,407.0,406.0,416.0,399.0,410.0,409.0,401.0,412.0,403.0,399.0,413.0,405.0,410.0,408.0,403.0,413.0,408.0,402.0,412.0,401.0,416.0,409.0,402.0,410.0,405.0,400.0,414.0,399.0,403.0,403.0,398.0,404.0,397.0,391.0,402.0,389.0,399.0,396.0,383.0,398.0,394.0,387.0,399.0,384.0,395.0,395.0,383.0,396.0,388.0,385.0,394.0,384.0,387.0,386.0
Nombre,2025-10-02 18:09:36.870649,421.0,420.0,337.0,335.0,346.0,334.0,340.0,340.0,334.0,344.0,339.0,336.0,343.0,336.0,344.0,343.0,334.0,342.0,337.0,336.0,348.0,335.0,342.0,338.0,335.0,346.0,336.0,335.0,344.0,338.0,342.0,339.0,337.0,341.0,339.0,337.0,341.0,338.0,346.0,344.0,341.0,352.0,358.0,369.0,398.0,414.0,455.0,517.0,589.0,705.0,848.0,1048.0,1295.0,1543.0,1755.0,1861.0,1839.0,1724.0,1540.0,1349.0,1215.0,1079.0,998.0,908.0,834.0,774.0,714.0,677.0,661.0,647.0,638.0,641.0,645.0,662.0,682.0,697.0,734.0,747.0,775.0,803.0,801.0,820.0,827.0,832.0,854.0,868.0,891.0,910.0,919.0,931.0,942.0,937.0,949.0,940.0,944.0,943.0,923.0,940.0,923.0,917.0,917.0,903.0,903.0,897.0,875.0,877.0,872.0,856.0,857.0,839.0,832.0,822.0,814.0,809.0,793.0,779.0,790.0,769.0,769.0,765.0,741.0,746.0,735.0,722.0,723.0,697.0,692.0,683.0,667.0,655.0,633.0,621.0,618.0,592.0,586.0,578.0,560.0,563.0,551.0,537.0,534.0,519.0,520.0,507.0,493.0,495.0,485.0,474.0,478.0,458.0,458.0,455.0,442.0,442.0,433.0,426.0,430.0,415.0,416.0,414.0,403.0,408.0,398.0,391.0,394.0,386.0,388.0,386.0,373.0,378.0,374.0,366.0,373.0,362.0,366.0,365.0,361.0,366.0,362.0,356.0,363.0,354.0,355.0,353.0,341.0,354.0,354.0,348.0,349.0,342.0,348.0,346.0,342.0,351.0,342.0,340.0,351.0,340.0,346.0,346.0,334.0,347.0,339.0,332.0,346.0,336.0,339.0,344.0,337.0,339.0,338.0,335.0,341.0,336.0,341.0,338.0,336.0,344.0,337.0,335.0,345.0,334.0,337.0,339.0,335.0,344.0,338.0,334.0,345.0,338.0,341.0,336.0,335.0,341.0,338.0,336.0,347.0,331.0,339.0,340.0,336.0,344.0,335.0,332.0,343.0,335.0,340.0,339.0,334.0,343.0,336.0,335.0,342.0,334.0,344.0,338.0,334.0,342.0,338.0,335.0,347.0,334.0,340.0,341.0,336.0,344.0,335.0,334.0,344.0,334.0,340.0,340.0,329.0,342.0,337.0,335.0,347.0,335.0,341.0,342.0,333.0,342.0,337.0,336.0,344.0,333.0,337.0,336.0
Nombre,2025-10-02 18:09:56.206457,420.0,418.0,336.0,334.0,340.0,331.0,336.0,338.0,332.0,340.0,335.0,330.0,340.0,334.0,338.0,341.0,330.0,338.0,335.0,335.0,343.0,330.0,338.0,337.0,333.0,343.0,336.0,333.0,339.0,335.0,339.0,337.0,334.0,336.0,335.0,335.0,337.0,334.0,342.0,335.0,334.0,337.0,336.0,334.0,344.0,332.0,335.0,339.0,335.0,342.0,339.0,334.0,340.0,336.0,338.0,337.0,327.0,342.0,336.0,335.0,341.0,330.0,338.0,337.0,336.0,338.0,335.0,334.0,340.0,339.0,336.0,336.0,335.0,336.0,334.0,330.0,339.0,334.0,336.0,342.0,332.0,341.0,340.0,330.0,341.0,335.0,336.0,336.0,333.0,337.0,336.0,336.0,340.0,335.0,336.0,336.0,334.0,343.0,337.0,336.0,343.0,336.0,336.0,338.0,331.0,337.0,339.0,334.0,343.0,335.0,337.0,339.0,337.0,340.0,336.0,334.0,343.0,336.0,342.0,339.0,333.0,341.0,336.0,336.0,342.0,331.0,338.0,342.0,336.0,340.0,335.0,333.0,344.0,335.0,336.0,337.0,335.0,343.0,337.0,333.0,339.0,335.0,339.0,338.0,332.0,340.0,339.0,335.0,344.0,333.0,337.0,337.0,334.0,339.0,337.0,333.0,343.0,333.0,338.0,340.0,334.0,342.0,336.0,335.0,342.0,336.0,341.0,340.0,334.0,338.0,337.0,333.0,342.0,333.0,337.0,337.0,333.0,340.0,339.0,335.0,343.0,335.0,337.0,338.0,328.0,339.0,340.0,336.0,337.0,332.0,337.0,336.0,334.0,342.0,334.0,334.0,342.0,336.0,339.0,339.0,330.0,344.0,336.0,331.0,341.0,331.0,336.0,339.0,336.0,337.0,336.0,333.0,338.0,336.0,341.0,337.0,336.0,342.0,338.0,336.0,345.0,333.0,338.0,338.0,335.0,344.0,337.0,334.0,344.0,339.0,340.0,335.0,332.0,341.0,337.0,336.0,348.0,331.0,341.0,338.0,336.0,343.0,336.0,332.0,344.0,336.0,340.0,341.0,334.0,342.0,337.0,334.0,342.0,333.0,346.0,339.0,334.0,343.0,337.0,335.0,349.0,335.0,339.0,342.0,337.0,346.0,337.0,335.0,345.0,335.0,343.0,342.0,331.0,344.0,340.0,337.0,349.0,334.0,343.0,344.0,335.0,346.0,338.0,336.0,347.0,336.0,338.0,339.0
Nombre,2025-10-02 18:10:05.301491,413.0,413.0,369.0,363.0,369.0,356.0,361.0,360.0,352.0,359.0,353.0,345.0,354.0,346.0,353.0,352.0,340.0,349.0,343.0,342.0,353.0,336.0,346.0,346.0,338.0,353.0,343.0,339.0,348.0,342.0,347.0,344.0,342.0,346.0,343.0,349.0,363.0,368.0,382.0,370.0,358.0,355.0,347.0,342.0,353.0,340.0,343.0,350.0,344.0,352.0,352.0,344.0,352.0,344.0,351.0,349.0,337.0,353.0,344.0,344.0,352.0,339.0,350.0,349.0,346.0,350.0,346.0,344.0,352.0,350.0,347.0,347.0,345.0,348.0,345.0,341.0,355.0,346.0,351.0,358.0,351.0,371.0,389.0,393.0,411.0,403.0,402.0,399.0,393.0,419.0,484.0,551.0,591.0,586.0,559.0,535.0,508.0,499.0,463.0,428.0,403.0,371.0,357.0,354.0,345.0,349.0,351.0,342.0,355.0,345.0,349.0,349.0,348.0,352.0,345.0,342.0,354.0,347.0,353.0,349.0,339.0,351.0,347.0,344.0,353.0,337.0,350.0,351.0,348.0,352.0,346.0,346.0,361.0,354.0,364.0,371.0,380.0,419.0,466.0,585.0,784.0,1077.0,1429.0,1658.0,1778.0,1816.0,1737.0,1621.0,1495.0,1283.0,1064.0,845.0,664.0,551.0,463.0,416.0,402.0,376.0,373.0,368.0,356.0,366.0,360.0,350.0,362.0,354.0,359.0,358.0,348.0,352.0,349.0,341.0,352.0,340.0,350.0,346.0,339.0,351.0,348.0,343.0,353.0,346.0,350.0,349.0,337.0,350.0,351.0,347.0,348.0,340.0,347.0,347.0,342.0,353.0,344.0,341.0,352.0,345.0,350.0,350.0,341.0,354.0,343.0,338.0,352.0,339.0,347.0,352.0,345.0,348.0,346.0,342.0,350.0,344.0,353.0,349.0,347.0,353.0,350.0,344.0,358.0,344.0,350.0,350.0,345.0,356.0,349.0,342.0,357.0,352.0,353.0,347.0,343.0,354.0,351.0,349.0,360.0,340.0,353.0,353.0,347.0,357.0,347.0,343.0,356.0,349.0,354.0,355.0,347.0,360.0,355.0,352.0,362.0,352.0,368.0,362.0,354.0,365.0,360.0,354.0,368.0,353.0,358.0,362.0,356.0,365.0,355.0,351.0,364.0,351.0,363.0,360.0,347.0,364.0,360.0,355.0,367.0,352.0,365.0,364.0,354.0,367.0,361.0,358.0,368.0,358.0,360.0,362.0
Nombre,2025-10-02 18:10:39.840878,420.0,419.0,337.0,335.0,345.0,336.0,341.0,341.0,335.0,344.0,340.0,336.0,342.0,336.0,343.0,344.0,335.0,341.0,338.0,337.0,349.0,333.0,341.0,339.0,335.0,346.0,337.0,335.0,343.0,337.0,343.0,340.0,338.0,341.0,339.0,336.0,341.0,338.0,347.0,345.0,341.0,353.0,360.0,371.0,402.0,417.0,461.0,525.0,597.0,715.0,870.0,1074.0,1340.0,1576.0,1807.0,1909.0,1889.0,1764.0,1574.0,1375.0,1237.0,1107.0,1011.0,924.0,844.0,784.0,723.0,685.0,670.0,651.0,645.0,647.0,652.0,669.0,687.0,704.0,743.0,754.0,787.0,812.0,810.0,830.0,840.0,846.0,868.0,882.0,906.0,927.0,932.0,946.0,956.0,953.0,962.0,960.0,959.0,962.0,939.0,952.0,937.0,931.0,936.0,919.0,919.0,909.0,888.0,893.0,884.0,871.0,870.0,853.0,847.0,839.0,830.0,823.0,807.0,794.0,799.0,783.0,779.0,774.0,748.0,758.0,745.0,731.0,731.0,705.0,704.0,692.0,671.0,659.0,645.0,629.0,624.0,603.0,596.0,585.0,568.0,570.0,553.0,543.0,544.0,523.0,523.0,515.0,495.0,496.0,488.0,480.0,483.0,464.0,464.0,458.0,444.0,446.0,439.0,428.0,434.0,418.0,422.0,416.0,403.0,412.0,402.0,393.0,397.0,388.0,391.0,386.0,376.0,380.0,377.0,368.0,376.0,365.0,369.0,366.0,361.0,367.0,363.0,358.0,366.0,355.0,357.0,355.0,343.0,354.0,354.0,349.0,351.0,342.0,348.0,345.0,344.0,352.0,344.0,340.0,352.0,342.0,348.0,346.0,335.0,349.0,339.0,334.0,347.0,337.0,340.0,345.0,337.0,341.0,338.0,336.0,342.0,337.0,344.0,339.0,337.0,345.0,337.0,335.0,343.0,334.0,338.0,340.0,335.0,345.0,338.0,335.0,344.0,340.0,341.0,337.0,334.0,342.0,340.0,337.0,347.0,333.0,341.0,341.0,336.0,343.0,336.0,333.0,344.0,336.0,342.0,339.0,335.0,343.0,336.0,335.0,341.0,334.0,344.0,340.0,335.0,341.0,337.0,335.0,347.0,335.0,339.0,341.0,336.0,345.0,336.0,335.0,345.0,335.0,343.0,340.0,330.0,344.0,338.0,336.0,348.0,335.0,341.0,342.0,333.0,343.0,338.0,335.0,345.0,335.0,337.0,337.0
Nombre,2025-10-02 18:10:56.117510,420.0,418.0,333.0,328.0,338.0,328.0,335.0,335.0,328.0,337.0,335.0,330.0,336.0,332.0,336.0,337.0,327.0,336.0,333.0,331.0,340.0,327.0,335.0,334.0,329.0,338.0,331.0,329.0,336.0,332.0,336.0,334.0,332.0,335.0,332.0,331.0,335.0,332.0,336.0,335.0,329.0,334.0,334.0,329.0,340.0,329.0,332.0,336.0,333.0,337.0,336.0,331.0,337.0,330.0,336.0,335.0,322.0,338.0,334.0,332.0,337.0,328.0,336.0,335.0,333.0,336.0,333.0,332.0,337.0,335.0,335.0,336.0,332.0,336.0,332.0,328.0,336.0,330.0,336.0,339.0,329.0,337.0,336.0,328.0,340.0,332.0,333.0,335.0,330.0,336.0,335.0,332.0,337.0,333.0,335.0,335.0,332.0,338.0,335.0,334.0,339.0,334.0,335.0,336.0,329.0,335.0,336.0,330.0,340.0,333.0,336.0,336.0,335.0,336.0,334.0,329.0,339.0,334.0,338.0,336.0,329.0,337.0,334.0,334.0,339.0,327.0,336.0,338.0,334.0,336.0,332.0,331.0,339.0,332.0,335.0,336.0,331.0,338.0,335.0,330.0,337.0,332.0,337.0,336.0,329.0,337.0,335.0,333.0,339.0,329.0,336.0,336.0,332.0,336.0,334.0,331.0,338.0,331.0,336.0,337.0,331.0,340.0,335.0,332.0,338.0,333.0,337.0,338.0,330.0,336.0,336.0,331.0,337.0,329.0,335.0,335.0,330.0,337.0,336.0,333.0,339.0,333.0,336.0,336.0,324.0,336.0,337.0,335.0,335.0,329.0,335.0,334.0,333.0,339.0,333.0,331.0,340.0,333.0,337.0,336.0,327.0,338.0,334.0,326.0,339.0,330.0,335.0,337.0,333.0,335.0,334.0,332.0,336.0,332.0,338.0,335.0,332.0,338.0,335.0,331.0,338.0,329.0,335.0,336.0,331.0,339.0,336.0,331.0,340.0,335.0,337.0,335.0,328.0,338.0,336.0,333.0,341.0,327.0,336.0,337.0,333.0,339.0,333.0,328.0,339.0,331.0,337.0,336.0,331.0,339.0,333.0,331.0,338.0,328.0,339.0,336.0,331.0,338.0,335.0,331.0,342.0,331.0,336.0,338.0,334.0,340.0,334.0,331.0,340.0,332.0,337.0,336.0,326.0,340.0,335.0,334.0,344.0,333.0,338.0,341.0,331.0,340.0,335.0,334.0,341.0,333.0,335.0,335.0
Nombre,2025-10-02 18:11:07.148844,421.0,418.0,334.0,328.0,337.0,328.0,335.0,335.0,329.0,338.0,335.0,329.0,336.0,331.0,336.0,337.0,328.0,336.0,333.0,332.0,341.0,325.0,336.0,335.0,329.0,339.0,331.0,330.0,336.0,332.0,336.0,335.0,332.0,336.0,333.0,331.0,335.0,334.0,336.0,335.0,330.0,334.0,334.0,330.0,342.0,330.0,333.0,336.0,332.0,338.0,337.0,331.0,337.0,330.0,336.0,335.0,322.0,338.0,334.0,333.0,338.0,329.0,336.0,335.0,335.0,337.0,332.0,333.0,337.0,335.0,335.0,336.0,332.0,336.0,333.0,328.0,337.0,330.0,336.0,339.0,328.0,338.0,336.0,328.0,339.0,333.0,334.0,335.0,330.0,336.0,335.0,334.0,337.0,334.0,335.0,335.0,330.0,340.0,335.0,334.0,339.0,334.0,335.0,336.0,330.0,335.0,336.0,332.0,340.0,333.0,336.0,337.0,336.0,336.0,333.0,327.0,340.0,335.0,338.0,337.0,328.0,337.0,335.0,334.0,339.0,325.0,337.0,338.0,334.0,337.0,334.0,331.0,340.0,332.0,336.0,336.0,330.0,339.0,336.0,329.0,336.0,332.0,337.0,336.0,330.0,336.0,336.0,334.0,341.0,329.0,336.0,335.0,330.0,336.0,334.0,329.0,339.0,331.0,336.0,337.0,332.0,339.0,335.0,332.0,337.0,335.0,337.0,337.0,331.0,335.0,336.0,332.0,338.0,329.0,335.0,334.0,331.0,337.0,336.0,333.0,338.0,334.0,336.0,336.0,326.0,336.0,337.0,334.0,335.0,329.0,335.0,334.0,331.0,340.0,334.0,332.0,340.0,334.0,337.0,336.0,328.0,338.0,333.0,325.0,339.0,331.0,334.0,337.0,334.0,336.0,334.0,332.0,337.0,333.0,339.0,335.0,333.0,339.0,335.0,330.0,339.0,329.0,336.0,336.0,330.0,338.0,336.0,332.0,340.0,336.0,338.0,335.0,329.0,337.0,336.0,334.0,342.0,327.0,337.0,337.0,334.0,340.0,334.0,329.0,340.0,333.0,337.0,336.0,332.0,338.0,334.0,332.0,338.0,331.0,340.0,336.0,331.0,338.0,336.0,333.0,343.0,332.0,336.0,337.0,334.0,341.0,334.0,331.0,341.0,333.0,338.0,337.0,326.0,339.0,335.0,333.0,343.0,332.0,339.0,340.0,331.0,340.0,335.0,334.0,339.0,332.0,335.0,336.0
Nombre,2025-10-02 18:11:25.360963,413.0,413.0,412.0,399.0,399.0,386.0,387.0,386.0,377.0,383.0,372.0,366.0,374.0,367.0,370.0,369.0,359.0,368.0,362.0,360.0,367.0,353.0,362.0,364.0,353.0,366.0,364.0,355.0,365.0,359.0,365.0,361.0,357.0,361.0,358.0,369.0,391.0,401.0,424.0,403.0,385.0,376.0,367.0,358.0,368.0,356.0,357.0,367.0,362.0,367.0,368.0,364.0,368.0,363.0,367.0,365.0,355.0,370.0,360.0,361.0,368.0,354.0,366.0,365.0,363.0,366.0,363.0,359.0,367.0,367.0,364.0,362.0,363.0,364.0,360.0,359.0,370.0,366.0,366.0,372.0,371.0,405.0,439.0,450.0,473.0,469.0,466.0,457.0,453.0,494.0,623.0,741.0,816.0,809.0,757.0,709.0,667.0,642.0,579.0,515.0,461.0,405.0,381.0,370.0,362.0,365.0,367.0,357.0,369.0,359.0,366.0,365.0,365.0,367.0,362.0,361.0,369.0,360.0,369.0,363.0,356.0,369.0,363.0,361.0,368.0,355.0,366.0,367.0,365.0,368.0,364.0,364.0,377.0,375.0,385.0,401.0,425.0,485.0,593.0,812.0,1191.0,1733.0,2358.0,2747.0,2911.0,2961.0,2855.0,2666.0,2447.0,2097.0,1686.0,1288.0,952.0,731.0,581.0,490.0,459.0,416.0,408.0,398.0,381.0,384.0,380.0,373.0,383.0,374.0,379.0,378.0,367.0,368.0,364.0,357.0,367.0,357.0,362.0,362.0,355.0,367.0,366.0,356.0,368.0,361.0,364.0,365.0,354.0,366.0,365.0,362.0,363.0,354.0,362.0,361.0,356.0,368.0,357.0,357.0,366.0,359.0,366.0,365.0,356.0,368.0,358.0,354.0,367.0,355.0,361.0,367.0,359.0,362.0,360.0,357.0,364.0,359.0,367.0,363.0,363.0,368.0,367.0,364.0,372.0,360.0,368.0,367.0,361.0,370.0,364.0,358.0,371.0,369.0,369.0,364.0,357.0,368.0,366.0,367.0,376.0,359.0,370.0,367.0,366.0,372.0,367.0,362.0,373.0,367.0,370.0,370.0,366.0,379.0,374.0,371.0,383.0,375.0,393.0,385.0,381.0,390.0,382.0,379.0,391.0,376.0,381.0,382.0,379.0,387.0,374.0,370.0,384.0,370.0,383.0,382.0,369.0,384.0,384.0,381.0,390.0,374.0,389.0,387.0,379.0,395.0,389.0,382.0,394.0,381.0,385.0,383.0
Nombre,2025-10-02 18:12:00.325049,415.0,413.0,419.0,404.0,408.0,390.0,393.0,391.0,380.0,386.0,376.0,368.0,377.0,369.0,370.0,372.0,360.0,370.0,363.0,363.0,369.0,355.0,367.0,366.0,353.0,369.0,365.0,358.0,367.0,361.0,367.0,366.0,360.0,363.0,363.0,372.0,394.0,406.0,425.0,403.0,385.0,378.0,368.0,361.0,371.0,360.0,360.0,368.0,365.0,369.0,368.0,366.0,369.0,366.0,369.0,367.0,355.0,370.0,364.0,363.0,371.0,356.0,367.0,366.0,365.0,369.0,365.0,363.0,368.0,369.0,366.0,365.0,366.0,366.0,365.0,363.0,373.0,367.0,369.0,377.0,378.0,420.0,454.0,469.0,497.0,492.0,488.0,474.0,472.0,534.0,682.0,811.0,895.0,880.0,813.0,754.0,695.0,656.0,576.0,504.0,453.0,401.0,381.0,372.0,363.0,368.0,369.0,362.0,369.0,363.0,367.0,366.0,367.0,368.0,364.0,365.0,370.0,364.0,369.0,365.0,359.0,370.0,365.0,363.0,369.0,357.0,366.0,370.0,368.0,371.0,367.0,365.0,381.0,379.0,390.0,408.0,431.0,500.0,612.0,847.0,1241.0,1784.0,2367.0,2712.0,2867.0,2889.0,2767.0,2579.0,2358.0,1999.0,1606.0,1226.0,909.0,707.0,569.0,486.0,457.0,416.0,408.0,399.0,382.0,385.0,382.0,375.0,383.0,377.0,379.0,378.0,368.0,370.0,366.0,361.0,368.0,361.0,366.0,364.0,356.0,368.0,367.0,360.0,370.0,364.0,368.0,366.0,355.0,367.0,367.0,366.0,365.0,357.0,362.0,363.0,360.0,369.0,360.0,359.0,368.0,361.0,368.0,366.0,359.0,371.0,363.0,355.0,370.0,356.0,364.0,368.0,363.0,365.0,365.0,360.0,366.0,364.0,369.0,366.0,366.0,371.0,368.0,367.0,376.0,364.0,369.0,367.0,365.0,373.0,368.0,364.0,375.0,370.0,373.0,368.0,363.0,370.0,369.0,370.0,380.0,362.0,374.0,371.0,368.0,376.0,370.0,366.0,379.0,369.0,375.0,374.0,369.0,383.0,380.0,379.0,388.0,382.0,399.0,390.0,386.0,395.0,386.0,384.0,398.0,382.0,387.0,387.0,384.0,392.0,383.0,377.0,389.0,380.0,390.0,387.0,377.0,393.0,392.0,386.0,398.0,384.0,398.0,399.0,389.0,402.0,396.0,392.0,402.0,391.0,395.0,395.0
Nombre,2025-10-02 18:12:45.240742,415.0,412.0,392.0,380.0,385.0,370.0,373.0,374.0,367.0,373.0,365.0,357.0,367.0,359.0,365.0,366.0,352.0,364.0,353.0,353.0,365.0,349.0,360.0,360.0,348.0,364.0,359.0,351.0,362.0,357.0,361.0,359.0,355.0,358.0,365.0,391.0,449.0,494.0,528.0,489.0,432.0,398.0,371.0,359.0,368.0,355.0,356.0,366.0,361.0,367.0,368.0,363.0,367.0,364.0,367.0,366.0,353.0,369.0,360.0,360.0,367.0,355.0,366.0,366.0,363.0,367.0,363.0,362.0,367.0,368.0,364.0,365.0,363.0,364.0,363.0,363.0,376.0,371.0,379.0,403.0,466.0,643.0,854.0,1009.0,1098.0,1111.0,1064.0,988.0,991.0,1312.0,2137.0,2795.0,3121.0,3075.0,2769.0,2414.0,2049.0,1687.0,1258.0,901.0,683.0,513.0,429.0,396.0,372.0,370.0,369.0,357.0,367.0,358.0,363.0,362.0,363.0,365.0,358.0,357.0,366.0,359.0,367.0,361.0,352.0,365.0,358.0,356.0,365.0,350.0,363.0,365.0,362.0,367.0,361.0,359.0,373.0,369.0,384.0,399.0,422.0,484.0,591.0,812.0,1190.0,1728.0,2303.0,2652.0,2816.0,2830.0,2685.0,2472.0,2244.0,1896.0,1510.0,1154.0,856.0,665.0,539.0,465.0,440.0,401.0,399.0,391.0,377.0,383.0,381.0,375.0,390.0,383.0,384.0,382.0,368.0,367.0,361.0,353.0,364.0,353.0,359.0,358.0,350.0,364.0,360.0,353.0,364.0,356.0,359.0,360.0,348.0,361.0,360.0,359.0,357.0,349.0,356.0,355.0,352.0,363.0,353.0,352.0,363.0,354.0,360.0,359.0,352.0,364.0,355.0,350.0,364.0,349.0,356.0,360.0,354.0,359.0,355.0,351.0,359.0,357.0,366.0,361.0,360.0,367.0,366.0,362.0,372.0,361.0,367.0,365.0,361.0,370.0,363.0,357.0,371.0,368.0,369.0,363.0,357.0,367.0,363.0,366.0,371.0,353.0,368.0,365.0,359.0,368.0,362.0,356.0,368.0,365.0,368.0,370.0,367.0,386.0,389.0,395.0,410.0,407.0,430.0,420.0,415.0,420.0,406.0,398.0,407.0,388.0,387.0,384.0,378.0,382.0,370.0,365.0,374.0,364.0,372.0,370.0,360.0,373.0,371.0,368.0,376.0,362.0,374.0,375.0,364.0,380.0,371.0,366.0,380.0,366.0,367.0,368.0
Nombre,2025-10-02 18:14:13.447416,415.0,414.0,391.0,379.0,385.0,369.0,373.0,373.0,367.0,372.0,364.0,356.0,367.0,359.0,365.0,366.0,351.0,363.0,355.0,355.0,365.0,349.0,360.0,357.0,347.0,366.0,360.0,350.0,359.0,354.0,359.0,357.0,353.0,357.0,360.0,382.0,431.0,455.0,482.0,446.0,405.0,386.0,367.0,356.0,368.0,353.0,354.0,364.0,360.0,367.0,366.0,361.0,366.0,361.0,366.0,364.0,351.0,367.0,360.0,360.0,368.0,352.0,366.0,363.0,362.0,365.0,359.0,360.0,366.0,367.0,362.0,362.0,361.0,363.0,363.0,358.0,372.0,368.0,371.0,396.0,447.0,591.0,753.0,858.0,922.0,925.0,886.0,835.0,839.0,1125.0,1779.0,2301.0,2605.0,2508.0,2201.0,1923.0,1625.0,1341.0,989.0,739.0,581.0,457.0,404.0,383.0,367.0,367.0,367.0,356.0,367.0,358.0,364.0,361.0,362.0,366.0,355.0,356.0,365.0,358.0,366.0,360.0,351.0,366.0,359.0,356.0,363.0,349.0,360.0,365.0,361.0,365.0,358.0,355.0,370.0,367.0,376.0,392.0,406.0,461.0,552.0,729.0,1028.0,1454.0,1880.0,2140.0,2252.0,2243.0,2117.0,1944.0,1760.0,1477.0,1184.0,915.0,705.0,574.0,484.0,434.0,419.0,389.0,387.0,384.0,369.0,379.0,374.0,370.0,382.0,375.0,378.0,374.0,362.0,366.0,358.0,354.0,364.0,351.0,356.0,357.0,349.0,362.0,357.0,352.0,365.0,357.0,359.0,359.0,349.0,361.0,358.0,357.0,358.0,349.0,356.0,355.0,351.0,364.0,353.0,354.0,362.0,355.0,360.0,359.0,351.0,366.0,355.0,347.0,364.0,348.0,356.0,360.0,355.0,358.0,356.0,353.0,358.0,356.0,365.0,359.0,360.0,367.0,367.0,364.0,370.0,358.0,367.0,365.0,362.0,368.0,363.0,357.0,369.0,367.0,367.0,362.0,354.0,366.0,363.0,364.0,371.0,354.0,368.0,365.0,360.0,368.0,362.0,355.0,370.0,365.0,367.0,368.0,367.0,383.0,383.0,387.0,401.0,398.0,416.0,407.0,400.0,406.0,396.0,389.0,399.0,380.0,382.0,380.0,374.0,381.0,367.0,364.0,373.0,364.0,370.0,369.0,357.0,370.0,371.0,368.0,374.0,362.0,373.0,372.0,367.0,379.0,372.0,366.0,378.0,367.0,368.0,368.0
Nombre,2025-10-02 18:14:31.851296,413.0,413.0,397.0,385.0,390.0,374.0,377.0,376.0,368.0,374.0,367.0,360.0,368.0,361.0,366.0,367.0,355.0,366.0,358.0,356.0,366.0,352.0,360.0,362.0,349.0,365.0,363.0,352.0,363.0,355.0,362.0,360.0,355.0,358.0,363.0,391.0,447.0,492.0,526.0,485.0,431.0,400.0,371.0,360.0,369.0,356.0,357.0,367.0,363.0,368.0,367.0,363.0,368.0,364.0,367.0,367.0,353.0,369.0,363.0,362.0,369.0,355.0,368.0,366.0,365.0,367.0,363.0,362.0,368.0,370.0,366.0,364.0,365.0,364.0,365.0,363.0,378.0,371.0,380.0,402.0,470.0,649.0,865.0,1011.0,1106.0,1115.0,1071.0,993.0,1000.0,1325.0,2162.0,2810.0,3129.0,3075.0,2769.0,2410.0,2043.0,1681.0,1245.0,895.0,675.0,505.0,428.0,395.0,371.0,371.0,369.0,357.0,367.0,361.0,366.0,364.0,366.0,367.0,360.0,358.0,367.0,360.0,367.0,362.0,356.0,366.0,360.0,359.0,368.0,352.0,364.0,367.0,362.0,368.0,361.0,361.0,374.0,372.0,383.0,400.0,425.0,488.0,595.0,819.0,1200.0,1737.0,2310.0,2654.0,2809.0,2821.0,2683.0,2465.0,2243.0,1888.0,1498.0,1148.0,854.0,661.0,539.0,463.0,441.0,402.0,398.0,391.0,379.0,384.0,384.0,378.0,389.0,384.0,387.0,382.0,369.0,368.0,363.0,355.0,365.0,355.0,360.0,358.0,352.0,362.0,363.0,353.0,366.0,359.0,360.0,361.0,350.0,362.0,361.0,359.0,359.0,352.0,355.0,358.0,354.0,365.0,353.0,355.0,364.0,357.0,361.0,361.0,352.0,366.0,356.0,349.0,364.0,352.0,356.0,362.0,357.0,360.0,357.0,355.0,362.0,358.0,366.0,363.0,362.0,368.0,368.0,365.0,373.0,362.0,369.0,367.0,365.0,371.0,364.0,360.0,373.0,369.0,370.0,364.0,357.0,367.0,366.0,367.0,373.0,356.0,369.0,367.0,362.0,369.0,364.0,359.0,371.0,367.0,370.0,372.0,369.0,389.0,390.0,396.0,414.0,411.0,431.0,421.0,415.0,422.0,408.0,401.0,407.0,387.0,388.0,384.0,380.0,384.0,371.0,365.0,375.0,364.0,373.0,371.0,360.0,372.0,374.0,368.0,377.0,363.0,378.0,377.0,367.0,380.0,372.0,369.0,382.0,368.0,369.0,369.0
Nombre,2025-10-02 18:15:05.559223,413.0,412.0,399.0,387.0,389.0,375.0,377.0,377.0,369.0,376.0,368.0,359.0,369.0,361.0,365.0,367.0,354.0,365.0,356.0,356.0,365.0,350.0,360.0,361.0,349.0,365.0,360.0,352.0,363.0,356.0,361.0,358.0,356.0,358.0,361.0,378.0,415.0,441.0,466.0,436.0,402.0,382.0,368.0,357.0,367.0,356.0,356.0,365.0,360.0,367.0,367.0,364.0,368.0,363.0,366.0,365.0,353.0,369.0,360.0,359.0,368.0,354.0,366.0,365.0,364.0,366.0,361.0,359.0,367.0,368.0,363.0,362.0,362.0,364.0,362.0,360.0,372.0,368.0,371.0,392.0,432.0,556.0,703.0,799.0,860.0,864.0,832.0,786.0,785.0,1004.0,1581.0,2065.0,2354.0,2297.0,2016.0,1761.0,1494.0,1243.0,936.0,706.0,570.0,454.0,402.0,382.0,367.0,367.0,369.0,357.0,367.0,358.0,365.0,364.0,365.0,366.0,358.0,358.0,366.0,359.0,367.0,360.0,353.0,365.0,360.0,357.0,366.0,351.0,362.0,366.0,359.0,366.0,359.0,357.0,370.0,367.0,374.0,386.0,398.0,444.0,511.0,653.0,899.0,1252.0,1640.0,1879.0,1999.0,2005.0,1900.0,1752.0,1602.0,1356.0,1106.0,868.0,677.0,560.0,472.0,427.0,417.0,386.0,385.0,380.0,369.0,377.0,376.0,369.0,382.0,374.0,377.0,377.0,364.0,368.0,359.0,352.0,365.0,354.0,360.0,358.0,351.0,362.0,361.0,352.0,365.0,359.0,360.0,361.0,351.0,363.0,361.0,360.0,360.0,351.0,356.0,358.0,354.0,366.0,355.0,354.0,364.0,356.0,362.0,359.0,353.0,367.0,358.0,350.0,366.0,349.0,357.0,364.0,357.0,359.0,358.0,355.0,360.0,358.0,366.0,362.0,361.0,368.0,367.0,363.0,372.0,359.0,367.0,365.0,360.0,369.0,363.0,359.0,370.0,367.0,369.0,362.0,355.0,366.0,364.0,365.0,372.0,354.0,369.0,366.0,360.0,368.0,364.0,358.0,370.0,365.0,368.0,369.0,367.0,384.0,382.0,386.0,399.0,395.0,414.0,406.0,399.0,404.0,396.0,389.0,397.0,381.0,382.0,380.0,376.0,381.0,369.0,364.0,373.0,363.0,374.0,371.0,360.0,373.0,372.0,368.0,377.0,364.0,375.0,376.0,365.0,380.0,374.0,367.0,381.0,368.0,370.0,369.0
Nombre,2025-10-02 18:15:29.718152,413.0,413.0,392.0,382.0,384.0,371.0,374.0,376.0,368.0,372.0,365.0,357.0,368.0,359.0,366.0,365.0,351.0,365.0,355.0,354.0,365.0,349.0,360.0,358.0,349.0,366.0,359.0,351.0,360.0,355.0,363.0,357.0,354.0,357.0,361.0,383.0,430.0,461.0,485.0,452.0,411.0,386.0,368.0,355.0,368.0,354.0,354.0,364.0,360.0,366.0,366.0,362.0,367.0,362.0,366.0,363.0,351.0,367.0,359.0,359.0,367.0,353.0,365.0,365.0,362.0,366.0,362.0,360.0,367.0,368.0,363.0,362.0,360.0,364.0,363.0,360.0,372.0,368.0,372.0,393.0,441.0,585.0,749.0,860.0,928.0,934.0,901.0,839.0,840.0,1094.0,1751.0,2287.0,2604.0,2540.0,2231.0,1941.0,1649.0,1367.0,1027.0,765.0,601.0,467.0,407.0,385.0,367.0,368.0,367.0,354.0,367.0,357.0,364.0,362.0,363.0,366.0,355.0,359.0,366.0,356.0,365.0,359.0,352.0,366.0,358.0,356.0,365.0,350.0,361.0,365.0,360.0,366.0,358.0,355.0,370.0,366.0,374.0,386.0,401.0,451.0,528.0,688.0,967.0,1366.0,1801.0,2065.0,2189.0,2199.0,2071.0,1911.0,1743.0,1468.0,1187.0,922.0,712.0,578.0,485.0,432.0,419.0,386.0,385.0,382.0,370.0,378.0,375.0,369.0,382.0,375.0,379.0,377.0,365.0,366.0,360.0,353.0,362.0,354.0,358.0,356.0,350.0,362.0,360.0,352.0,364.0,358.0,362.0,362.0,348.0,361.0,358.0,358.0,359.0,350.0,355.0,355.0,354.0,364.0,353.0,353.0,362.0,354.0,359.0,359.0,353.0,365.0,355.0,349.0,362.0,349.0,355.0,363.0,356.0,358.0,355.0,352.0,359.0,356.0,365.0,360.0,360.0,367.0,366.0,364.0,370.0,359.0,367.0,365.0,360.0,369.0,361.0,358.0,372.0,366.0,368.0,362.0,355.0,365.0,363.0,365.0,371.0,354.0,368.0,366.0,359.0,368.0,361.0,356.0,368.0,364.0,368.0,368.0,365.0,383.0,382.0,386.0,401.0,398.0,417.0,408.0,401.0,406.0,398.0,392.0,399.0,381.0,382.0,380.0,373.0,381.0,368.0,364.0,373.0,360.0,371.0,371.0,357.0,369.0,371.0,367.0,375.0,359.0,373.0,372.0,363.0,378.0,370.0,366.0,379.0,366.0,368.0,367.0
Nombre,2025-10-02 19:27:20.832417,18.0,18.0,23.0,24.0,25.0,24.0,25.0,25.0,21.0,24.0,23.0,21.0,23.0,21.0,25.0,25.0,21.0,25.0,23.0,23.0,26.0,22.0,24.0,22.0,23.0,26.0,25.0,22.0,26.0,23.0,26.0,26.0,25.0,26.0,25.0,29.0,30.0,31.0,36.0,38.0,48.0,67.0,99.0,146.0,221.0,321.0,471.0,668.0,874.0,993.0,1002.0,1001.0,997.0,993.0,996.0,999.0,998.0,1001.0,1002.0,996.0,998.0,996.0,995.0,1000.0,995.0,997.0,1000.0,998.0,989.0,976.0,967.0,966.0,978.0,988.0,996.0,1000.0,999.0,996.0,997.0,1000.0,995.0,1000.0,999.0,1000.0,994.0,996.0,998.0,1000.0,999.0,1002.0,1002.0,993.0,1001.0,1000.0,999.0,999.0,1001.0,1001.0,990.0,990.0,999.0,997.0,995.0,998.0,1002.0,996.0,993.0,996.0,996.0,988.0,988.0,972.0,952.0,931.0,907.0,884.0,866.0,843.0,829.0,814.0,784.0,774.0,748.0,723.0,701.0,666.0,636.0,604.0,566.0,532.0,495.0,463.0,434.0,406.0,381.0,356.0,332.0,315.0,298.0,284.0,263.0,248.0,237.0,223.0,208.0,197.0,186.0,171.0,161.0,148.0,139.0,127.0,117.0,110.0,103.0,94.0,89.0,78.0,78.0,72.0,64.0,61.0,57.0,51.0,51.0,43.0,41.0,38.0,31.0,32.0,30.0,26.0,27.0,21.0,21.0,20.0,16.0,19.0,17.0,13.0,17.0,13.0,13.0,13.0,8.0,11.0,11.0,10.0,10.0,6.0,7.0,8.0,5.0,8.0,4.0,3.0,7.0,5.0,6.0,4.0,3.0,5.0,5.0,2.0,7.0,2.0,4.0,5.0,3.0,4.0,2.0,1.0,4.0,4.0,6.0,3.0,3.0,5.0,3.0,3.0,5.0,1.0,4.0,3.0,2.0,6.0,2.0,0.0,4.0,3.0,3.0,3.0,0.0,3.0,2.0,3.0,6.0,0.0,3.0,3.0,3.0,3.0,3.0,1.0,5.0,3.0,3.0,4.0,3.0,5.0,3.0,3.0,5.0,1.0,7.0,3.0,2.0,3.0,3.0,2.0,7.0,3.0,4.0,3.0,2.0,3.0,2.0,1.0,4.0,1.0,3.0,3.0,0.0,3.0,2.0,3.0,5.0,1.0,3.0,3.0,0.0,6.0,2.0,2.0,5.0,1.0,2.0,1.0
Nombre,2025-10-02 19:27:32.417016,141.0,134.0,18.0,15.0,21.0,14.0,21.0,21.0,10.0,28.0,15.0,12.0,23.0,14.0,23.0,36.0,10.0,27.0,14.0,17.0,31.0,12.0,21.0,15.0,8.0,33.0,20.0,12.0,18.0,17.0,18.0,15.0,12.0,18.0,15.0,14.0,18.0,17.0,24.0,24.0,18.0,40.0,34.0,41.0,74.0,79.0,113.0,172.0,226.0,333.0,455.0,601.0,815.0,1022.0,1197.0,1252.0,1221.0,1121.0,958.0,808.0,716.0,591.0,546.0,475.0,413.0,361.0,311.0,294.0,266.0,258.0,263.0,245.0,253.0,266.0,283.0,294.0,330.0,328.0,360.0,376.0,369.0,397.0,402.0,397.0,415.0,413.0,436.0,429.0,413.0,446.0,451.0,429.0,429.0,420.0,419.0,412.0,396.0,407.0,390.0,370.0,380.0,351.0,366.0,344.0,327.0,334.0,321.0,295.0,299.0,283.0,266.0,259.0,246.0,246.0,234.0,214.0,226.0,213.0,219.0,206.0,184.0,198.0,191.0,175.0,177.0,147.0,157.0,152.0,135.0,129.0,128.0,111.0,113.0,103.0,102.0,93.0,85.0,87.0,82.0,72.0,83.0,61.0,82.0,69.0,60.0,60.0,56.0,51.0,60.0,37.0,46.0,56.0,36.0,47.0,40.0,28.0,47.0,27.0,31.0,38.0,21.0,40.0,28.0,21.0,36.0,18.0,34.0,30.0,14.0,24.0,21.0,14.0,33.0,11.0,15.0,20.0,14.0,21.0,17.0,12.0,28.0,14.0,15.0,21.0,4.0,15.0,27.0,14.0,18.0,14.0,21.0,14.0,14.0,23.0,14.0,11.0,23.0,14.0,17.0,14.0,0.0,21.0,14.0,11.0,20.0,14.0,14.0,18.0,14.0,17.0,14.0,11.0,25.0,14.0,21.0,14.0,10.0,23.0,14.0,14.0,23.0,14.0,14.0,21.0,7.0,18.0,14.0,8.0,21.0,18.0,15.0,14.0,10.0,23.0,14.0,12.0,28.0,5.0,20.0,17.0,14.0,21.0,14.0,8.0,23.0,8.0,21.0,17.0,14.0,21.0,15.0,15.0,18.0,12.0,23.0,20.0,14.0,23.0,14.0,14.0,33.0,10.0,14.0,21.0,14.0,27.0,14.0,14.0,15.0,15.0,24.0,21.0,5.0,34.0,17.0,14.0,24.0,7.0,24.0,20.0,7.0,18.0,14.0,14.0,31.0,12.0,15.0,15.0
Nombre,2025-10-02 21:33:07.516626,3592.0,3631.0,276.0,276.0,473.0,276.0,355.0,355.0,276.0,710.0,276.0,236.0,671.0,236.0,315.0,355.0,236.0,552.0,276.0,276.0,552.0,236.0,394.0,355.0,276.0,750.0,473.0,276.0,552.0,276.0,434.0,473.0,276.0,473.0,276.0,197.0,473.0,276.0,671.0,276.0,276.0,473.0,276.0,236.0,631.0,236.0,197.0,473.0,276.0,552.0,394.0,276.0,473.0,394.0,671.0,315.0,118.0,631.0,473.0,355.0,552.0,197.0,434.0,276.0,276.0,552.0,236.0,276.0,513.0,473.0,315.0,355.0,276.0,394.0,276.0,276.0,552.0,276.0,434.0,710.0,157.0,513.0,671.0,118.0,631.0,315.0,394.0,315.0,315.0,236.0,355.0,473.0,750.0,276.0,394.0,473.0,315.0,473.0,315.0,276.0,710.0,276.0,394.0,473.0,315.0,513.0,473.0,236.0,671.0,473.0,473.0,473.0,552.0,552.0,473.0,315.0,789.0,355.0,710.0,355.0,236.0,513.0,315.0,197.0,868.0,0.0,434.0,473.0,355.0,315.0,276.0,276.0,710.0,315.0,315.0,671.0,315.0,828.0,355.0,78.0,473.0,276.0,631.0,710.0,276.0,513.0,394.0,315.0,710.0,39.0,394.0,631.0,276.0,355.0,394.0,276.0,473.0,197.0,394.0,592.0,276.0,631.0,592.0,276.0,394.0,394.0,552.0,671.0,276.0,631.0,315.0,197.0,789.0,276.0,315.0,276.0,276.0,671.0,552.0,236.0,552.0,434.0,394.0,276.0,157.0,394.0,513.0,355.0,394.0,236.0,394.0,434.0,355.0,513.0,315.0,276.0,671.0,276.0,473.0,552.0,276.0,552.0,276.0,39.0,710.0,0.0,394.0,552.0,315.0,276.0,315.0,276.0,513.0,276.0,750.0,394.0,394.0,513.0,473.0,276.0,789.0,197.0,394.0,355.0,118.0,828.0,315.0,276.0,828.0,513.0,513.0,355.0,157.0,631.0,355.0,315.0,513.0,276.0,552.0,592.0,276.0,552.0,315.0,315.0,789.0,276.0,394.0,315.0,276.0,671.0,276.0,276.0,513.0,315.0,868.0,473.0,315.0,789.0,315.0,276.0,828.0,394.0,750.0,710.0,355.0,789.0,355.0,276.0,828.0,394.0,631.0,789.0,197.0,710.0,552.0,592.0,671.0,276.0,907.0,671.0,315.0,710.0,710.0,394.0,947.0,315.0,631.0,394.0
Nombre,2025-10-02 21:33:23.911113,68.0,62.0,11.0,6.0,15.0,7.0,10.0,9.0,8.0,14.0,9.0,10.0,10.0,9.0,12.0,13.0,8.0,17.0,9.0,9.0,17.0,8.0,9.0,11.0,8.0,17.0,8.0,8.0,9.0,11.0,12.0,10.0,8.0,11.0,10.0,10.0,11.0,13.0,16.0,14.0,13.0,25.0,29.0,41.0,63.0,78.0,116.0,167.0,229.0,329.0,451.0,621.0,839.0,1025.0,1190.0,1251.0,1214.0,1102.0,952.0,800.0,689.0,581.0,512.0,445.0,376.0,333.0,288.0,257.0,245.0,235.0,222.0,231.0,236.0,240.0,251.0,262.0,285.0,291.0,311.0,331.0,328.0,343.0,352.0,350.0,368.0,360.0,376.0,380.0,386.0,390.0,388.0,381.0,385.0,372.0,372.0,366.0,350.0,348.0,337.0,323.0,327.0,304.0,302.0,295.0,284.0,275.0,270.0,258.0,253.0,242.0,234.0,225.0,210.0,212.0,196.0,183.0,191.0,177.0,173.0,163.0,147.0,150.0,137.0,136.0,136.0,114.0,115.0,113.0,103.0,100.0,86.0,83.0,83.0,72.0,71.0,68.0,61.0,65.0,54.0,51.0,51.0,42.0,42.0,43.0,35.0,39.0,35.0,29.0,35.0,27.0,29.0,27.0,26.0,25.0,21.0,19.0,29.0,17.0,18.0,18.0,14.0,21.0,14.0,11.0,17.0,15.0,14.0,17.0,9.0,11.0,13.0,9.0,15.0,8.0,10.0,11.0,9.0,13.0,9.0,8.0,16.0,8.0,11.0,9.0,5.0,11.0,15.0,10.0,11.0,6.0,8.0,9.0,7.0,12.0,8.0,7.0,12.0,8.0,11.0,10.0,7.0,17.0,8.0,5.0,13.0,8.0,9.0,10.0,7.0,13.0,7.0,7.0,9.0,8.0,11.0,8.0,8.0,11.0,11.0,8.0,13.0,8.0,9.0,11.0,6.0,13.0,9.0,7.0,14.0,11.0,10.0,8.0,2.0,11.0,9.0,8.0,12.0,0.0,11.0,9.0,8.0,15.0,10.0,6.0,10.0,8.0,15.0,11.0,8.0,13.0,9.0,8.0,14.0,4.0,15.0,9.0,8.0,11.0,8.0,7.0,16.0,6.0,9.0,9.0,9.0,15.0,8.0,7.0,13.0,7.0,15.0,9.0,4.0,13.0,9.0,9.0,16.0,7.0,15.0,11.0,5.0,12.0,8.0,8.0,15.0,7.0,8.0,10.0
Nombre,2025-10-02 21:33:28.193224,3126.0,3157.0,378.0,126.0,473.0,221.0,442.0,442.0,157.0,536.0,378.0,378.0,442.0,410.0,410.0,568.0,94.0,442.0,378.0,284.0,600.0,31.0,442.0,284.0,252.0,473.0,284.0,126.0,568.0,442.0,442.0,410.0,347.0,536.0,410.0,347.0,442.0,315.0,442.0,442.0,221.0,410.0,252.0,410.0,631.0,284.0,410.0,442.0,347.0,631.0,442.0,442.0,536.0,347.0,442.0,442.0,0.0,473.0,410.0,347.0,568.0,378.0,442.0,473.0,442.0,442.0,442.0,410.0,442.0,442.0,442.0,442.0,252.0,505.0,347.0,378.0,442.0,221.0,442.0,600.0,284.0,600.0,378.0,221.0,663.0,442.0,442.0,378.0,94.0,442.0,505.0,442.0,442.0,442.0,442.0,347.0,347.0,631.0,442.0,442.0,505.0,442.0,442.0,410.0,410.0,473.0,505.0,94.0,663.0,347.0,442.0,442.0,473.0,442.0,442.0,252.0,757.0,347.0,442.0,505.0,284.0,505.0,410.0,378.0,631.0,221.0,442.0,473.0,410.0,473.0,473.0,221.0,631.0,378.0,442.0,442.0,157.0,663.0,442.0,221.0,600.0,347.0,473.0,410.0,378.0,473.0,442.0,252.0,536.0,284.0,442.0,473.0,378.0,442.0,442.0,221.0,505.0,252.0,442.0,505.0,347.0,631.0,442.0,442.0,473.0,284.0,442.0,473.0,284.0,442.0,442.0,157.0,568.0,284.0,442.0,442.0,284.0,631.0,473.0,410.0,568.0,347.0,473.0,442.0,94.0,410.0,536.0,442.0,442.0,315.0,410.0,442.0,221.0,631.0,442.0,378.0,505.0,410.0,505.0,442.0,189.0,536.0,378.0,252.0,600.0,284.0,442.0,442.0,221.0,347.0,347.0,378.0,505.0,347.0,536.0,442.0,347.0,473.0,442.0,284.0,505.0,252.0,378.0,442.0,347.0,473.0,442.0,284.0,631.0,442.0,473.0,442.0,284.0,600.0,410.0,442.0,600.0,189.0,442.0,442.0,378.0,410.0,284.0,221.0,505.0,252.0,473.0,473.0,284.0,568.0,442.0,347.0,505.0,284.0,757.0,473.0,347.0,410.0,442.0,347.0,757.0,284.0,442.0,505.0,347.0,536.0,410.0,347.0,631.0,410.0,505.0,473.0,126.0,568.0,442.0,442.0,663.0,252.0,568.0,600.0,221.0,600.0,442.0,442.0,631.0,252.0,442.0,410.0
Nombre,2025-10-02 21:33:36.755383,38.0,35.0,6.0,3.0,8.0,2.0,6.0,4.0,2.0,8.0,6.0,3.0,6.0,5.0,8.0,7.0,3.0,5.0,4.0,3.0,10.0,3.0,7.0,7.0,4.0,9.0,5.0,3.0,4.0,4.0,8.0,7.0,5.0,8.0,4.0,3.0,8.0,8.0,7.0,8.0,12.0,16.0,22.0,35.0,59.0,80.0,117.0,168.0,240.0,346.0,482.0,655.0,860.0,1038.0,1155.0,1211.0,1181.0,1102.0,970.0,824.0,719.0,613.0,538.0,465.0,399.0,349.0,303.0,272.0,258.0,243.0,237.0,232.0,240.0,252.0,258.0,273.0,303.0,311.0,328.0,343.0,344.0,358.0,367.0,372.0,377.0,382.0,391.0,401.0,405.0,413.0,411.0,402.0,401.0,396.0,395.0,386.0,371.0,371.0,357.0,349.0,338.0,328.0,322.0,309.0,296.0,290.0,276.0,268.0,258.0,248.0,236.0,233.0,224.0,207.0,204.0,190.0,192.0,180.0,175.0,165.0,153.0,152.0,142.0,135.0,135.0,120.0,118.0,110.0,100.0,97.0,89.0,80.0,79.0,72.0,66.0,63.0,57.0,59.0,49.0,47.0,48.0,40.0,40.0,39.0,30.0,34.0,30.0,24.0,28.0,23.0,22.0,22.0,17.0,19.0,17.0,14.0,18.0,11.0,15.0,13.0,12.0,14.0,11.0,8.0,13.0,7.0,10.0,9.0,7.0,7.0,8.0,6.0,8.0,3.0,6.0,4.0,3.0,6.0,6.0,4.0,9.0,4.0,6.0,4.0,1.0,4.0,6.0,2.0,4.0,2.0,2.0,2.0,3.0,7.0,4.0,2.0,6.0,4.0,6.0,5.0,1.0,6.0,3.0,0.0,6.0,2.0,4.0,4.0,2.0,2.0,2.0,2.0,4.0,2.0,5.0,3.0,2.0,6.0,2.0,2.0,3.0,0.0,2.0,3.0,2.0,4.0,2.0,2.0,6.0,3.0,4.0,3.0,2.0,5.0,5.0,3.0,6.0,1.0,4.0,3.0,3.0,7.0,2.0,2.0,4.0,2.0,5.0,4.0,3.0,5.0,2.0,1.0,6.0,2.0,7.0,3.0,2.0,6.0,3.0,2.0,7.0,2.0,2.0,4.0,4.0,6.0,2.0,2.0,4.0,3.0,6.0,5.0,1.0,5.0,3.0,3.0,8.0,2.0,5.0,5.0,1.0,4.0,3.0,2.0,7.0,2.0,2.0,2.0
