last,0,---,5468.0,6997.0,8773.0,10349.0,11398.0,11817.0,11620.0,10863.0,9749.0,8431.0,4699.0,4816.0,4881.0,4918.0,4969.0,5002.0,4943.0,4965.0,4925.0,4903.0,4849.0,4743.0,4736.0,4634.0,4572.0,4532.0,4437.0,4379.0,4306.0,4190.0,4161.0,4084.0,3989.0,3939.0,3822.0,3749.0,3669.0,3604.0,3538.0,3429.0,3349.0,3341.0,3243.0,3203.0,3138.0,3017.0,2999.0,2923.0,2839.0,2803.0,-,550.0,550.0,550.0,4647.0,4968.0,4943.0,4785.0,4495.0,4514.0,6230.0,9606.0,12326.0,13958.0,13292.0,11493.0,10059.0,8516.0,6870.0,4973.0,550.0,550.0,550.0,550.0,550.0,550.0,550.0,550.0,550.0,550.0,550.0,5604.0,7891.0,10039.0,11424.0,11922.0,11829.0,11055.0,10197.0,9221.0,7649.0,6067.0,4731.0,550.0,550.0,550.0,550.0,550.0,550.0,550.0,550.0
last,0,---,5462.0,6991.0,8775.0,10355.0,11410.0,11829.0,11607.0,10862.0,9749.0,8418.0,4696.0,4827.0,4896.0,4926.0,4973.0,5009.0,4951.0,4980.0,4922.0,4904.0,4860.0,4743.0,4747.0,4648.0,4579.0,4542.0,4444.0,4393.0,4309.0,4192.0,4167.0,4094.0,4010.0,3951.0,3834.0,3747.0,3674.0,3616.0,3550.0,3451.0,3356.0,3346.0,3247.0,3203.0,3141.0,3021.0,3003.0,2930.0,2846.0,2809.0,-,550.0,550.0,550.0,4663.0,4981.0,4971.0,4759.0,4512.0,4497.0,6261.0,9649.0,12377.0,13905.0,13224.0,11611.0,10078.0,8394.0,6776.0,4930.0,550.0,550.0,550.0,550.0,550.0,550.0,550.0,550.0,550.0,550.0,550.0,5596.0,7739.0,10028.0,11394.0,11868.0,11671.0,11001.0,10164.0,9115.0,7582.0,6105.0,4673.0,550.0,550.0,550.0,550.0,550.0,550.0,550.0,550.0
last,0,---,5445.0,6979.0,8750.0,10354.0,11412.0,11841.0,11634.0,10887.0,9733.0,8406.0,4706.0,4824.0,4890.0,4916.0,4972.0,5016.0,4961.0,4987.0,4927.0,4913.0,4861.0,4746.0,4743.0,4654.0,4591.0,4539.0,4447.0,4395.0,4314.0,4207.0,4166.0,4103.0,4007.0,3966.0,3829.0,3756.0,3693.0,3615.0,3548.0,3452.0,3364.0,3356.0,3264.0,3208.0,3160.0,3038.0,3024.0,2931.0,2865.0,2820.0,-,550.0,550.0,550.0,4641.0,4990.0,4940.0,4795.0,4476.0,4526.0,6196.0,9651.0,12437.0,14007.0,13255.0,11480.0,9995.0,8449.0,6884.0,4920.0,550.0,550.0,550.0,550.0,550.0,550.0,550.0,550.0,550.0,550.0,550.0,5677.0,7896.0,9985.0,11350.0,11919.0,11779.0,11086.0,10189.0,9207.0,7711.0,6066.0,4720.0,550.0,550.0,550.0,550.0,550.0,550.0,550.0,550.0
last,0,---,5459.0,6970.0,8749.0,10364.0,11421.0,11841.0,11629.0,10892.0,9724.0,8406.0,4715.0,4830.0,4890.0,4938.0,4979.0,5016.0,4964.0,4990.0,4934.0,4916.0,4867.0,4752.0,4759.0,4659.0,4596.0,4555.0,4454.0,4406.0,4331.0,4208.0,4179.0,4112.0,4015.0,3967.0,3844.0,3769.0,3687.0,3635.0,3565.0,3468.0,3382.0,3367.0,3274.0,3226.0,3166.0,3051.0,3029.0,2947.0,2872.0,2839.0,-,550.0,550.0,550.0,4666.0,5080.0,5018.0,4770.0,4547.0,4547.0,6310.0,9669.0,12351.0,14020.0,13188.0,11524.0,10005.0,8382.0,6826.0,4961.0,550.0,550.0,550.0,550.0,550.0,550.0,550.0,550.0,550.0,550.0,550.0,5633.0,7881.0,10041.0,11219.0,11870.0,11674.0,10981.0,10124.0,9100.0,7534.0,6051.0,4702.0,550.0,550.0,550.0,550.0,550.0,550.0,550.0,550.0
last,0,---,5457.0,6993.0,8783.0,10344.0,11406.0,11828.0,11613.0,10864.0,9754.0,8412.0,4704.0,4809.0,4886.0,4922.0,4962.0,5010.0,4955.0,4977.0,4919.0,4897.0,4850.0,4729.0,4737.0,4642.0,4577.0,4537.0,4435.0,4384.0,4300.0,4187.0,4151.0,4082.0,3991.0,3940.0,3816.0,3733.0,3674.0,3602.0,3540.0,3438.0,3358.0,3336.0,3238.0,3201.0,3136.0,3019.0,3005.0,2914.0,2845.0,2805.0,-,550.0,550.0,550.0,4778.0,5050.0,5034.0,4863.0,4495.0,4634.0,6276.0,9658.0,12404.0,13940.0,13209.0,11529.0,9967.0,8378.0,6772.0,4895.0,550.0,550.0,550.0,550.0,550.0,550.0,550.0,550.0,550.0,550.0,550.0,5594.0,7754.0,9807.0,11087.0,11524.0,11465.0,10724.0,9860.0,9002.0,7444.0,6020.0,4655.0,550.0,550.0,550.0,550.0,550.0,550.0,550.0,550.0
last,0,---,5465.0,6984.0,8768.0,10347.0,11400.0,11833.0,11620.0,10871.0,9748.0,8423.0,4701.0,4819.0,4881.0,4929.0,4966.0,5010.0,4958.0,4980.0,4925.0,4914.0,4848.0,4745.0,4742.0,4650.0,4588.0,4544.0,4444.0,4389.0,4316.0,4199.0,4154.0,4099.0,4004.0,3956.0,3831.0,3751.0,3681.0,3608.0,3549.0,3450.0,3358.0,3354.0,3255.0,3211.0,3152.0,3024.0,3017.0,2932.0,2848.0,2815.0,-,550.0,550.0,550.0,4780.0,5097.0,5097.0,4835.0,4588.0,4648.0,6368.0,9714.0,12364.0,13963.0,13125.0,11526.0,9954.0,8334.0,6691.0,4966.0,550.0,550.0,550.0,550.0,550.0,550.0,550.0,550.0,550.0,550.0,550.0,5683.0,7759.0,9746.0,10967.0,11564.0,11389.0,10688.0,9829.0,8914.0,7381.0,5952.0,4665.0,550.0,550.0,550.0,550.0,550.0,550.0,550.0,550.0
last,0,---,5458.0,6979.0,8765.0,10356.0,11416.0,11836.0,11626.0,10873.0,9740.0,8404.0,4713.0,4820.0,4897.0,4927.0,4982.0,5015.0,4960.0,4982.0,4927.0,4908.0,4860.0,4750.0,4746.0,4643.0,4587.0,4550.0,4443.0,4410.0,4325.0,4203.0,4170.0,4111.0,4004.0,3956.0,3842.0,3757.0,3694.0,3620.0,3550.0,3462.0,3373.0,3355.0,3262.0,3218.0,3159.0,3033.0,3026.0,2934.0,2864.0,2816.0,-,550.0,550.0,550.0,4793.0,5126.0,5006.0,4842.0,4580.0,4668.0,6295.0,9702.0,12464.0,13906.0,13136.0,11520.0,9953.0,8353.0,6721.0,4919.0,550.0,550.0,550.0,550.0,550.0,550.0,550.0,550.0,550.0,550.0,550.0,5536.0,7703.0,9696.0,10968.0,11411.0,11323.0,10734.0,9805.0,8850.0,7409.0,6005.0,4640.0,550.0,550.0,550.0,550.0,550.0,550.0,550.0,550.0
last,0,---,5448.0,6985.0,8759.0,10348.0,11409.0,11843.0,11639.0,10893.0,9724.0,8395.0,4713.0,4821.0,4895.0,4925.0,4984.0,5021.0,4955.0,4988.0,4929.0,4917.0,4865.0,4754.0,4754.0,4643.0,4591.0,4550.0,4457.0,4405.0,4316.0,4212.0,4179.0,4119.0,4019.0,3964.0,3837.0,3767.0,3693.0,3626.0,3563.0,3455.0,3377.0,3362.0,3269.0,3229.0,3166.0,3043.0,3032.0,2947.0,2865.0,2831.0,-,550.0,550.0,550.0,4778.0,5059.0,5048.0,4886.0,4588.0,4626.0,6320.0,9724.0,12353.0,13955.0,13122.0,11542.0,9989.0,8365.0,6758.0,4908.0,550.0,550.0,550.0,550.0,550.0,550.0,550.0,550.0,550.0,550.0,550.0,5627.0,7732.0,9870.0,11109.0,11688.0,11423.0,10730.0,10043.0,9004.0,7451.0,5974.0,4637.0,550.0,550.0,550.0,550.0,550.0,550.0,550.0,550.0
last,12.5,---,5471.0,7020.0,8800.0,10353.0,11395.0,11823.0,11596.0,10834.0,9756.0,8419.0,4680.0,4795.0,4863.0,4899.0,4950.0,4989.0,4932.0,4960.0,4888.0,4881.0,4835.0,4716.0,4712.0,4608.0,4558.0,4515.0,4414.0,4360.0,4281.0,4169.0,4137.0,4062.0,3965.0,3921.0,3803.0,3731.0,3652.0,3576.0,3519.0,3422.0,3332.0,3314.0,3224.0,3181.0,3116.0,3001.0,2976.0,2901.0,2821.0,2782.0,-,550.0,550.0,550.0,4666.0,4972.0,4885.0,4732.0,4483.0,4539.0,6200.0,9669.0,12389.0,13994.0,13225.0,11539.0,10026.0,8416.0,6785.0,4926.0,550.0,550.0,550.0,550.0,550.0,550.0,550.0,550.0,550.0,550.0,550.0,5609.0,7774.0,9898.0,11253.0,11737.0,11590.0,10943.0,10076.0,9139.0,7611.0,6031.0,4712.0,550.0,550.0,550.0,550.0,550.0,550.0,550.0,550.0
last,12.5,---,5485.0,7015.0,8789.0,10359.0,11402.0,11824.0,11604.0,10841.0,9743.0,8419.0,4686.0,4794.0,4870.0,4906.0,4956.0,4981.0,4931.0,4949.0,4898.0,4877.0,4830.0,4715.0,4715.0,4625.0,4560.0,4510.0,4423.0,4373.0,4286.0,4168.0,4135.0,4067.0,3980.0,3923.0,3804.0,3732.0,3653.0,3585.0,3520.0,3423.0,3336.0,3318.0,3232.0,3181.0,3117.0,2998.0,2980.0,2904.0,2832.0,2785.0,-,550.0,550.0,550.0,4726.0,5047.0,4980.0,4793.0,4508.0,4575.0,6296.0,9711.0,12390.0,13955.0,13183.0,11457.0,10027.0,8400.0,6747.0,4892.0,550.0,550.0,550.0,550.0,550.0,550.0,550.0,550.0,550.0,550.0,550.0,5607.0,7778.0,9898.0,11219.0,11727.0,11499.0,10836.0,9960.0,9006.0,7560.0,6047.0,4700.0,550.0,550.0,550.0,550.0,550.0,550.0,550.0,550.0
last,12.5,---,5466.0,7004.0,8788.0,10359.0,11409.0,11820.0,11598.0,10853.0,9755.0,8410.0,4688.0,4801.0,4866.0,4903.0,4954.0,4990.0,4925.0,4965.0,4899.0,4885.0,4837.0,4725.0,4717.0,4627.0,4554.0,4521.0,4419.0,4365.0,4289.0,4169.0,4147.0,4074.0,3983.0,3925.0,3816.0,3732.0,3656.0,3591.0,3522.0,3427.0,3343.0,3322.0,3234.0,3187.0,3133.0,3009.0,2995.0,2907.0,2838.0,2795.0,-,550.0,550.0,550.0,4666.0,5016.0,4944.0,4795.0,4537.0,4527.0,6269.0,9765.0,12452.0,13895.0,13184.0,11503.0,9982.0,8419.0,6775.0,4877.0,550.0,550.0,550.0,550.0,550.0,550.0,550.0,550.0,550.0,550.0,550.0,5558.0,7692.0,9853.0,11137.0,11704.0,11436.0,10822.0,9925.0,8966.0,7476.0,6006.0,4650.0,550.0,550.0,550.0,550.0,550.0,550.0,550.0,550.0
last,12.5,---,5473.0,7008.0,8790.0,10353.0,11410.0,11837.0,11607.0,10853.0,9734.0,8404.0,4694.0,4803.0,4876.0,4909.0,4960.0,4992.0,4938.0,4960.0,4898.0,4890.0,4843.0,4726.0,4715.0,4624.0,4562.0,4533.0,4420.0,4373.0,4296.0,4183.0,4154.0,4081.0,3987.0,3939.0,3815.0,3739.0,3655.0,3597.0,3538.0,3433.0,3341.0,3334.0,3236.0,3203.0,3141.0,3013.0,3003.0,2915.0,2835.0,2798.0,-,550.0,550.0,550.0,4727.0,5013.0,5008.0,4843.0,4541.0,4546.0,6203.0,9602.0,12370.0,14021.0,13172.0,11568.0,10017.0,8498.0,6867.0,4987.0,550.0,550.0,550.0,550.0,550.0,550.0,550.0,550.0,550.0,550.0,550.0,5603.0,7765.0,9884.0,11206.0,11722.0,11637.0,11015.0,10080.0,9161.0,7557.0,6092.0,4790.0,550.0,550.0,550.0,550.0,550.0,550.0,550.0,550.0
last,12.5,---,5495.0,7021.0,8809.0,10357.0,11404.0,11821.0,11595.0,10828.0,9756.0,8406.0,4671.0,4797.0,4858.0,4890.0,4948.0,4980.0,4930.0,4948.0,4897.0,4876.0,4825.0,4714.0,4710.0,4609.0,4552.0,4505.0,4408.0,4365.0,4282.0,4163.0,4138.0,4066.0,3972.0,3918.0,3800.0,3721.0,3652.0,3580.0,3512.0,3422.0,3325.0,3321.0,3224.0,3184.0,3116.0,2997.0,2979.0,2900.0,2817.0,2781.0,-,550.0,550.0,550.0,4756.0,5055.0,5023.0,4831.0,4533.0,4628.0,6301.0,9630.0,12384.0,13945.0,13226.0,11489.0,10030.0,8362.0,6716.0,4943.0,550.0,550.0,550.0,550.0,550.0,550.0,550.0,550.0,550.0,550.0,550.0,5571.0,7750.0,9833.0,11063.0,11702.0,11468.0,10754.0,9982.0,8975.0,7500.0,6040.0,4650.0,550.0,550.0,550.0,550.0,550.0,550.0,550.0,550.0
last,12.5,---,5483.0,7022.0,8806.0,10355.0,11391.0,11815.0,11600.0,10834.0,9759.0,8414.0,4688.0,4796.0,4865.0,4893.0,4944.0,4987.0,4922.0,4944.0,4897.0,4872.0,4832.0,4706.0,4714.0,4609.0,4559.0,4509.0,4415.0,4365.0,4286.0,4167.0,4138.0,4066.0,3966.0,3915.0,3800.0,3732.0,3649.0,3577.0,3516.0,3419.0,3336.0,3315.0,3221.0,3182.0,3124.0,2998.0,2980.0,2894.0,2822.0,2790.0,-,550.0,550.0,550.0,4734.0,5075.0,5032.0,4851.0,4585.0,4606.0,6229.0,9761.0,12400.0,13991.0,13102.0,11490.0,9958.0,8458.0,6692.0,4878.0,550.0,550.0,550.0,550.0,550.0,550.0,550.0,550.0,550.0,550.0,550.0,5612.0,7745.0,9814.0,11097.0,11591.0,11490.0,10825.0,9958.0,9075.0,7495.0,6064.0,4692.0,550.0,550.0,550.0,550.0,550.0,550.0,550.0,550.0
last,12.5,---,5477.0,7028.0,8805.0,10355.0,11393.0,11809.0,11594.0,10840.0,9756.0,8417.0,4684.0,4795.0,4870.0,4906.0,4946.0,4989.0,4931.0,4964.0,4903.0,4885.0,4827.0,4716.0,4720.0,4619.0,4565.0,4519.0,4422.0,4368.0,4285.0,4174.0,4138.0,4074.0,3977.0,3926.0,3808.0,3729.0,3650.0,3585.0,3524.0,3424.0,3334.0,3323.0,3230.0,3187.0,3122.0,2997.0,2986.0,2903.0,2824.0,2792.0,-,550.0,550.0,550.0,4734.0,5112.0,5031.0,4858.0,4550.0,4680.0,6285.0,9679.0,12332.0,13932.0,13208.0,11538.0,9998.0,8344.0,6755.0,4901.0,550.0,550.0,550.0,550.0,550.0,550.0,550.0,550.0,550.0,550.0,550.0,5561.0,7706.0,9841.0,11100.0,11733.0,11673.0,10776.0,9981.0,8987.0,7522.0,6042.0,4750.0,550.0,550.0,550.0,550.0,550.0,550.0,550.0,550.0
last,12.5,---,5476.0,7011.0,8792.0,10363.0,11407.0,11812.0,11606.0,10840.0,9745.0,8420.0,4692.0,4804.0,4865.0,4901.0,4952.0,4995.0,4941.0,4956.0,4901.0,4880.0,4833.0,4717.0,4728.0,4623.0,4569.0,4518.0,4425.0,4378.0,4291.0,4186.0,4146.0,4071.0,3977.0,3937.0,3818.0,3738.0,3666.0,3601.0,3529.0,3431.0,3337.0,3330.0,3240.0,3200.0,3128.0,3005.0,2983.0,2907.0,2828.0,2799.0,-,550.0,550.0,550.0,4670.0,4987.0,4987.0,4867.0,4572.0,4649.0,6299.0,9642.0,12379.0,13947.0,13166.0,11505.0,10024.0,8385.0,6752.0,4949.0,550.0,550.0,550.0,550.0,550.0,550.0,550.0,550.0,550.0,550.0,550.0,5632.0,7708.0,9828.0,11024.0,11598.0,11510.0,10751.0,9953.0,8986.0,7489.0,6025.0,4681.0,550.0,550.0,550.0,550.0,550.0,550.0,550.0,550.0
last,25,---,5491.0,7017.0,8820.0,10362.0,11397.0,11824.0,11591.0,10831.0,9741.0,8412.0,4681.0,4795.0,4867.0,4899.0,4946.0,4982.0,4924.0,4942.0,4899.0,4878.0,4827.0,4716.0,4713.0,4616.0,4551.0,4512.0,4419.0,4362.0,4279.0,4164.0,4129.0,4068.0,3964.0,3913.0,3799.0,3734.0,3652.0,3587.0,3512.0,3415.0,3322.0,3308.0,3218.0,3179.0,3111.0,2989.0,2978.0,2896.0,2813.0,2781.0,-,550.0,550.0,550.0,4625.0,5026.0,4954.0,4800.0,4511.0,4563.0,6237.0,9646.0,12350.0,13978.0,13236.0,11573.0,9925.0,8488.0,6778.0,4918.0,550.0,550.0,550.0,550.0,550.0,550.0,550.0,550.0,550.0,550.0,550.0,5583.0,7761.0,9863.0,11176.0,11696.0,11552.0,10877.0,10079.0,9142.0,7566.0,6067.0,4728.0,550.0,550.0,550.0,550.0,550.0,550.0,550.0,550.0
last,25,---,5482.0,7008.0,8801.0,10367.0,11402.0,11817.0,11593.0,10843.0,9746.0,8419.0,4682.0,4801.0,4858.0,4905.0,4941.0,4981.0,4920.0,4952.0,4902.0,4876.0,4826.0,4711.0,4714.0,4620.0,4559.0,4516.0,4411.0,4364.0,4292.0,4169.0,4133.0,4065.0,3975.0,3924.0,3798.0,3737.0,3646.0,3581.0,3517.0,3423.0,3336.0,3318.0,3224.0,3181.0,3120.0,2997.0,2983.0,2903.0,2828.0,2784.0,-,550.0,550.0,550.0,4691.0,4984.0,4989.0,4780.0,4503.0,4555.0,6135.0,9733.0,12369.0,14022.0,13212.0,11554.0,9974.0,8441.0,6789.0,4937.0,550.0,550.0,550.0,550.0,550.0,550.0,550.0,550.0,550.0,550.0,550.0,5591.0,7756.0,9911.0,11161.0,11642.0,11569.0,10884.0,10026.0,9038.0,7557.0,6093.0,4712.0,550.0,550.0,550.0,550.0,550.0,550.0,550.0,550.0
last,25,---,5472.0,7011.0,8806.0,10360.0,11407.0,11815.0,11602.0,10836.0,9745.0,8413.0,4688.0,4800.0,4865.0,4898.0,4952.0,4981.0,4927.0,4956.0,4898.0,4883.0,4829.0,4721.0,4721.0,4630.0,4551.0,4511.0,4417.0,4367.0,4284.0,4168.0,4146.0,4063.0,3969.0,3919.0,3800.0,3727.0,3652.0,3586.0,3521.0,3428.0,3337.0,3326.0,3229.0,3186.0,3121.0,3001.0,2987.0,2900.0,2828.0,2792.0,-,550.0,550.0,550.0,4674.0,5048.0,4980.0,4774.0,4484.0,4584.0,6272.0,9675.0,12334.0,13985.0,13167.0,11558.0,9986.0,8435.0,6757.0,4900.0,550.0,550.0,550.0,550.0,550.0,550.0,550.0,550.0,550.0,550.0,550.0,5607.0,7681.0,9764.0,11104.0,11616.0,11548.0,10725.0,9902.0,9015.0,7512.0,5987.0,4647.0,550.0,550.0,550.0,550.0,550.0,550.0,550.0,550.0
last,25,---,5473.0,7007.0,8798.0,10360.0,11402.0,11826.0,11601.0,10849.0,9738.0,8414.0,4688.0,4807.0,4865.0,4912.0,4952.0,4999.0,4941.0,4959.0,4905.0,4880.0,4836.0,4728.0,4724.0,4623.0,4569.0,4522.0,4424.0,4370.0,4286.0,4178.0,4142.0,4073.0,3975.0,3928.0,3813.0,3729.0,3650.0,3592.0,3523.0,3436.0,3335.0,3324.0,3230.0,3194.0,3129.0,2999.0,2991.0,2901.0,2825.0,2792.0,-,550.0,550.0,550.0,4669.0,5056.0,4977.0,4828.0,4526.0,4600.0,6281.0,9684.0,12334.0,13993.0,13140.0,11534.0,9949.0,8481.0,6784.0,4892.0,550.0,550.0,550.0,550.0,550.0,550.0,550.0,550.0,550.0,550.0,550.0,5576.0,7723.0,9806.0,11035.0,11566.0,11449.0,10781.0,9928.0,9069.0,7484.0,6021.0,4664.0,550.0,550.0,550.0,550.0,550.0,550.0,550.0,550.0
last,25,---,5475.0,7025.0,8809.0,10366.0,11399.0,11816.0,11582.0,10829.0,9749.0,8421.0,4679.0,4793.0,4854.0,4901.0,4944.0,4980.0,4926.0,4955.0,4894.0,4876.0,4815.0,4711.0,4707.0,4614.0,4546.0,4499.0,4406.0,4359.0,4280.0,4162.0,4126.0,4058.0,3968.0,3911.0,3796.0,3728.0,3638.0,3584.0,3509.0,3412.0,3326.0,3308.0,3215.0,3171.0,3107.0,2992.0,2974.0,2888.0,2816.0,2777.0,-,550.0,550.0,550.0,4682.0,5060.0,4937.0,4772.0,4543.0,4596.0,6253.0,9667.0,12325.0,13902.0,13236.0,11542.0,10040.0,8432.0,6786.0,4953.0,550.0,550.0,550.0,550.0,550.0,550.0,550.0,550.0,550.0,550.0,550.0,5561.0,7702.0,9790.0,11095.0,11617.0,11521.0,10743.0,10040.0,9028.0,7515.0,6067.0,4708.0,550.0,550.0,550.0,550.0,550.0,550.0,550.0,550.0
last,25,---,5481.0,7018.0,8797.0,10359.0,11409.0,11828.0,11597.0,10835.0,9742.0,8411.0,4687.0,4799.0,4864.0,4896.0,4947.0,4990.0,4932.0,4954.0,4896.0,4882.0,4824.0,4712.0,4719.0,4622.0,4557.0,4510.0,4409.0,4366.0,4290.0,4167.0,4142.0,4070.0,3976.0,3922.0,3803.0,3720.0,3648.0,3583.0,3518.0,3424.0,3334.0,3319.0,3225.0,3182.0,3121.0,2994.0,2984.0,2893.0,2825.0,2789.0,-,550.0,550.0,550.0,4667.0,5075.0,5006.0,4826.0,4471.0,4619.0,6221.0,9690.0,12341.0,13954.0,13169.0,11625.0,10013.0,8364.0,6783.0,4932.0,550.0,550.0,550.0,550.0,550.0,550.0,550.0,550.0,550.0,550.0,550.0,5574.0,7711.0,9806.0,11127.0,11716.0,11488.0,10814.0,9902.0,8958.0,7520.0,6025.0,4762.0,550.0,550.0,550.0,550.0,550.0,550.0,550.0,550.0
last,25,---,5482.0,7016.0,8813.0,10365.0,11400.0,11820.0,11590.0,10835.0,9743.0,8414.0,4681.0,4792.0,4864.0,4900.0,4950.0,4994.0,4929.0,4954.0,4897.0,4886.0,4828.0,4728.0,4713.0,4616.0,4562.0,4516.0,4419.0,4361.0,4286.0,4164.0,4135.0,4070.0,3980.0,3930.0,3811.0,3736.0,3653.0,3582.0,3520.0,3423.0,3334.0,3316.0,3222.0,3183.0,3114.0,3003.0,2974.0,2902.0,2820.0,2788.0,-,550.0,550.0,550.0,4704.0,5021.0,4995.0,4794.0,4540.0,4603.0,6286.0,9715.0,12340.0,13943.0,13218.0,11509.0,10001.0,8381.0,6767.0,4910.0,550.0,550.0,550.0,550.0,550.0,550.0,550.0,550.0,550.0,550.0,550.0,5577.0,7720.0,9789.0,11144.0,11615.0,11514.0,10906.0,9942.0,9011.0,7551.0,6048.0,4725.0,550.0,550.0,550.0,550.0,550.0,550.0,550.0,550.0
last,25,---,5474.0,7014.0,8804.0,10356.0,11406.0,11814.0,11604.0,10839.0,9750.0,8407.0,4691.0,4810.0,4875.0,4907.0,4950.0,4997.0,4936.0,4961.0,4903.0,4885.0,4835.0,4712.0,4723.0,4629.0,4561.0,4521.0,4424.0,4366.0,4294.0,4175.0,4135.0,4066.0,3980.0,3929.0,3806.0,3738.0,3659.0,3586.0,3529.0,3431.0,3330.0,3323.0,3236.0,3193.0,3132.0,3005.0,2984.0,2908.0,2825.0,2789.0,-,550.0,550.0,550.0,4976.0,5263.0,5311.0,5238.0,5117.0,5307.0,6795.0,9705.0,11896.0,13052.0,12741.0,11694.0,10239.0,8565.0,7049.0,5497.0,550.0,550.0,550.0,550.0,550.0,550.0,550.0,550.0,550.0,550.0,550.0,5081.0,6609.0,8084.0,8970.0,9329.0,9273.0,8788.0,8040.0,7438.0,6314.0,5178.0,4204.0,550.0,550.0,550.0,550.0,550.0,550.0,550.0,550.0
last,50,---,5481.0,7033.0,8822.0,10368.0,11407.0,11820.0,11583.0,10819.0,9744.0,8399.0,4700.0,4807.0,4879.0,4911.0,4961.0,5004.0,4940.0,4968.0,4911.0,4882.0,4839.0,4721.0,4717.0,4628.0,4570.0,4520.0,4416.0,4370.0,4294.0,4169.0,4140.0,4069.0,3975.0,3922.0,3810.0,3732.0,3646.0,3581.0,3516.0,3420.0,3330.0,3312.0,3226.0,3179.0,3119.0,2993.0,2975.0,2896.0,2817.0,2778.0,-,550.0,550.0,550.0,4654.0,5013.0,4920.0,4782.0,4481.0,4496.0,6108.0,9633.0,12384.0,13937.0,13316.0,11595.0,10092.0,8435.0,6788.0,4920.0,550.0,550.0,550.0,550.0,550.0,550.0,550.0,550.0,550.0,550.0,550.0,5556.0,7764.0,9983.0,11354.0,11935.0,11827.0,11117.0,10239.0,9253.0,7730.0,6162.0,4747.0,550.0,550.0,550.0,550.0,550.0,550.0,550.0,550.0
last,50,---,5482.0,7010.0,8820.0,10366.0,11410.0,11820.0,11604.0,10834.0,9733.0,8399.0,4697.0,4812.0,4877.0,4920.0,4964.0,4996.0,4946.0,4971.0,4910.0,4892.0,4834.0,4733.0,4723.0,4633.0,4561.0,4528.0,4424.0,4377.0,4302.0,4176.0,4151.0,4079.0,3974.0,3924.0,3812.0,3730.0,3651.0,3586.0,3525.0,3420.0,3338.0,3316.0,3226.0,3179.0,3122.0,3000.0,2985.0,2899.0,2823.0,2780.0,-,550.0,550.0,550.0,4648.0,4931.0,4911.0,4737.0,4504.0,4539.0,6149.0,9714.0,12359.0,13940.0,13279.0,11563.0,10102.0,8352.0,6806.0,4911.0,550.0,550.0,550.0,550.0,550.0,550.0,550.0,550.0,550.0,550.0,550.0,5578.0,7830.0,9962.0,11369.0,11867.0,11827.0,11086.0,10310.0,9247.0,7695.0,6139.0,4767.0,550.0,550.0,550.0,550.0,550.0,550.0,550.0,550.0
last,50,---,5489.0,7019.0,8809.0,10364.0,11411.0,11818.0,11592.0,10832.0,9741.0,8409.0,4705.0,4820.0,4878.0,4921.0,4968.0,5011.0,4950.0,4968.0,4906.0,4892.0,4842.0,4730.0,4726.0,4626.0,4564.0,4528.0,4424.0,4370.0,4298.0,4172.0,4147.0,4075.0,3974.0,3924.0,3805.0,3733.0,3661.0,3581.0,3520.0,3427.0,3322.0,3319.0,3232.0,3186.0,3117.0,2995.0,2980.0,2901.0,2822.0,2779.0,-,550.0,550.0,550.0,4693.0,4970.0,4925.0,4769.0,4451.0,4517.0,6180.0,9649.0,12301.0,13949.0,13309.0,11529.0,10098.0,8464.0,6846.0,4920.0,550.0,550.0,550.0,550.0,550.0,550.0,550.0,550.0,550.0,550.0,550.0,5520.0,7799.0,9956.0,11353.0,11877.0,11741.0,10960.0,10153.0,9165.0,7632.0,6105.0,4693.0,550.0,550.0,550.0,550.0,550.0,550.0,550.0,550.0
last,50,---,5481.0,7023.0,8808.0,10360.0,11396.0,11823.0,11597.0,10830.0,9751.0,8407.0,4696.0,4818.0,4886.0,4915.0,4972.0,5011.0,4947.0,4972.0,4918.0,4897.0,4843.0,4735.0,4735.0,4635.0,4585.0,4524.0,4434.0,4373.0,4298.0,4183.0,4144.0,4083.0,3968.0,3929.0,3814.0,3735.0,3660.0,3595.0,3531.0,3427.0,3337.0,3319.0,3230.0,3187.0,3129.0,3000.0,2979.0,2896.0,2828.0,2782.0,-,550.0,550.0,550.0,4680.0,5003.0,4962.0,4783.0,4506.0,4578.0,6153.0,9658.0,12404.0,13959.0,13266.0,11491.0,10028.0,8458.0,6790.0,4927.0,550.0,550.0,550.0,550.0,550.0,550.0,550.0,550.0,550.0,550.0,550.0,5578.0,7754.0,9946.0,11255.0,11788.0,11819.0,10967.0,10238.0,9197.0,7693.0,6153.0,4726.0,550.0,550.0,550.0,550.0,550.0,550.0,550.0,550.0
last,50,---,5504.0,7050.0,8832.0,10346.0,11383.0,11810.0,11588.0,10808.0,9753.0,8426.0,4700.0,4806.0,4880.0,4911.0,4968.0,5010.0,4947.0,4957.0,4904.0,4887.0,4837.0,4732.0,4724.0,4629.0,4562.0,4520.0,4414.0,4361.0,4287.0,4167.0,4128.0,4068.0,3959.0,3913.0,3807.0,3733.0,3659.0,3578.0,3504.0,3415.0,3327.0,3306.0,3211.0,3165.0,3108.0,2988.0,2967.0,2893.0,2805.0,2770.0,-,550.0,550.0,550.0,4736.0,5083.0,5009.0,4857.0,4530.0,4609.0,6126.0,9635.0,12432.0,13992.0,13201.0,11537.0,10014.0,8450.0,6811.0,4973.0,550.0,550.0,550.0,550.0,550.0,550.0,550.0,550.0,550.0,550.0,550.0,5599.0,7754.0,9898.0,11221.0,11716.0,11647.0,10926.0,10177.0,9087.0,7580.0,6100.0,4736.0,550.0,550.0,550.0,550.0,550.0,550.0,550.0,550.0
last,50,---,5490.0,7028.0,8835.0,10366.0,11391.0,11807.0,11586.0,10810.0,9746.0,8426.0,4693.0,4796.0,4875.0,4921.0,4967.0,4999.0,4942.0,4967.0,4914.0,4896.0,4832.0,4725.0,4729.0,4626.0,4562.0,4519.0,4416.0,4362.0,4288.0,4167.0,4142.0,4063.0,3974.0,3917.0,3811.0,3736.0,3647.0,3587.0,3508.0,3412.0,3330.0,3305.0,3220.0,3177.0,3110.0,2982.0,2978.0,2889.0,2807.0,2775.0,-,550.0,550.0,550.0,4712.0,5049.0,4949.0,4802.0,4502.0,4607.0,6181.0,9578.0,12326.0,14053.0,13221.0,11547.0,10136.0,8346.0,6792.0,4886.0,550.0,550.0,550.0,550.0,550.0,550.0,550.0,550.0,550.0,550.0,550.0,5534.0,7687.0,9883.0,11120.0,11658.0,11573.0,10952.0,9999.0,9077.0,7550.0,6123.0,4765.0,550.0,550.0,550.0,550.0,550.0,550.0,550.0,550.0
last,50,---,5491.0,7021.0,8826.0,10360.0,11404.0,11826.0,11586.0,10821.0,9749.0,8401.0,4697.0,4804.0,4880.0,4908.0,4951.0,5005.0,4940.0,4958.0,4905.0,4897.0,4833.0,4722.0,4726.0,4622.0,4572.0,4529.0,4425.0,4365.0,4290.0,4175.0,4136.0,4072.0,3979.0,3921.0,3800.0,3739.0,3650.0,3582.0,3514.0,3421.0,3332.0,3314.0,3217.0,3178.0,3121.0,2992.0,2981.0,2892.0,2817.0,2785.0,-,550.0,550.0,550.0,4695.0,5037.0,5042.0,4829.0,4530.0,4573.0,6179.0,9706.0,12411.0,13954.0,13319.0,11478.0,10005.0,8372.0,6798.0,4989.0,550.0,550.0,550.0,550.0,550.0,550.0,550.0,550.0,550.0,550.0,550.0,5506.0,7625.0,9818.0,11115.0,11755.0,11600.0,10923.0,10069.0,9087.0,7598.0,6077.0,4797.0,550.0,550.0,550.0,550.0,550.0,550.0,550.0,550.0
last,50,---,5485.0,7028.0,8819.0,10358.0,11405.0,11819.0,11585.0,10830.0,9743.0,8409.0,4693.0,4812.0,4880.0,4920.0,4960.0,5006.0,4938.0,4967.0,4906.0,4891.0,4837.0,4729.0,4729.0,4625.0,4564.0,4524.0,4413.0,4380.0,4294.0,4175.0,4143.0,4071.0,3978.0,3927.0,3812.0,3737.0,3647.0,3593.0,3524.0,3427.0,3334.0,3316.0,3233.0,3186.0,3125.0,2999.0,2978.0,2902.0,2823.0,2783.0,-,550.0,550.0,550.0,4748.0,5037.0,5053.0,4839.0,4545.0,4604.0,6185.0,9657.0,12376.0,13930.0,13247.0,11553.0,10036.0,8407.0,6821.0,4956.0,550.0,550.0,550.0,550.0,550.0,550.0,550.0,550.0,550.0,550.0,550.0,5555.0,7659.0,9796.0,11030.0,11698.0,11521.0,10891.0,9967.0,9112.0,7531.0,6148.0,4700.0,550.0,550.0,550.0,550.0,550.0,550.0,550.0,550.0
last,125,---,5506.0,7045.0,8845.0,10338.0,11380.0,11814.0,11576.0,10803.0,9765.0,8429.0,4713.0,4831.0,4898.0,4929.0,4992.0,5024.0,4961.0,4985.0,4926.0,4908.0,4859.0,4748.0,4734.0,4643.0,4576.0,4531.0,4426.0,4377.0,4290.0,4178.0,4150.0,4069.0,3975.0,3912.0,3804.0,3727.0,3657.0,3569.0,3503.0,3412.0,3321.0,3293.0,3199.0,3153.0,3090.0,2968.0,2947.0,2863.0,2786.0,2751.0,-,550.0,550.0,550.0,4569.0,4955.0,4978.0,4712.0,4412.0,4531.0,6134.0,9591.0,12406.0,13847.0,13310.0,11560.0,10109.0,8507.0,6814.0,4926.0,550.0,550.0,550.0,550.0,550.0,550.0,550.0,550.0,550.0,550.0,550.0,5430.0,7622.0,9905.0,11194.0,11883.0,11721.0,10942.0,10119.0,9220.0,7736.0,6115.0,4693.0,550.0,550.0,550.0,550.0,550.0,550.0,550.0,550.0
last,125,---,5506.0,7044.0,8831.0,10341.0,11387.0,11816.0,11580.0,10801.0,9761.0,8434.0,4712.0,4824.0,4891.0,4933.0,4982.0,5024.0,4961.0,4989.0,4930.0,4919.0,4852.0,4740.0,4740.0,4631.0,4564.0,4526.0,4435.0,4371.0,4284.0,4171.0,4140.0,4069.0,3971.0,3915.0,3813.0,3725.0,3648.0,3571.0,3504.0,3399.0,3314.0,3297.0,3206.0,3153.0,3104.0,2970.0,2946.0,2872.0,2795.0,2749.0,-,550.0,550.0,550.0,4628.0,4999.0,4980.0,4705.0,4464.0,4551.0,6113.0,9565.0,12270.0,13861.0,13408.0,11677.0,10110.0,8442.0,6851.0,4932.0,550.0,550.0,550.0,550.0,550.0,550.0,550.0,550.0,550.0,550.0,550.0,5428.0,7661.0,9845.0,11301.0,11802.0,11778.0,11031.0,10211.0,9256.0,7747.0,6166.0,4768.0,550.0,550.0,550.0,550.0,550.0,550.0,550.0,550.0
last,125,---,5495.0,7020.0,8830.0,10348.0,11389.0,11824.0,11592.0,10815.0,9760.0,8417.0,4707.0,4825.0,4900.0,4924.0,4985.0,5024.0,4957.0,4981.0,4924.0,4907.0,4843.0,4746.0,4743.0,4632.0,4579.0,4525.0,4426.0,4376.0,4297.0,4176.0,4144.0,4076.0,3977.0,3920.0,3802.0,3734.0,3656.0,3574.0,3510.0,3413.0,3321.0,3299.0,3207.0,3160.0,3107.0,2972.0,2954.0,2879.0,2793.0,2758.0,-,550.0,550.0,550.0,4626.0,5028.0,4902.0,4757.0,4456.0,4524.0,6081.0,9572.0,12399.0,13903.0,13340.0,11619.0,10072.0,8486.0,6808.0,4951.0,550.0,550.0,550.0,550.0,550.0,550.0,550.0,550.0,550.0,550.0,550.0,5368.0,7681.0,9800.0,11182.0,11764.0,11691.0,11012.0,10212.0,9209.0,7681.0,6129.0,4733.0,550.0,550.0,550.0,550.0,550.0,550.0,550.0,550.0
last,125,---,5498.0,7046.0,8820.0,10337.0,11386.0,11816.0,11583.0,10802.0,9764.0,8440.0,4723.0,4829.0,4896.0,4938.0,4991.0,5019.0,4966.0,4987.0,4931.0,4913.0,4857.0,4748.0,4744.0,4635.0,4575.0,4526.0,4420.0,4378.0,4294.0,4178.0,4146.0,4072.0,3977.0,3914.0,3804.0,3727.0,3657.0,3579.0,3505.0,3410.0,3322.0,3305.0,3199.0,3160.0,3097.0,2974.0,2953.0,2872.0,2791.0,2752.0,-,550.0,550.0,550.0,4621.0,4976.0,4947.0,4809.0,4449.0,4498.0,6081.0,9584.0,12405.0,13974.0,13278.0,11705.0,10023.0,8449.0,6866.0,4967.0,550.0,550.0,550.0,550.0,550.0,550.0,550.0,550.0,550.0,550.0,550.0,5440.0,7709.0,9929.0,11226.0,11779.0,11705.0,11048.0,10180.0,9149.0,7694.0,6165.0,4755.0,550.0,550.0,550.0,550.0,550.0,550.0,550.0,550.0
last,125,---,5496.0,7047.0,8843.0,10335.0,11382.0,11805.0,11581.0,10797.0,9768.0,8437.0,4712.0,4831.0,4891.0,4933.0,4978.0,5024.0,4964.0,4982.0,4929.0,4905.0,4859.0,4744.0,4733.0,4642.0,4575.0,4523.0,4428.0,4369.0,4288.0,4169.0,4134.0,4071.0,3970.0,3917.0,3795.0,3718.0,3648.0,3574.0,3504.0,3396.0,3308.0,3298.0,3193.0,3161.0,3091.0,2965.0,2947.0,2863.0,2779.0,2748.0,-,550.0,550.0,550.0,4644.0,5012.0,5008.0,4779.0,4460.0,4520.0,6176.0,9573.0,12338.0,13944.0,13323.0,11582.0,10090.0,8449.0,6838.0,4958.0,550.0,550.0,550.0,550.0,550.0,550.0,550.0,550.0,550.0,550.0,550.0,5425.0,7613.0,9797.0,11134.0,11776.0,11701.0,10995.0,10105.0,9180.0,7633.0,6136.0,4684.0,550.0,550.0,550.0,550.0,550.0,550.0,550.0,550.0
last,125,---,5493.0,7040.0,8838.0,10343.0,11389.0,11813.0,11583.0,10810.0,9753.0,8425.0,4709.0,4822.0,4892.0,4935.0,4981.0,5027.0,4963.0,4970.0,4921.0,4906.0,4853.0,4737.0,4740.0,4631.0,4567.0,4532.0,4426.0,4369.0,4299.0,4175.0,4140.0,4069.0,3967.0,3917.0,3804.0,3734.0,3638.0,3575.0,3504.0,3409.0,3320.0,3292.0,3200.0,3161.0,3098.0,2971.0,2949.0,2865.0,2794.0,2759.0,-,550.0,550.0,550.0,4666.0,4987.0,4957.0,4761.0,4460.0,4586.0,6031.0,9658.0,12343.0,13978.0,13356.0,11525.0,10100.0,8419.0,6768.0,4932.0,550.0,550.0,550.0,550.0,550.0,550.0,550.0,550.0,550.0,550.0,550.0,5434.0,7611.0,9769.0,11159.0,11731.0,11605.0,10923.0,10050.0,9091.0,7626.0,6121.0,4726.0,550.0,550.0,550.0,550.0,550.0,550.0,550.0,550.0
last,125,---,5509.0,7054.0,8846.0,10331.0,11376.0,11809.0,11571.0,10803.0,9765.0,8441.0,4720.0,4828.0,4901.0,4940.0,4975.0,5027.0,4968.0,4982.0,4929.0,4915.0,4856.0,4744.0,4744.0,4632.0,4573.0,4531.0,4430.0,4370.0,4294.0,4178.0,4150.0,4066.0,3976.0,3916.0,3794.0,3738.0,3658.0,3570.0,3504.0,3406.0,3319.0,3298.0,3203.0,3155.0,3092.0,2962.0,2948.0,2868.0,2784.0,2756.0,-,550.0,550.0,550.0,4664.0,4974.0,4959.0,4807.0,4471.0,4527.0,6082.0,9563.0,12439.0,14040.0,13288.0,11621.0,9975.0,8460.0,6824.0,4959.0,550.0,550.0,550.0,550.0,550.0,550.0,550.0,550.0,550.0,550.0,550.0,5472.0,7576.0,9761.0,11143.0,11636.0,11626.0,10991.0,10015.0,9151.0,7571.0,6097.0,4715.0,550.0,550.0,550.0,550.0,550.0,550.0,550.0,550.0
last,125,---,5514.0,7049.0,8829.0,10339.0,11387.0,11807.0,11576.0,10808.0,9771.0,8429.0,4712.0,4828.0,4891.0,4936.0,4982.0,5027.0,4964.0,4992.0,4926.0,4908.0,4852.0,4744.0,4740.0,4642.0,4568.0,4530.0,4432.0,4372.0,4299.0,4179.0,4137.0,4078.0,3969.0,3917.0,3808.0,3731.0,3654.0,3577.0,3500.0,3409.0,3318.0,3296.0,3205.0,3153.0,3100.0,2971.0,2946.0,2873.0,2788.0,2750.0,-,550.0,550.0,550.0,4663.0,5073.0,4955.0,4781.0,4504.0,4515.0,6149.0,9655.0,12315.0,13991.0,13365.0,11556.0,10050.0,8399.0,6770.0,4935.0,550.0,550.0,550.0,550.0,550.0,550.0,550.0,550.0,550.0,550.0,550.0,5447.0,7543.0,9865.0,11080.0,11669.0,11577.0,10880.0,10060.0,9076.0,7528.0,6093.0,4699.0,550.0,550.0,550.0,550.0,550.0,550.0,550.0,550.0
last,250,---,5518.0,7089.0,8878.0,10305.0,11373.0,11797.0,11564.0,10774.0,9758.0,8458.0,4690.0,4803.0,4861.0,4909.0,4954.0,4995.0,4927.0,4950.0,4889.0,4872.0,4807.0,4697.0,4684.0,4584.0,4519.0,4461.0,4362.0,4304.0,4225.0,4105.0,4064.0,3996.0,3897.0,3835.0,3729.0,3647.0,3565.0,3486.0,3414.0,3325.0,3229.0,3209.0,3113.0,3069.0,3007.0,2874.0,2860.0,2778.0,2699.0,2665.0,-,550.0,550.0,550.0,4603.0,4982.0,4887.0,4707.0,4404.0,4427.0,5994.0,9644.0,12373.0,13764.0,13299.0,11781.0,10164.0,8551.0,6992.0,4991.0,550.0,550.0,550.0,550.0,550.0,550.0,550.0,550.0,550.0,550.0,550.0,5321.0,7620.0,9879.0,11288.0,11953.0,11826.0,11157.0,10258.0,9319.0,7824.0,6238.0,4774.0,550.0,550.0,550.0,550.0,550.0,550.0,550.0,550.0
last,250,---,5529.0,7073.0,8885.0,10306.0,11376.0,11803.0,11567.0,10781.0,9746.0,8458.0,4692.0,4801.0,4866.0,4903.0,4951.0,4996.0,4927.0,4944.0,4886.0,4869.0,4815.0,4698.0,4688.0,4579.0,4521.0,4473.0,4370.0,4302.0,4230.0,4114.0,4066.0,4001.0,3892.0,3837.0,3724.0,3656.0,3574.0,3489.0,3420.0,3321.0,3232.0,3205.0,3106.0,3061.0,3003.0,2874.0,2856.0,2774.0,2699.0,2655.0,-,550.0,550.0,550.0,4543.0,4949.0,4858.0,4691.0,4394.0,4443.0,6045.0,9604.0,12424.0,13719.0,13317.0,11716.0,10195.0,8531.0,6857.0,4985.0,550.0,550.0,550.0,550.0,550.0,550.0,550.0,550.0,550.0,550.0,550.0,5368.0,7628.0,9812.0,11260.0,11910.0,11914.0,11129.0,10200.0,9302.0,7791.0,6234.0,4813.0,550.0,550.0,550.0,550.0,550.0,550.0,550.0,550.0
last,250,---,5525.0,7077.0,8863.0,10319.0,11370.0,11802.0,11565.0,10782.0,9763.0,8454.0,4694.0,4804.0,4866.0,4903.0,4948.0,4986.0,4934.0,4951.0,4883.0,4866.0,4817.0,4690.0,4694.0,4570.0,4512.0,4471.0,4368.0,4313.0,4223.0,4107.0,4069.0,3993.0,3894.0,3839.0,3729.0,3653.0,3567.0,3489.0,3416.0,3320.0,3228.0,3203.0,3118.0,3063.0,3008.0,2877.0,2857.0,2774.0,2702.0,2664.0,-,550.0,550.0,550.0,4570.0,4921.0,4908.0,4739.0,4360.0,4465.0,5985.0,9583.0,12432.0,13729.0,13327.0,11756.0,10195.0,8524.0,6821.0,4967.0,550.0,550.0,550.0,550.0,550.0,550.0,550.0,550.0,550.0,550.0,550.0,5337.0,7606.0,9862.0,11245.0,11848.0,11907.0,11099.0,10282.0,9396.0,7775.0,6163.0,4739.0,550.0,550.0,550.0,550.0,550.0,550.0,550.0,550.0
last,250,---,5525.0,7076.0,8867.0,10308.0,11374.0,11797.0,11573.0,10789.0,9754.0,8458.0,4693.0,4796.0,4865.0,4899.0,4954.0,4985.0,4923.0,4940.0,4885.0,4865.0,4810.0,4693.0,4686.0,4583.0,4514.0,4466.0,4363.0,4311.0,4225.0,4112.0,4060.0,3995.0,3895.0,3837.0,3730.0,3641.0,3569.0,3489.0,3417.0,3324.0,3228.0,3208.0,3115.0,3067.0,3005.0,2877.0,2864.0,2781.0,2699.0,2664.0,-,550.0,550.0,550.0,4566.0,4952.0,4924.0,4787.0,4415.0,4474.0,6035.0,9665.0,12406.0,13732.0,13305.0,11685.0,10143.0,8550.0,6880.0,4970.0,550.0,550.0,550.0,550.0,550.0,550.0,550.0,550.0,550.0,550.0,550.0,5301.0,7605.0,9854.0,11240.0,11928.0,11905.0,11148.0,10230.0,9248.0,7866.0,6168.0,4787.0,550.0,550.0,550.0,550.0,550.0,550.0,550.0,550.0
last,250,---,5526.0,7069.0,8872.0,10316.0,11372.0,11797.0,11567.0,10785.0,9757.0,8461.0,4690.0,4806.0,4871.0,4906.0,4954.0,4998.0,4933.0,4950.0,4888.0,4878.0,4820.0,4693.0,4693.0,4587.0,4522.0,4474.0,4371.0,4309.0,4230.0,4114.0,4069.0,3997.0,3908.0,3836.0,3723.0,3654.0,3575.0,3493.0,3418.0,3325.0,3239.0,3212.0,3119.0,3068.0,3003.0,2879.0,2862.0,2777.0,2701.0,2660.0,-,550.0,550.0,550.0,4630.0,4990.0,4908.0,4726.0,4376.0,4481.0,6065.0,9520.0,12317.0,13891.0,13411.0,11679.0,10153.0,8478.0,6833.0,4942.0,550.0,550.0,550.0,550.0,550.0,550.0,550.0,550.0,550.0,550.0,550.0,5307.0,7509.0,9745.0,11036.0,11679.0,11607.0,10911.0,10081.0,9136.0,7663.0,6050.0,4721.0,550.0,550.0,550.0,550.0,550.0,550.0,550.0,550.0
last,250,---,5534.0,7087.0,8878.0,10301.0,11366.0,11799.0,11567.0,10779.0,9759.0,8459.0,4695.0,4814.0,4876.0,4910.0,4961.0,4999.0,4927.0,4961.0,4896.0,4872.0,4814.0,4702.0,4695.0,4586.0,4517.0,4473.0,4371.0,4323.0,4221.0,4108.0,4064.0,4002.0,3900.0,3842.0,3722.0,3658.0,3572.0,3490.0,3429.0,3323.0,3228.0,3210.0,3122.0,3064.0,3006.0,2879.0,2859.0,2781.0,2695.0,2658.0,-,550.0,550.0,550.0,4586.0,4974.0,4950.0,4758.0,4462.0,4491.0,6074.0,9565.0,12402.0,13860.0,13387.0,11632.0,10087.0,8499.0,6834.0,4969.0,550.0,550.0,550.0,550.0,550.0,550.0,550.0,550.0,550.0,550.0,550.0,5285.0,7490.0,9738.0,11139.0,11675.0,11560.0,10871.0,10058.0,9173.0,7647.0,6093.0,4715.0,550.0,550.0,550.0,550.0,550.0,550.0,550.0,550.0
last,250,---,5523.0,7076.0,8875.0,10308.0,11371.0,11793.0,11573.0,10785.0,9756.0,8457.0,4693.0,4809.0,4875.0,4902.0,4960.0,4995.0,4929.0,4950.0,4892.0,4864.0,4816.0,4703.0,4683.0,4587.0,4518.0,4467.0,4371.0,4305.0,4227.0,4107.0,4072.0,3997.0,3897.0,3839.0,3730.0,3664.0,3575.0,3493.0,3421.0,3325.0,3229.0,3208.0,3116.0,3061.0,3006.0,2876.0,2855.0,2776.0,2704.0,2656.0,-,550.0,550.0,550.0,4583.0,5000.0,4917.0,4718.0,4423.0,4476.0,6028.0,9568.0,12372.0,13890.0,13390.0,11693.0,10150.0,8429.0,6828.0,4951.0,550.0,550.0,550.0,550.0,550.0,550.0,550.0,550.0,550.0,550.0,550.0,5300.0,7434.0,9709.0,11096.0,11717.0,11625.0,10941.0,10034.0,9088.0,7638.0,6130.0,4704.0,550.0,550.0,550.0,550.0,550.0,550.0,550.0,550.0
last,250,---,5521.0,7081.0,8864.0,10315.0,11364.0,11796.0,11570.0,10788.0,9763.0,8453.0,4701.0,4801.0,4869.0,4900.0,4958.0,4986.0,4921.0,4938.0,4893.0,4873.0,4818.0,4694.0,4687.0,4578.0,4519.0,4468.0,4365.0,4303.0,4224.0,4115.0,4074.0,3998.0,3899.0,3840.0,3720.0,3648.0,3569.0,3494.0,3422.0,3323.0,3223.0,3206.0,3113.0,3069.0,3007.0,2873.0,2860.0,2774.0,2695.0,2664.0,-,550.0,550.0,550.0,4618.0,4931.0,4945.0,4774.0,4466.0,4554.0,6100.0,9500.0,12416.0,13932.0,13355.0,11677.0,10097.0,8365.0,6760.0,4999.0,550.0,550.0,550.0,550.0,550.0,550.0,550.0,550.0,550.0,550.0,550.0,5317.0,7435.0,9642.0,10968.0,11638.0,11574.0,10909.0,9994.0,9133.0,7714.0,6149.0,4696.0,550.0,550.0,550.0,550.0,550.0,550.0,550.0,550.0
last,750,---,5512.0,7052.0,8842.0,10356.0,11386.0,11818.0,11584.0,10806.0,9744.0,8407.0,4628.0,4727.0,4787.0,4815.0,4851.0,4879.0,4819.0,4833.0,4755.0,4730.0,4667.0,4553.0,4529.0,4426.0,4352.0,4295.0,4185.0,4122.0,4037.0,3913.0,3874.0,3793.0,3687.0,3630.0,3495.0,3414.0,3347.0,3273.0,3205.0,3103.0,3011.0,2993.0,2897.0,2851.0,2784.0,2675.0,2657.0,2568.0,2508.0,2469.0,-,550.0,550.0,550.0,4691.0,4959.0,4935.0,4745.0,4443.0,4452.0,6041.0,9544.0,12340.0,13919.0,13407.0,11639.0,10143.0,8511.0,6869.0,5018.0,550.0,550.0,550.0,550.0,550.0,550.0,550.0,550.0,550.0,550.0,550.0,5208.0,7298.0,9446.0,10825.0,11327.0,11283.0,10659.0,9768.0,8920.0,7415.0,5958.0,4569.0,550.0,550.0,550.0,550.0,550.0,550.0,550.0,550.0
last,750,---,5503.0,7047.0,8843.0,10362.0,11398.0,11814.0,11579.0,10807.0,9736.0,8409.0,4624.0,4738.0,4788.0,4813.0,4848.0,4884.0,4813.0,4827.0,4752.0,4734.0,4670.0,4539.0,4532.0,4421.0,4347.0,4297.0,4183.0,4126.0,4044.0,3916.0,3874.0,3802.0,3681.0,3625.0,3500.0,3429.0,3354.0,3276.0,3212.0,3116.0,3016.0,2998.0,2902.0,2860.0,2803.0,2678.0,2664.0,2575.0,2504.0,2472.0,-,550.0,550.0,550.0,4616.0,5047.0,4977.0,4752.0,4486.0,4556.0,6114.0,9529.0,12333.0,14016.0,13335.0,11687.0,10000.0,8427.0,6825.0,4922.0,550.0,550.0,550.0,550.0,550.0,550.0,550.0,550.0,550.0,550.0,550.0,5207.0,7305.0,9594.0,10816.0,11301.0,11136.0,10510.0,9794.0,8798.0,7426.0,6009.0,4601.0,550.0,550.0,550.0,550.0,550.0,550.0,550.0,550.0
last,750,---,5499.0,7034.0,8831.0,10369.0,11400.0,11815.0,11589.0,10817.0,9743.0,8398.0,4626.0,4726.0,4791.0,4812.0,4852.0,4880.0,4823.0,4823.0,4762.0,4726.0,4658.0,4544.0,4522.0,4419.0,4343.0,4297.0,4182.0,4122.0,4036.0,3911.0,3871.0,3800.0,3682.0,3631.0,3499.0,3427.0,3349.0,3277.0,3213.0,3113.0,3020.0,2998.0,2905.0,2859.0,2798.0,2680.0,2662.0,2587.0,2515.0,2479.0,-,550.0,550.0,550.0,4703.0,5089.0,5028.0,4810.0,4484.0,4550.0,6101.0,9538.0,12371.0,14003.0,13327.0,11583.0,10088.0,8435.0,6910.0,4967.0,550.0,550.0,550.0,550.0,550.0,550.0,550.0,550.0,550.0,550.0,550.0,5237.0,7276.0,9483.0,10810.0,11308.0,11277.0,10632.0,9716.0,8903.0,7367.0,5974.0,4672.0,550.0,550.0,550.0,550.0,550.0,550.0,550.0,550.0
last,750,---,5497.0,7050.0,8837.0,10362.0,11391.0,11813.0,11582.0,10802.0,9745.0,8412.0,4624.0,4731.0,4794.0,4812.0,4855.0,4883.0,4816.0,4823.0,4766.0,4723.0,4663.0,4546.0,4521.0,4418.0,4344.0,4294.0,4188.0,4124.0,4032.0,3915.0,3869.0,3791.0,3691.0,3617.0,3496.0,3429.0,3347.0,3273.0,3206.0,3106.0,3014.0,2989.0,2901.0,2858.0,2794.0,2666.0,2659.0,2571.0,2510.0,2471.0,-,550.0,550.0,550.0,4667.0,5006.0,4996.0,4842.0,4513.0,4544.0,6027.0,9617.0,12279.0,14003.0,13320.0,11566.0,10125.0,8514.0,6811.0,4990.0,550.0,550.0,550.0,550.0,550.0,550.0,550.0,550.0,550.0,550.0,550.0,5201.0,7319.0,9494.0,10817.0,11294.0,11258.0,10443.0,9689.0,8919.0,7432.0,5985.0,4621.0,550.0,550.0,550.0,550.0,550.0,550.0,550.0,550.0
last,750,---,5525.0,7064.0,8848.0,10345.0,11384.0,11813.0,11574.0,10798.0,9747.0,8423.0,4622.0,4731.0,4777.0,4808.0,4847.0,4875.0,4808.0,4822.0,4759.0,4735.0,4668.0,4531.0,4524.0,4419.0,4345.0,4289.0,4183.0,4120.0,4032.0,3906.0,3871.0,3786.0,3681.0,3611.0,3491.0,3414.0,3340.0,3263.0,3193.0,3098.0,3010.0,2985.0,2894.0,2841.0,2782.0,2659.0,2652.0,2567.0,2494.0,2462.0,-,550.0,550.0,550.0,4668.0,5053.0,4982.0,4738.0,4510.0,4526.0,6066.0,9543.0,12321.0,13998.0,13380.0,11702.0,10106.0,8352.0,6822.0,4936.0,550.0,550.0,550.0,550.0,550.0,550.0,550.0,550.0,550.0,550.0,550.0,5184.0,7263.0,9391.0,10623.0,11211.0,11099.0,10476.0,9721.0,8707.0,7389.0,5879.0,4622.0,550.0,550.0,550.0,550.0,550.0,550.0,550.0,550.0
last,750,---,5508.0,7060.0,8854.0,10341.0,11376.0,11809.0,11579.0,10785.0,9760.0,8431.0,4619.0,4724.0,4780.0,4812.0,4843.0,4875.0,4812.0,4819.0,4759.0,4721.0,4668.0,4535.0,4518.0,4423.0,4346.0,4298.0,4175.0,4116.0,4025.0,3902.0,3860.0,3783.0,3679.0,3612.0,3486.0,3409.0,3336.0,3262.0,3192.0,3091.0,3000.0,2979.0,2888.0,2839.0,2773.0,2657.0,2647.0,2556.0,2489.0,2455.0,-,550.0,550.0,550.0,4722.0,5046.0,5020.0,4848.0,4523.0,4555.0,6097.0,9554.0,12389.0,13953.0,13341.0,11631.0,10046.0,8430.0,6777.0,4905.0,550.0,550.0,550.0,550.0,550.0,550.0,550.0,550.0,550.0,550.0,550.0,5203.0,7253.0,9335.0,10559.0,11212.0,11108.0,10375.0,9581.0,8770.0,7279.0,5909.0,4623.0,550.0,550.0,550.0,550.0,550.0,550.0,550.0,550.0
last,750,---,5522.0,7053.0,8839.0,10345.0,11389.0,11816.0,11581.0,10793.0,9746.0,8433.0,4622.0,4731.0,4784.0,4815.0,4843.0,4878.0,4808.0,4815.0,4752.0,4724.0,4664.0,4538.0,4521.0,4409.0,4346.0,4286.0,4178.0,4115.0,4031.0,3897.0,3859.0,3778.0,3673.0,3610.0,3488.0,3407.0,3337.0,3260.0,3190.0,3095.0,2997.0,2976.0,2885.0,2843.0,2777.0,2661.0,2647.0,2560.0,2497.0,2458.0,-,550.0,550.0,550.0,4661.0,5045.0,5014.0,4803.0,4509.0,4609.0,6059.0,9491.0,12356.0,13969.0,13318.0,11641.0,10117.0,8435.0,6806.0,4956.0,550.0,550.0,550.0,550.0,550.0,550.0,550.0,550.0,550.0,550.0,550.0,5187.0,7210.0,9339.0,10569.0,11200.0,11052.0,10427.0,9581.0,8740.0,7347.0,5870.0,4625.0,550.0,550.0,550.0,550.0,550.0,550.0,550.0,550.0
last,750,---,5517.0,7064.0,8853.0,10353.0,11380.0,11798.0,11573.0,10803.0,9756.0,8417.0,4618.0,4723.0,4783.0,4807.0,4846.0,4885.0,4811.0,4825.0,4748.0,4727.0,4663.0,4540.0,4519.0,4421.0,4336.0,4284.0,4171.0,4115.0,4034.0,3904.0,3869.0,3785.0,3679.0,3609.0,3489.0,3419.0,3335.0,3264.0,3194.0,3099.0,3001.0,2983.0,2888.0,2843.0,2776.0,2660.0,2646.0,2562.0,2495.0,2463.0,-,550.0,550.0,550.0,4719.0,5121.0,5095.0,4896.0,4531.0,4590.0,6097.0,9525.0,12340.0,14056.0,13322.0,11605.0,10050.0,8409.0,6784.0,4950.0,550.0,550.0,550.0,550.0,550.0,550.0,550.0,550.0,550.0,550.0,550.0,5207.0,7175.0,9331.0,10570.0,11150.0,10957.0,10388.0,9610.0,8672.0,7293.0,5937.0,4671.0,550.0,550.0,550.0,550.0,550.0,550.0,550.0,550.0
last,1250,---,5535.0,7062.0,8866.0,10351.0,11392.0,11805.0,11570.0,10786.0,9745.0,8418.0,4582.0,4680.0,4729.0,4743.0,4778.0,4799.0,4729.0,4746.0,4669.0,4638.0,4564.0,4438.0,4417.0,4312.0,4221.0,4158.0,4053.0,3986.0,3899.0,3769.0,3730.0,3639.0,3527.0,3461.0,3342.0,3261.0,3184.0,3110.0,3044.0,2939.0,2851.0,2827.0,2735.0,2690.0,2620.0,2508.0,2490.0,2417.0,2343.0,2315.0,-,550.0,550.0,550.0,4726.0,5097.0,5041.0,4875.0,4627.0,4610.0,6230.0,9558.0,12294.0,14030.0,13356.0,11554.0,9995.0,8369.0,6810.0,4964.0,550.0,550.0,550.0,550.0,550.0,550.0,550.0,550.0,550.0,550.0,550.0,5124.0,7070.0,9005.0,10199.0,10697.0,10669.0,9989.0,9276.0,8347.0,7076.0,5749.0,4511.0,550.0,550.0,550.0,550.0,550.0,550.0,550.0,550.0
last,1250,---,5510.0,7053.0,8854.0,10344.0,11389.0,11813.0,11582.0,10789.0,9752.0,8420.0,4574.0,4686.0,4728.0,4742.0,4777.0,4799.0,4728.0,4735.0,4669.0,4630.0,4557.0,4441.0,4420.0,4304.0,4224.0,4168.0,4052.0,3985.0,3894.0,3771.0,3719.0,3642.0,3519.0,3459.0,3337.0,3263.0,3182.0,3112.0,3042.0,2937.0,2846.0,2825.0,2734.0,2685.0,2629.0,2509.0,2495.0,2418.0,2352.0,2317.0,-,550.0,550.0,550.0,4775.0,5107.0,5096.0,4881.0,4620.0,4609.0,6181.0,9524.0,12434.0,13940.0,13254.0,11538.0,10066.0,8450.0,6817.0,4991.0,550.0,550.0,550.0,550.0,550.0,550.0,550.0,550.0,550.0,550.0,550.0,5157.0,7133.0,9092.0,10243.0,10752.0,10719.0,10033.0,9297.0,8428.0,7083.0,5755.0,4543.0,550.0,550.0,550.0,550.0,550.0,550.0,550.0,550.0
last,1250,---,5525.0,7069.0,8861.0,10346.0,11385.0,11817.0,11573.0,10785.0,9736.0,8425.0,4577.0,4674.0,4726.0,4754.0,4782.0,4803.0,4733.0,4737.0,4664.0,4625.0,4559.0,4444.0,4427.0,4301.0,4224.0,4165.0,4050.0,3994.0,3886.0,3775.0,3722.0,3639.0,3524.0,3461.0,3332.0,3262.0,3186.0,3102.0,3036.0,2935.0,2848.0,2823.0,2736.0,2680.0,2617.0,2502.0,2485.0,2412.0,2346.0,2311.0,-,550.0,550.0,550.0,4738.0,5117.0,5083.0,4905.0,4609.0,4659.0,6153.0,9565.0,12313.0,14002.0,13283.0,11627.0,10000.0,8394.0,6817.0,5005.0,550.0,550.0,550.0,550.0,550.0,550.0,550.0,550.0,550.0,550.0,550.0,5144.0,7095.0,8979.0,10245.0,10752.0,10585.0,10050.0,9275.0,8411.0,7062.0,5758.0,4554.0,550.0,550.0,550.0,550.0,550.0,550.0,550.0,550.0
last,1250,---,5514.0,7064.0,8844.0,10349.0,11390.0,11819.0,11580.0,10792.0,9740.0,8418.0,4568.0,4680.0,4722.0,4747.0,4779.0,4800.0,4729.0,4736.0,4666.0,4631.0,4568.0,4430.0,4413.0,4304.0,4233.0,4160.0,4051.0,3991.0,3889.0,3776.0,3720.0,3643.0,3520.0,3460.0,3340.0,3259.0,3178.0,3112.0,3034.0,2939.0,2851.0,2823.0,2739.0,2690.0,2630.0,2517.0,2496.0,2422.0,2349.0,2320.0,-,550.0,550.0,550.0,4718.0,5129.0,5067.0,4915.0,4572.0,4617.0,6197.0,9628.0,12400.0,13896.0,13227.0,11557.0,10072.0,8402.0,6838.0,5005.0,550.0,550.0,550.0,550.0,550.0,550.0,550.0,550.0,550.0,550.0,550.0,5129.0,7097.0,9026.0,10168.0,10679.0,10629.0,9993.0,9262.0,8396.0,7024.0,5668.0,4527.0,550.0,550.0,550.0,550.0,550.0,550.0,550.0,550.0
last,1250,---,5523.0,7063.0,8856.0,10351.0,11390.0,11814.0,11572.0,10790.0,9744.0,8414.0,4568.0,4667.0,4716.0,4744.0,4779.0,4796.0,4737.0,4740.0,4660.0,4624.0,4554.0,4428.0,4414.0,4291.0,4214.0,4154.0,4042.0,3989.0,3891.0,3768.0,3716.0,3635.0,3516.0,3456.0,3333.0,3256.0,3182.0,3109.0,3035.0,2933.0,2842.0,2828.0,2730.0,2684.0,2628.0,2508.0,2491.0,2421.0,2351.0,2319.0,-,550.0,550.0,550.0,4734.0,5079.0,5052.0,4904.0,4558.0,4630.0,6224.0,9589.0,12383.0,13923.0,13265.0,11512.0,10082.0,8389.0,6750.0,4926.0,550.0,550.0,550.0,550.0,550.0,550.0,550.0,550.0,550.0,550.0,550.0,5150.0,7134.0,9068.0,10361.0,10723.0,10690.0,10049.0,9353.0,8504.0,7117.0,5780.0,4553.0,550.0,550.0,550.0,550.0,550.0,550.0,550.0,550.0
last,1250,---,5528.0,7057.0,8866.0,10352.0,11390.0,11807.0,11569.0,10798.0,9742.0,8414.0,4575.0,4673.0,4732.0,4750.0,4775.0,4813.0,4732.0,4743.0,4659.0,4631.0,4561.0,4438.0,4413.0,4301.0,4224.0,4157.0,4045.0,3982.0,3891.0,3765.0,3716.0,3628.0,3523.0,3463.0,3344.0,3256.0,3183.0,3113.0,3043.0,2934.0,2850.0,2822.0,2727.0,2692.0,2625.0,2506.0,2492.0,2419.0,2345.0,2313.0,-,550.0,550.0,550.0,4747.0,5112.0,5057.0,4880.0,4597.0,4642.0,6180.0,9583.0,12393.0,13915.0,13273.0,11536.0,10075.0,8399.0,6772.0,4940.0,550.0,550.0,550.0,550.0,550.0,550.0,550.0,550.0,550.0,550.0,550.0,5145.0,7065.0,9101.0,10269.0,10695.0,10673.0,10075.0,9295.0,8415.0,7054.0,5759.0,4503.0,550.0,550.0,550.0,550.0,550.0,550.0,550.0,550.0
last,1250,---,5511.0,7052.0,8850.0,10363.0,11392.0,11808.0,11576.0,10800.0,9746.0,8409.0,4573.0,4672.0,4724.0,4746.0,4781.0,4806.0,4728.0,4735.0,4654.0,4629.0,4562.0,4428.0,4414.0,4301.0,4213.0,4157.0,4040.0,3977.0,3892.0,3769.0,3720.0,3624.0,3515.0,3455.0,3339.0,3261.0,3184.0,3110.0,3032.0,2937.0,2845.0,2824.0,2732.0,2686.0,2623.0,2510.0,2496.0,2418.0,2351.0,2323.0,-,550.0,550.0,550.0,4747.0,5125.0,5103.0,4897.0,4613.0,4630.0,6144.0,9628.0,12372.0,13919.0,13284.0,11587.0,9990.0,8442.0,6823.0,4992.0,550.0,550.0,550.0,550.0,550.0,550.0,550.0,550.0,550.0,550.0,550.0,5192.0,7073.0,9155.0,10329.0,10891.0,10769.0,10090.0,9444.0,8476.0,7207.0,5815.0,4558.0,550.0,550.0,550.0,550.0,550.0,550.0,550.0,550.0
last,1250,---,5528.0,7061.0,8854.0,10351.0,11391.0,11813.0,11578.0,10794.0,9746.0,8407.0,4572.0,4671.0,4720.0,4755.0,4780.0,4797.0,4734.0,4745.0,4657.0,4639.0,4558.0,4442.0,4418.0,4298.0,4224.0,4165.0,4052.0,3989.0,3894.0,3764.0,3725.0,3630.0,3514.0,3458.0,3335.0,3265.0,3181.0,3117.0,3029.0,2938.0,2843.0,2826.0,2738.0,2692.0,2625.0,2513.0,2502.0,2418.0,2351.0,2319.0,-,550.0,550.0,550.0,4757.0,5111.0,5100.0,4937.0,4651.0,4673.0,6210.0,9633.0,12315.0,13897.0,13285.0,11580.0,10037.0,8365.0,6839.0,4954.0,550.0,550.0,550.0,550.0,550.0,550.0,550.0,550.0,550.0,550.0,550.0,5133.0,7164.0,8993.0,10250.0,10778.0,10660.0,10054.0,9246.0,8488.0,7103.0,5795.0,4567.0,550.0,550.0,550.0,550.0,550.0,550.0,550.0,550.0
last,1875,---,5510.0,7057.0,8842.0,10368.0,11405.0,11826.0,11580.0,10806.0,9726.0,8386.0,4555.0,4647.0,4697.0,4708.0,4740.0,4761.0,4686.0,4690.0,4619.0,4580.0,4512.0,4380.0,4351.0,4241.0,4155.0,4102.0,3977.0,3917.0,3835.0,3681.0,3635.0,3549.0,3443.0,3389.0,3264.0,3182.0,3115.0,3040.0,2968.0,2869.0,2776.0,2762.0,2666.0,2616.0,2555.0,2452.0,2434.0,2355.0,2298.0,2263.0,-,550.0,550.0,550.0,4780.0,5109.0,5092.0,4956.0,4621.0,4718.0,6249.0,9674.0,12339.0,13898.0,13218.0,11488.0,9986.0,8426.0,6827.0,4995.0,550.0,550.0,550.0,550.0,550.0,550.0,550.0,550.0,550.0,550.0,550.0,5171.0,6986.0,8931.0,10082.0,10615.0,10519.0,9872.0,9192.0,8262.0,6980.0,5619.0,4508.0,550.0,550.0,550.0,550.0,550.0,550.0,550.0,550.0
last,1875,---,5512.0,7053.0,8848.0,10365.0,11399.0,11813.0,11588.0,10814.0,9726.0,8388.0,4559.0,4652.0,4691.0,4709.0,4749.0,4766.0,4681.0,4691.0,4617.0,4584.0,4513.0,4374.0,4349.0,4242.0,4160.0,4103.0,3985.0,3921.0,3832.0,3682.0,3635.0,3550.0,3443.0,3382.0,3261.0,3189.0,3114.0,3032.0,2961.0,2857.0,2772.0,2754.0,2661.0,2615.0,2561.0,2444.0,2429.0,2358.0,2287.0,2262.0,-,550.0,550.0,550.0,4846.0,5132.0,5121.0,4937.0,4617.0,4674.0,6175.0,9612.0,12373.0,13908.0,13318.0,11514.0,10030.0,8392.0,6730.0,4989.0,550.0,550.0,550.0,550.0,550.0,550.0,550.0,550.0,550.0,550.0,550.0,5092.0,7051.0,8970.0,10064.0,10626.0,10460.0,9807.0,9165.0,8260.0,6965.0,5734.0,4531.0,550.0,550.0,550.0,550.0,550.0,550.0,550.0,550.0
last,1875,---,5507.0,7043.0,8831.0,10364.0,11409.0,11825.0,11573.0,10808.0,9734.0,8408.0,4554.0,4647.0,4700.0,4718.0,4746.0,4767.0,4696.0,4686.0,4622.0,4572.0,4511.0,4380.0,4359.0,4241.0,4163.0,4099.0,3985.0,3921.0,3829.0,3690.0,3633.0,3551.0,3445.0,3388.0,3260.0,3182.0,3103.0,3032.0,2965.0,2858.0,2783.0,2755.0,2663.0,2620.0,2556.0,2449.0,2428.0,2353.0,2289.0,2261.0,-,550.0,550.0,550.0,4782.0,5157.0,5134.0,4909.0,4633.0,4673.0,6269.0,9629.0,12372.0,13951.0,13184.0,11461.0,10015.0,8442.0,6788.0,5042.0,550.0,550.0,550.0,550.0,550.0,550.0,550.0,550.0,550.0,550.0,550.0,5128.0,6966.0,8770.0,10009.0,10539.0,10384.0,9773.0,9093.0,8223.0,6978.0,5641.0,4431.0,550.0,550.0,550.0,550.0,550.0,550.0,550.0,550.0
last,1875,---,5489.0,7047.0,8836.0,10383.0,11404.0,11815.0,11579.0,10812.0,9726.0,8393.0,4554.0,4643.0,4700.0,4711.0,4746.0,4768.0,4689.0,4686.0,4625.0,4579.0,4504.0,4379.0,4357.0,4243.0,4164.0,4100.0,3989.0,3914.0,3829.0,3689.0,3636.0,3546.0,3446.0,3386.0,3257.0,3189.0,3107.0,3032.0,2964.0,2868.0,2775.0,2757.0,2664.0,2618.0,2557.0,2446.0,2432.0,2360.0,2293.0,2260.0,-,550.0,550.0,550.0,4873.0,5187.0,5083.0,4978.0,4733.0,4698.0,6224.0,9700.0,12390.0,13892.0,13199.0,11464.0,10026.0,8402.0,6806.0,5013.0,550.0,550.0,550.0,550.0,550.0,550.0,550.0,550.0,550.0,550.0,550.0,5065.0,6987.0,8850.0,10049.0,10474.0,10434.0,9799.0,9077.0,8303.0,6899.0,5653.0,4524.0,550.0,550.0,550.0,550.0,550.0,550.0,550.0,550.0
last,1875,---,5508.0,7054.0,8850.0,10372.0,11403.0,11826.0,11581.0,10802.0,9714.0,8391.0,4548.0,4644.0,4690.0,4718.0,4740.0,4764.0,4690.0,4686.0,4622.0,4572.0,4498.0,4377.0,4355.0,4238.0,4146.0,4096.0,3982.0,3915.0,3822.0,3680.0,3634.0,3552.0,3435.0,3385.0,3257.0,3189.0,3097.0,3026.0,2962.0,2858.0,2770.0,2755.0,2652.0,2613.0,2556.0,2446.0,2421.0,2350.0,2286.0,2254.0,-,550.0,550.0,550.0,4820.0,5192.0,5175.0,5009.0,4661.0,4761.0,6333.0,9606.0,12376.0,13895.0,13233.0,11502.0,9913.0,8377.0,6740.0,4992.0,550.0,550.0,550.0,550.0,550.0,550.0,550.0,550.0,550.0,550.0,550.0,5187.0,7024.0,8855.0,10013.0,10380.0,10315.0,9777.0,9033.0,8205.0,6965.0,5671.0,4537.0,550.0,550.0,550.0,550.0,550.0,550.0,550.0,550.0
last,1875,---,5516.0,7053.0,8843.0,10370.0,11406.0,11811.0,11569.0,10811.0,9737.0,8395.0,4548.0,4647.0,4687.0,4704.0,4740.0,4761.0,4690.0,4694.0,4615.0,4576.0,4501.0,4373.0,4348.0,4227.0,4156.0,4092.0,3982.0,3914.0,3822.0,3679.0,3626.0,3548.0,3441.0,3384.0,3259.0,3188.0,3106.0,3032.0,2960.0,2861.0,2768.0,2747.0,2662.0,2615.0,2558.0,2444.0,2430.0,2348.0,2288.0,2259.0,-,550.0,550.0,550.0,4912.0,5195.0,5172.0,5060.0,4664.0,4688.0,6246.0,9606.0,12393.0,13887.0,13272.0,11531.0,9996.0,8378.0,6807.0,5006.0,550.0,550.0,550.0,550.0,550.0,550.0,550.0,550.0,550.0,550.0,550.0,5160.0,6955.0,8821.0,9954.0,10497.0,10373.0,9795.0,8980.0,8159.0,6896.0,5603.0,4540.0,550.0,550.0,550.0,550.0,550.0,550.0,550.0,550.0
last,1875,---,5512.0,7046.0,8843.0,10369.0,11410.0,11820.0,11582.0,10801.0,9727.0,8397.0,4553.0,4646.0,4692.0,4714.0,4742.0,4756.0,4682.0,4682.0,4621.0,4578.0,4503.0,4378.0,4353.0,4236.0,4157.0,4107.0,3983.0,3915.0,3822.0,3690.0,3633.0,3551.0,3437.0,3384.0,3259.0,3173.0,3095.0,3038.0,2959.0,2859.0,2770.0,2756.0,2663.0,2613.0,2556.0,2442.0,2435.0,2353.0,2289.0,2260.0,-,550.0,550.0,550.0,4923.0,5182.0,5170.0,4970.0,4675.0,4711.0,6285.0,9610.0,12358.0,13956.0,13284.0,11432.0,9988.0,8372.0,6816.0,5000.0,550.0,550.0,550.0,550.0,550.0,550.0,550.0,550.0,550.0,550.0,550.0,5112.0,7022.0,8832.0,9911.0,10365.0,10459.0,9805.0,9038.0,8213.0,6992.0,5654.0,4528.0,550.0,550.0,550.0,550.0,550.0,550.0,550.0,550.0
last,1875,---,5513.0,7044.0,8846.0,10369.0,11403.0,11821.0,11582.0,10802.0,9733.0,8396.0,4555.0,4641.0,4698.0,4712.0,4745.0,4763.0,4691.0,4687.0,4609.0,4566.0,4498.0,4376.0,4355.0,4237.0,4151.0,4094.0,3979.0,3915.0,3818.0,3683.0,3636.0,3543.0,3443.0,3386.0,3257.0,3189.0,3103.0,3028.0,2964.0,2864.0,2774.0,2753.0,2660.0,2617.0,2563.0,2449.0,2435.0,2352.0,2292.0,2259.0,-,550.0,550.0,550.0,4907.0,5223.0,5193.0,5032.0,4698.0,4728.0,6302.0,9636.0,12367.0,13887.0,13273.0,11449.0,10017.0,8336.0,6774.0,4961.0,550.0,550.0,550.0,550.0,550.0,550.0,550.0,550.0,550.0,550.0,550.0,5116.0,6976.0,8795.0,10005.0,10500.0,10387.0,9797.0,9039.0,8175.0,6935.0,5629.0,4567.0,550.0,550.0,550.0,550.0,550.0,550.0,550.0,550.0