mochos,0,---,1637.0,2085.0,2587.0,2938.0,3212.0,3288.0,3173.0,2921.0,2612.0,2244.0,1317.0,1348.0,1366.0,1377.0,1391.0,1403.0,1387.0,1394.0,1377.0,1375.0,1361.0,1328.0,1328.0,1300.0,1285.0,1273.0,1244.0,1228.0,1207.0,1172.0,1164.0,1145.0,1119.0,1103.0,1074.0,1053.0,1033.0,1016.0,994.0,966.0,939.0,934.0,908.0,895.0,879.0,843.0,839.0,814.0,794.0,785.0,-,550.0,550.0,639.0,704.0,752.0,751.0,732.0,692.0,702.0,887.0,1368.0,1744.0,1975.0,1881.0,1675.0,1447.0,1249.0,1043.0,801.0,623.0,550.0,550.0,550.0,550.0,550.0,550.0,550.0,550.0,550.0,624.0,841.0,1130.0,1447.0,1641.0,1717.0,1712.0,1630.0,1498.0,1379.0,1155.0,944.0,749.0,599.0,550.0,550.0,550.0,550.0,550.0,550.0,550.0
mochos,0,---,1677.0,2137.0,2648.0,3010.0,3292.0,3364.0,3248.0,2995.0,2679.0,2305.0,1351.0,1381.0,1401.0,1410.0,1424.0,1438.0,1422.0,1428.0,1412.0,1408.0,1392.0,1360.0,1361.0,1331.0,1313.0,1302.0,1273.0,1258.0,1235.0,1201.0,1190.0,1173.0,1142.0,1128.0,1095.0,1075.0,1054.0,1037.0,1015.0,984.0,958.0,954.0,928.0,914.0,896.0,859.0,856.0,832.0,809.0,797.0,-,550.0,550.0,626.0,695.0,750.0,746.0,714.0,686.0,685.0,875.0,1329.0,1695.0,1906.0,1814.0,1630.0,1425.0,1209.0,1005.0,769.0,605.0,550.0,550.0,550.0,550.0,550.0,550.0,550.0,550.0,550.0,608.0,821.0,1104.0,1389.0,1584.0,1643.0,1667.0,1574.0,1455.0,1322.0,1125.0,899.0,737.0,592.0,550.0,550.0,550.0,550.0,550.0,550.0,550.0
mochos,0,---,1697.0,2167.0,2681.0,3047.0,3333.0,3408.0,3295.0,3030.0,2717.0,2339.0,1366.0,1396.0,1416.0,1427.0,1442.0,1452.0,1437.0,1444.0,1428.0,1422.0,1410.0,1376.0,1377.0,1347.0,1327.0,1313.0,1288.0,1270.0,1247.0,1214.0,1207.0,1184.0,1156.0,1138.0,1105.0,1086.0,1064.0,1044.0,1027.0,994.0,966.0,963.0,934.0,920.0,906.0,867.0,861.0,838.0,815.0,803.0,-,550.0,550.0,620.0,676.0,720.0,715.0,689.0,659.0,672.0,853.0,1285.0,1637.0,1836.0,1775.0,1557.0,1363.0,1161.0,960.0,746.0,592.0,550.0,550.0,550.0,550.0,550.0,550.0,550.0,550.0,550.0,594.0,797.0,1055.0,1333.0,1511.0,1583.0,1581.0,1498.0,1381.0,1255.0,1073.0,881.0,713.0,573.0,550.0,550.0,550.0,550.0,550.0,550.0,550.0
mochos,0,---,1680.0,2143.0,2652.0,3012.0,3291.0,3367.0,3253.0,2995.0,2685.0,2307.0,1346.0,1381.0,1401.0,1410.0,1425.0,1438.0,1420.0,1427.0,1413.0,1407.0,1394.0,1360.0,1359.0,1331.0,1315.0,1299.0,1273.0,1254.0,1237.0,1202.0,1192.0,1174.0,1143.0,1130.0,1094.0,1077.0,1054.0,1035.0,1016.0,985.0,957.0,954.0,925.0,912.0,895.0,859.0,855.0,832.0,809.0,798.0,-,550.0,550.0,613.0,678.0,726.0,719.0,704.0,679.0,668.0,863.0,1296.0,1657.0,1859.0,1804.0,1592.0,1395.0,1194.0,983.0,754.0,592.0,550.0,550.0,550.0,550.0,550.0,550.0,550.0,550.0,550.0,596.0,790.0,1065.0,1371.0,1543.0,1619.0,1620.0,1535.0,1407.0,1294.0,1088.0,900.0,720.0,581.0,550.0,550.0,550.0,550.0,550.0,550.0,550.0
mochos,12.5,---,1722.0,2200.0,2721.0,3081.0,3376.0,3452.0,3331.0,3061.0,2745.0,2362.0,1377.0,1408.0,1425.0,1438.0,1455.0,1466.0,1449.0,1454.0,1440.0,1433.0,1417.0,1386.0,1384.0,1356.0,1337.0,1325.0,1297.0,1279.0,1254.0,1224.0,1214.0,1191.0,1162.0,1147.0,1112.0,1091.0,1070.0,1052.0,1030.0,1002.0,972.0,968.0,940.0,927.0,911.0,872.0,867.0,842.0,821.0,808.0,-,550.0,550.0,625.0,704.0,755.0,752.0,730.0,689.0,692.0,892.0,1360.0,1742.0,1968.0,1891.0,1677.0,1457.0,1253.0,1055.0,799.0,622.0,550.0,550.0,550.0,550.0,550.0,550.0,550.0,550.0,550.0,624.0,833.0,1135.0,1456.0,1664.0,1742.0,1754.0,1648.0,1523.0,1392.0,1159.0,960.0,770.0,610.0,550.0,550.0,550.0,550.0,550.0,550.0,550.0
mochos,12.5,---,1717.0,2193.0,2706.0,3069.0,3363.0,3441.0,3321.0,3046.0,2732.0,2362.0,1371.0,1405.0,1426.0,1435.0,1452.0,1464.0,1447.0,1452.0,1435.0,1431.0,1416.0,1384.0,1384.0,1355.0,1335.0,1322.0,1294.0,1279.0,1255.0,1220.0,1210.0,1190.0,1160.0,1145.0,1111.0,1091.0,1068.0,1051.0,1032.0,999.0,973.0,968.0,937.0,925.0,908.0,872.0,865.0,841.0,819.0,807.0,-,550.0,550.0,630.0,711.0,761.0,752.0,729.0,695.0,699.0,887.0,1360.0,1736.0,1985.0,1907.0,1670.0,1468.0,1245.0,1034.0,797.0,622.0,550.0,550.0,550.0,550.0,550.0,550.0,550.0,550.0,550.0,623.0,835.0,1142.0,1456.0,1659.0,1732.0,1730.0,1645.0,1514.0,1392.0,1171.0,961.0,778.0,618.0,550.0,550.0,550.0,550.0,550.0,550.0,550.0
mochos,12.5,---,1755.0,2242.0,2761.0,3131.0,3428.0,3509.0,3386.0,3110.0,2788.0,2408.0,1399.0,1434.0,1454.0,1465.0,1480.0,1497.0,1476.0,1482.0,1465.0,1460.0,1446.0,1412.0,1408.0,1380.0,1362.0,1349.0,1319.0,1303.0,1278.0,1243.0,1232.0,1212.0,1183.0,1165.0,1129.0,1109.0,1088.0,1067.0,1047.0,1020.0,990.0,982.0,953.0,940.0,924.0,885.0,880.0,857.0,832.0,819.0,-,550.0,550.0,616.0,681.0,723.0,735.0,709.0,670.0,673.0,861.0,1286.0,1638.0,1835.0,1769.0,1564.0,1355.0,1168.0,973.0,754.0,594.0,550.0,550.0,550.0,550.0,550.0,550.0,550.0,550.0,550.0,598.0,785.0,1054.0,1344.0,1518.0,1598.0,1599.0,1505.0,1407.0,1273.0,1091.0,897.0,710.0,583.0,550.0,550.0,550.0,550.0,550.0,550.0,550.0
mochos,12.5,---,1763.0,2253.0,2768.0,3137.0,3440.0,3519.0,3398.0,3117.0,2797.0,2419.0,1406.0,1438.0,1461.0,1474.0,1489.0,1504.0,1483.0,1489.0,1470.0,1466.0,1451.0,1417.0,1417.0,1387.0,1369.0,1353.0,1322.0,1307.0,1286.0,1248.0,1239.0,1216.0,1186.0,1169.0,1135.0,1113.0,1093.0,1071.0,1052.0,1024.0,995.0,986.0,957.0,944.0,927.0,889.0,882.0,857.0,834.0,822.0,-,550.0,550.0,624.0,679.0,737.0,736.0,709.0,673.0,673.0,861.0,1301.0,1659.0,1870.0,1805.0,1594.0,1397.0,1182.0,995.0,752.0,595.0,550.0,550.0,550.0,550.0,550.0,550.0,550.0,550.0,550.0,601.0,798.0,1072.0,1374.0,1552.0,1619.0,1622.0,1531.0,1411.0,1281.0,1097.0,903.0,727.0,588.0,550.0,550.0,550.0,550.0,550.0,550.0,550.0
mochos,25,---,1745.0,2230.0,2748.0,3112.0,3411.0,3490.0,3369.0,3093.0,2774.0,2400.0,1391.0,1424.0,1446.0,1455.0,1472.0,1483.0,1466.0,1475.0,1456.0,1450.0,1433.0,1402.0,1401.0,1370.0,1353.0,1340.0,1309.0,1293.0,1270.0,1234.0,1226.0,1205.0,1173.0,1157.0,1125.0,1103.0,1083.0,1061.0,1041.0,1013.0,984.0,979.0,947.0,934.0,917.0,880.0,874.0,851.0,826.0,816.0,-,550.0,550.0,625.0,689.0,743.0,735.0,720.0,675.0,688.0,867.0,1313.0,1682.0,1900.0,1829.0,1622.0,1406.0,1197.0,990.0,779.0,598.0,550.0,550.0,550.0,550.0,550.0,550.0,550.0,550.0,550.0,609.0,808.0,1093.0,1408.0,1577.0,1649.0,1659.0,1569.0,1426.0,1328.0,1119.0,915.0,749.0,595.0,550.0,550.0,550.0,550.0,550.0,550.0,550.0
mochos,25,---,1752.0,2238.0,2756.0,3125.0,3424.0,3502.0,3381.0,3105.0,2788.0,2404.0,1396.0,1429.0,1450.0,1460.0,1478.0,1489.0,1471.0,1479.0,1460.0,1457.0,1442.0,1406.0,1404.0,1377.0,1356.0,1344.0,1313.0,1300.0,1274.0,1239.0,1231.0,1211.0,1179.0,1161.0,1130.0,1106.0,1085.0,1067.0,1047.0,1017.0,987.0,982.0,952.0,937.0,921.0,882.0,878.0,852.0,830.0,818.0,-,550.0,550.0,623.0,695.0,733.0,742.0,723.0,683.0,686.0,887.0,1317.0,1687.0,1920.0,1840.0,1616.0,1406.0,1207.0,999.0,771.0,602.0,550.0,550.0,550.0,550.0,550.0,550.0,550.0,550.0,550.0,607.0,806.0,1084.0,1383.0,1562.0,1655.0,1635.0,1563.0,1415.0,1312.0,1100.0,913.0,736.0,588.0,550.0,550.0,550.0,550.0,550.0,550.0,550.0
mochos,25,---,1735.0,2217.0,2737.0,3099.0,3394.0,3473.0,3349.0,3077.0,2763.0,2384.0,1384.0,1418.0,1439.0,1448.0,1461.0,1475.0,1458.0,1462.0,1449.0,1444.0,1427.0,1393.0,1391.0,1365.0,1344.0,1333.0,1304.0,1289.0,1263.0,1230.0,1219.0,1198.0,1170.0,1153.0,1118.0,1097.0,1075.0,1059.0,1038.0,1006.0,979.0,973.0,944.0,930.0,913.0,875.0,871.0,847.0,823.0,810.0,-,550.0,550.0,622.0,689.0,741.0,734.0,713.0,679.0,677.0,874.0,1326.0,1671.0,1899.0,1833.0,1616.0,1405.0,1200.0,999.0,772.0,598.0,550.0,550.0,550.0,550.0,550.0,550.0,550.0,550.0,550.0,604.0,816.0,1099.0,1395.0,1584.0,1648.0,1659.0,1572.0,1456.0,1329.0,1114.0,917.0,746.0,594.0,550.0,550.0,550.0,550.0,550.0,550.0,550.0
mochos,25,---,1711.0,2181.0,2684.0,3047.0,3338.0,3414.0,3294.0,3025.0,2712.0,2348.0,1365.0,1394.0,1418.0,1431.0,1443.0,1456.0,1438.0,1443.0,1429.0,1421.0,1404.0,1374.0,1374.0,1343.0,1326.0,1314.0,1283.0,1268.0,1247.0,1212.0,1201.0,1183.0,1155.0,1140.0,1103.0,1082.0,1064.0,1042.0,1024.0,994.0,965.0,958.0,935.0,921.0,903.0,867.0,861.0,837.0,814.0,802.0,-,550.0,550.0,622.0,693.0,729.0,735.0,704.0,678.0,683.0,872.0,1309.0,1678.0,1915.0,1828.0,1606.0,1398.0,1186.0,1006.0,769.0,594.0,550.0,550.0,550.0,550.0,550.0,550.0,550.0,550.0,550.0,597.0,803.0,1088.0,1386.0,1583.0,1648.0,1648.0,1568.0,1434.0,1313.0,1109.0,923.0,737.0,593.0,550.0,550.0,550.0,550.0,550.0,550.0,550.0
mochos,50,---,1766.0,2251.0,2773.0,3143.0,3449.0,3526.0,3401.0,3116.0,2799.0,2422.0,1407.0,1443.0,1463.0,1478.0,1493.0,1505.0,1488.0,1496.0,1475.0,1470.0,1453.0,1417.0,1414.0,1389.0,1367.0,1356.0,1324.0,1309.0,1285.0,1248.0,1239.0,1219.0,1189.0,1170.0,1137.0,1116.0,1093.0,1074.0,1052.0,1023.0,995.0,988.0,956.0,943.0,925.0,889.0,882.0,856.0,833.0,820.0,-,550.0,550.0,641.0,720.0,759.0,755.0,741.0,705.0,702.0,896.0,1376.0,1767.0,1975.0,1918.0,1699.0,1466.0,1250.0,1045.0,799.0,619.0,550.0,550.0,550.0,550.0,550.0,550.0,550.0,550.0,550.0,618.0,821.0,1129.0,1442.0,1645.0,1753.0,1738.0,1648.0,1500.0,1391.0,1174.0,960.0,768.0,617.0,550.0,550.0,550.0,550.0,550.0,550.0,550.0
mochos,50,---,1739.0,2213.0,2723.0,3087.0,3388.0,3461.0,3341.0,3064.0,2746.0,2383.0,1388.0,1424.0,1443.0,1453.0,1470.0,1480.0,1462.0,1474.0,1453.0,1449.0,1428.0,1398.0,1398.0,1366.0,1348.0,1333.0,1305.0,1292.0,1265.0,1232.0,1221.0,1199.0,1171.0,1155.0,1120.0,1098.0,1077.0,1058.0,1039.0,1011.0,982.0,977.0,945.0,931.0,914.0,876.0,872.0,847.0,824.0,812.0,-,550.0,550.0,640.0,717.0,772.0,770.0,739.0,695.0,707.0,890.0,1382.0,1761.0,2011.0,1939.0,1690.0,1488.0,1265.0,1061.0,806.0,624.0,550.0,550.0,550.0,550.0,550.0,550.0,550.0,550.0,550.0,619.0,842.0,1140.0,1451.0,1685.0,1760.0,1757.0,1674.0,1552.0,1409.0,1175.0,960.0,779.0,618.0,550.0,550.0,550.0,550.0,550.0,550.0,550.0
mochos,50,---,1785.0,2275.0,2795.0,3170.0,3471.0,3552.0,3432.0,3145.0,2821.0,2444.0,1423.0,1456.0,1476.0,1491.0,1507.0,1519.0,1500.0,1507.0,1487.0,1482.0,1466.0,1431.0,1431.0,1399.0,1381.0,1370.0,1336.0,1322.0,1295.0,1261.0,1249.0,1230.0,1197.0,1180.0,1144.0,1126.0,1102.0,1082.0,1061.0,1031.0,1001.0,994.0,966.0,951.0,933.0,893.0,889.0,862.0,839.0,826.0,-,550.0,550.0,619.0,695.0,737.0,747.0,710.0,684.0,687.0,863.0,1312.0,1678.0,1903.0,1841.0,1611.0,1405.0,1197.0,997.0,759.0,595.0,550.0,550.0,550.0,550.0,550.0,550.0,550.0,550.0,550.0,592.0,797.0,1063.0,1366.0,1552.0,1631.0,1644.0,1535.0,1424.0,1312.0,1106.0,901.0,741.0,592.0,550.0,550.0,550.0,550.0,550.0,550.0,550.0
mochos,50,---,1730.0,2205.0,2705.0,3066.0,3360.0,3436.0,3318.0,3045.0,2729.0,2365.0,1381.0,1413.0,1433.0,1448.0,1461.0,1476.0,1457.0,1468.0,1445.0,1443.0,1422.0,1391.0,1390.0,1360.0,1344.0,1328.0,1298.0,1285.0,1258.0,1224.0,1215.0,1195.0,1166.0,1151.0,1113.0,1093.0,1074.0,1050.0,1032.0,1003.0,976.0,971.0,941.0,928.0,909.0,873.0,868.0,843.0,821.0,808.0,-,550.0,550.0,624.0,693.0,749.0,737.0,716.0,678.0,683.0,867.0,1318.0,1676.0,1906.0,1845.0,1605.0,1400.0,1193.0,996.0,759.0,592.0,550.0,550.0,550.0,550.0,550.0,550.0,550.0,550.0,550.0,592.0,799.0,1072.0,1376.0,1569.0,1658.0,1638.0,1550.0,1437.0,1318.0,1115.0,915.0,739.0,593.0,550.0,550.0,550.0,550.0,550.0,550.0,550.0
mochos,125,---,1788.0,2279.0,2773.0,3161.0,3458.0,3519.0,3427.0,3134.0,2803.0,2459.0,1434.0,1470.0,1491.0,1503.0,1517.0,1527.0,1512.0,1519.0,1501.0,1498.0,1477.0,1444.0,1441.0,1410.0,1389.0,1375.0,1343.0,1324.0,1300.0,1267.0,1254.0,1234.0,1202.0,1186.0,1147.0,1125.0,1104.0,1083.0,1060.0,1031.0,1003.0,996.0,964.0,949.0,929.0,892.0,885.0,858.0,835.0,823.0,-,550.0,550.0,657.0,724.0,784.0,782.0,758.0,717.0,718.0,923.0,1433.0,1837.0,2080.0,2017.0,1760.0,1550.0,1315.0,1077.0,823.0,629.0,550.0,550.0,550.0,550.0,550.0,550.0,550.0,550.0,550.0,630.0,849.0,1170.0,1490.0,1713.0,1808.0,1829.0,1713.0,1591.0,1438.0,1223.0,996.0,789.0,635.0,550.0,550.0,550.0,550.0,550.0,550.0,550.0
mochos,125,---,1810.0,2315.0,2827.0,3207.0,3520.0,3591.0,3480.0,3190.0,2856.0,2494.0,1449.0,1488.0,1508.0,1520.0,1535.0,1547.0,1528.0,1537.0,1519.0,1513.0,1497.0,1457.0,1455.0,1424.0,1403.0,1389.0,1357.0,1341.0,1315.0,1282.0,1266.0,1245.0,1214.0,1197.0,1159.0,1137.0,1115.0,1095.0,1073.0,1043.0,1012.0,1004.0,974.0,957.0,938.0,901.0,894.0,869.0,842.0,831.0,-,550.0,550.0,649.0,723.0,783.0,771.0,758.0,713.0,713.0,918.0,1419.0,1802.0,2064.0,1997.0,1752.0,1531.0,1297.0,1074.0,832.0,627.0,550.0,550.0,550.0,550.0,550.0,550.0,550.0,550.0,550.0,621.0,839.0,1154.0,1500.0,1693.0,1790.0,1798.0,1701.0,1586.0,1435.0,1211.0,995.0,797.0,625.0,550.0,550.0,550.0,550.0,550.0,550.0,550.0
mochos,125,---,1742.0,2219.0,2710.0,3082.0,3379.0,3451.0,3344.0,3060.0,2740.0,2391.0,1396.0,1433.0,1455.0,1467.0,1479.0,1494.0,1474.0,1484.0,1464.0,1459.0,1442.0,1406.0,1404.0,1374.0,1354.0,1342.0,1312.0,1295.0,1269.0,1236.0,1224.0,1201.0,1175.0,1159.0,1122.0,1102.0,1079.0,1060.0,1038.0,1010.0,982.0,974.0,945.0,930.0,912.0,871.0,866.0,842.0,821.0,806.0,-,550.0,550.0,665.0,738.0,789.0,789.0,768.0,722.0,722.0,929.0,1443.0,1852.0,2091.0,2019.0,1766.0,1552.0,1308.0,1086.0,828.0,630.0,550.0,550.0,550.0,550.0,550.0,550.0,550.0,550.0,550.0,630.0,855.0,1181.0,1509.0,1719.0,1825.0,1826.0,1728.0,1591.0,1447.0,1232.0,992.0,787.0,637.0,550.0,550.0,550.0,550.0,550.0,550.0,550.0
mochos,125,---,1766.0,2252.0,2748.0,3125.0,3422.0,3490.0,3388.0,3103.0,2775.0,2429.0,1416.0,1451.0,1472.0,1484.0,1501.0,1512.0,1491.0,1501.0,1484.0,1478.0,1463.0,1422.0,1421.0,1392.0,1372.0,1358.0,1328.0,1313.0,1284.0,1252.0,1239.0,1218.0,1188.0,1171.0,1136.0,1114.0,1090.0,1070.0,1048.0,1019.0,995.0,985.0,954.0,939.0,921.0,882.0,877.0,852.0,828.0,817.0,-,550.0,550.0,655.0,735.0,785.0,779.0,750.0,724.0,715.0,919.0,1422.0,1821.0,2085.0,2026.0,1759.0,1531.0,1299.0,1083.0,827.0,631.0,550.0,550.0,550.0,550.0,550.0,550.0,550.0,550.0,550.0,627.0,848.0,1169.0,1511.0,1717.0,1809.0,1808.0,1718.0,1570.0,1445.0,1218.0,1003.0,794.0,630.0,550.0,550.0,550.0,550.0,550.0,550.0,550.0
mochos,250,---,1830.0,2339.0,2858.0,3245.0,3556.0,3626.0,3514.0,3220.0,2882.0,2513.0,1455.0,1490.0,1511.0,1525.0,1541.0,1553.0,1533.0,1538.0,1521.0,1512.0,1494.0,1458.0,1452.0,1418.0,1397.0,1382.0,1351.0,1332.0,1307.0,1271.0,1259.0,1234.0,1204.0,1183.0,1147.0,1124.0,1101.0,1079.0,1056.0,1025.0,994.0,987.0,956.0,940.0,923.0,881.0,875.0,850.0,825.0,811.0,-,550.0,550.0,681.0,780.0,827.0,836.0,807.0,757.0,768.0,981.0,1520.0,1975.0,2249.0,2190.0,1910.0,1669.0,1424.0,1184.0,894.0,673.0,554.0,550.0,550.0,550.0,550.0,550.0,550.0,550.0,550.0,645.0,891.0,1232.0,1616.0,1874.0,1977.0,1969.0,1872.0,1724.0,1568.0,1330.0,1081.0,835.0,660.0,550.0,550.0,550.0,550.0,550.0,550.0,550.0
mochos,250,---,1770.0,2260.0,2753.0,3130.0,3427.0,3492.0,3388.0,3103.0,2780.0,2428.0,1409.0,1450.0,1466.0,1476.0,1491.0,1504.0,1486.0,1490.0,1473.0,1466.0,1449.0,1411.0,1409.0,1377.0,1357.0,1344.0,1312.0,1296.0,1269.0,1233.0,1223.0,1198.0,1167.0,1151.0,1118.0,1094.0,1071.0,1049.0,1031.0,1000.0,969.0,963.0,932.0,917.0,899.0,862.0,854.0,830.0,804.0,794.0,-,550.0,550.0,680.0,769.0,829.0,829.0,800.0,752.0,761.0,957.0,1505.0,1967.0,2237.0,2162.0,1904.0,1654.0,1403.0,1165.0,889.0,677.0,550.0,550.0,550.0,550.0,550.0,550.0,550.0,550.0,550.0,647.0,882.0,1227.0,1607.0,1840.0,1951.0,1967.0,1853.0,1712.0,1567.0,1323.0,1083.0,841.0,668.0,551.0,550.0,550.0,550.0,550.0,550.0,550.0
mochos,250,---,1854.0,2369.0,2883.0,3282.0,3592.0,3654.0,3553.0,3253.0,2913.0,2552.0,1475.0,1513.0,1531.0,1546.0,1561.0,1571.0,1551.0,1560.0,1539.0,1532.0,1518.0,1477.0,1472.0,1439.0,1418.0,1400.0,1370.0,1350.0,1324.0,1285.0,1273.0,1250.0,1219.0,1201.0,1161.0,1140.0,1116.0,1095.0,1069.0,1037.0,1006.0,998.0,967.0,950.0,930.0,891.0,884.0,858.0,835.0,821.0,-,550.0,554.0,671.0,756.0,811.0,816.0,788.0,741.0,752.0,951.0,1486.0,1910.0,2173.0,2099.0,1853.0,1613.0,1361.0,1141.0,866.0,655.0,550.0,550.0,550.0,550.0,550.0,550.0,550.0,550.0,550.0,639.0,860.0,1205.0,1584.0,1776.0,1891.0,1894.0,1792.0,1653.0,1501.0,1281.0,1040.0,827.0,653.0,550.0,550.0,550.0,550.0,550.0,550.0,550.0
mochos,250,---,1858.0,2373.0,2883.0,3281.0,3588.0,3652.0,3555.0,3254.0,2911.0,2555.0,1474.0,1513.0,1532.0,1546.0,1559.0,1573.0,1553.0,1559.0,1540.0,1533.0,1517.0,1477.0,1474.0,1441.0,1417.0,1402.0,1370.0,1353.0,1323.0,1287.0,1275.0,1251.0,1218.0,1201.0,1161.0,1140.0,1114.0,1092.0,1070.0,1039.0,1009.0,998.0,966.0,951.0,932.0,893.0,885.0,859.0,834.0,820.0,-,550.0,550.0,674.0,749.0,816.0,816.0,789.0,739.0,752.0,953.0,1479.0,1914.0,2197.0,2117.0,1841.0,1619.0,1374.0,1136.0,861.0,656.0,550.0,550.0,550.0,550.0,550.0,550.0,550.0,550.0,550.0,642.0,882.0,1217.0,1577.0,1786.0,1893.0,1904.0,1805.0,1663.0,1509.0,1279.0,1053.0,829.0,653.0,550.0,550.0,550.0,550.0,550.0,550.0,550.0
mochos,750,---,1840.0,2349.0,2866.0,3257.0,3565.0,3630.0,3519.0,3223.0,2886.0,2518.0,1437.0,1470.0,1489.0,1498.0,1512.0,1522.0,1500.0,1503.0,1479.0,1470.0,1451.0,1412.0,1405.0,1373.0,1348.0,1333.0,1295.0,1277.0,1248.0,1208.0,1194.0,1171.0,1137.0,1118.0,1079.0,1057.0,1032.0,1007.0,982.0,951.0,921.0,914.0,883.0,868.0,848.0,811.0,805.0,779.0,756.0,745.0,-,550.0,550.0,655.0,723.0,778.0,791.0,763.0,720.0,724.0,923.0,1414.0,1821.0,2075.0,2009.0,1791.0,1551.0,1314.0,1095.0,839.0,640.0,550.0,550.0,550.0,550.0,550.0,550.0,550.0,550.0,550.0,606.0,817.0,1134.0,1454.0,1649.0,1749.0,1776.0,1677.0,1520.0,1400.0,1198.0,976.0,768.0,622.0,550.0,550.0,550.0,550.0,550.0,550.0,550.0
mochos,750,---,1820.0,2326.0,2841.0,3226.0,3535.0,3606.0,3491.0,3196.0,2862.0,2497.0,1424.0,1455.0,1474.0,1481.0,1497.0,1505.0,1482.0,1487.0,1465.0,1456.0,1433.0,1398.0,1393.0,1361.0,1337.0,1318.0,1282.0,1264.0,1236.0,1199.0,1184.0,1158.0,1126.0,1109.0,1070.0,1047.0,1022.0,998.0,974.0,941.0,913.0,907.0,876.0,862.0,842.0,804.0,800.0,773.0,752.0,739.0,-,550.0,550.0,651.0,720.0,784.0,779.0,758.0,717.0,711.0,909.0,1387.0,1803.0,2041.0,1986.0,1746.0,1509.0,1296.0,1084.0,827.0,637.0,550.0,550.0,550.0,550.0,550.0,550.0,550.0,550.0,550.0,604.0,813.0,1109.0,1424.0,1632.0,1712.0,1725.0,1650.0,1517.0,1392.0,1167.0,965.0,779.0,615.0,550.0,550.0,550.0,550.0,550.0,550.0,550.0
mochos,750,---,1823.0,2325.0,2841.0,3228.0,3537.0,3609.0,3495.0,3194.0,2864.0,2498.0,1423.0,1456.0,1472.0,1484.0,1499.0,1508.0,1482.0,1485.0,1466.0,1457.0,1437.0,1397.0,1389.0,1359.0,1338.0,1318.0,1284.0,1264.0,1237.0,1197.0,1182.0,1158.0,1124.0,1107.0,1070.0,1046.0,1022.0,998.0,973.0,941.0,913.0,905.0,876.0,860.0,841.0,805.0,797.0,773.0,751.0,739.0,-,550.0,550.0,644.0,726.0,780.0,769.0,750.0,709.0,716.0,903.0,1383.0,1805.0,2023.0,1972.0,1727.0,1491.0,1280.0,1077.0,816.0,635.0,550.0,550.0,550.0,550.0,550.0,550.0,550.0,550.0,550.0,607.0,805.0,1099.0,1424.0,1613.0,1711.0,1703.0,1625.0,1488.0,1373.0,1168.0,957.0,761.0,612.0,550.0,550.0,550.0,550.0,550.0,550.0,550.0
mochos,750,---,1825.0,2328.0,2832.0,3222.0,3525.0,3587.0,3490.0,3194.0,2854.0,2503.0,1424.0,1459.0,1476.0,1485.0,1501.0,1507.0,1487.0,1490.0,1472.0,1458.0,1438.0,1401.0,1392.0,1360.0,1339.0,1319.0,1285.0,1266.0,1237.0,1199.0,1186.0,1158.0,1128.0,1109.0,1071.0,1045.0,1022.0,998.0,978.0,940.0,914.0,904.0,876.0,862.0,842.0,804.0,798.0,774.0,752.0,739.0,-,550.0,550.0,641.0,717.0,768.0,762.0,747.0,704.0,695.0,886.0,1360.0,1759.0,1999.0,1949.0,1704.0,1488.0,1279.0,1054.0,813.0,625.0,550.0,550.0,550.0,550.0,550.0,550.0,550.0,550.0,550.0,597.0,784.0,1089.0,1408.0,1594.0,1689.0,1686.0,1591.0,1477.0,1343.0,1153.0,945.0,758.0,599.0,550.0,550.0,550.0,550.0,550.0,550.0,550.0
mochos,1250,---,1819.0,2320.0,2822.0,3212.0,3514.0,3574.0,3481.0,3184.0,2847.0,2494.0,1416.0,1443.0,1463.0,1472.0,1480.0,1489.0,1465.0,1465.0,1441.0,1429.0,1409.0,1372.0,1361.0,1328.0,1304.0,1282.0,1248.0,1228.0,1196.0,1158.0,1143.0,1118.0,1086.0,1065.0,1028.0,1003.0,975.0,951.0,927.0,896.0,866.0,858.0,831.0,815.0,797.0,760.0,754.0,729.0,708.0,698.0,-,550.0,550.0,637.0,703.0,755.0,750.0,723.0,686.0,688.0,869.0,1330.0,1687.0,1930.0,1871.0,1648.0,1424.0,1218.0,1008.0,775.0,610.0,550.0,550.0,550.0,550.0,550.0,550.0,550.0,550.0,550.0,580.0,775.0,1036.0,1296.0,1483.0,1569.0,1572.0,1487.0,1359.0,1255.0,1075.0,887.0,719.0,587.0,550.0,550.0,550.0,550.0,550.0,550.0,550.0
mochos,1250,---,1767.0,2254.0,2760.0,3131.0,3436.0,3508.0,3388.0,3105.0,2780.0,2421.0,1375.0,1403.0,1418.0,1427.0,1438.0,1445.0,1420.0,1425.0,1406.0,1389.0,1372.0,1333.0,1328.0,1293.0,1270.0,1248.0,1216.0,1197.0,1169.0,1131.0,1115.0,1089.0,1059.0,1040.0,1004.0,979.0,952.0,929.0,907.0,876.0,850.0,841.0,813.0,799.0,777.0,744.0,738.0,716.0,694.0,684.0,-,550.0,550.0,624.0,695.0,736.0,741.0,721.0,673.0,681.0,851.0,1321.0,1671.0,1903.0,1828.0,1610.0,1398.0,1186.0,989.0,760.0,597.0,550.0,550.0,550.0,550.0,550.0,550.0,550.0,550.0,550.0,576.0,746.0,995.0,1278.0,1457.0,1533.0,1523.0,1455.0,1344.0,1242.0,1055.0,871.0,704.0,571.0,550.0,550.0,550.0,550.0,550.0,550.0,550.0
mochos,1250,---,1807.0,2306.0,2820.0,3203.0,3511.0,3581.0,3467.0,3173.0,2841.0,2469.0,1397.0,1430.0,1444.0,1451.0,1465.0,1472.0,1447.0,1452.0,1426.0,1416.0,1395.0,1355.0,1349.0,1314.0,1289.0,1270.0,1236.0,1214.0,1185.0,1146.0,1132.0,1106.0,1073.0,1053.0,1015.0,991.0,965.0,940.0,920.0,888.0,859.0,852.0,823.0,807.0,788.0,754.0,747.0,724.0,702.0,693.0,-,550.0,550.0,624.0,688.0,732.0,724.0,707.0,671.0,668.0,846.0,1271.0,1618.0,1839.0,1791.0,1569.0,1370.0,1169.0,975.0,750.0,591.0,550.0,550.0,550.0,550.0,550.0,550.0,550.0,550.0,550.0,562.0,747.0,1003.0,1264.0,1424.0,1489.0,1472.0,1427.0,1310.0,1213.0,1020.0,851.0,694.0,566.0,550.0,550.0,550.0,550.0,550.0,550.0,550.0
mochos,1250,---,1784.0,2278.0,2783.0,3162.0,3468.0,3539.0,3425.0,3134.0,2804.0,2445.0,1385.0,1414.0,1428.0,1436.0,1448.0,1454.0,1429.0,1435.0,1412.0,1400.0,1380.0,1341.0,1334.0,1299.0,1275.0,1256.0,1221.0,1200.0,1170.0,1135.0,1119.0,1095.0,1063.0,1045.0,1003.0,981.0,956.0,933.0,910.0,881.0,852.0,847.0,816.0,802.0,783.0,748.0,742.0,719.0,696.0,688.0,-,550.0,550.0,617.0,688.0,734.0,727.0,704.0,672.0,666.0,850.0,1278.0,1636.0,1853.0,1781.0,1578.0,1392.0,1168.0,975.0,753.0,591.0,550.0,550.0,550.0,550.0,550.0,550.0,550.0,550.0,550.0,562.0,743.0,977.0,1255.0,1424.0,1506.0,1504.0,1413.0,1310.0,1213.0,1030.0,865.0,702.0,571.0,550.0,550.0,550.0,550.0,550.0,550.0,550.0
mochos,1875,---,1733.0,2210.0,2709.0,3073.0,3368.0,3438.0,3324.0,3042.0,2725.0,2370.0,1344.0,1373.0,1386.0,1391.0,1404.0,1410.0,1384.0,1385.0,1363.0,1351.0,1332.0,1293.0,1285.0,1251.0,1226.0,1207.0,1172.0,1153.0,1125.0,1087.0,1071.0,1049.0,1015.0,1000.0,961.0,935.0,911.0,890.0,868.0,839.0,809.0,804.0,778.0,764.0,744.0,712.0,706.0,684.0,665.0,655.0,-,550.0,550.0,615.0,686.0,729.0,730.0,697.0,666.0,661.0,847.0,1285.0,1623.0,1833.0,1773.0,1550.0,1362.0,1167.0,970.0,746.0,592.0,550.0,550.0,550.0,550.0,550.0,550.0,550.0,550.0,550.0,559.0,734.0,978.0,1240.0,1399.0,1456.0,1456.0,1386.0,1286.0,1195.0,1003.0,841.0,679.0,560.0,550.0,550.0,550.0,550.0,550.0,550.0,550.0
mochos,1875,---,1804.0,2302.0,2821.0,3200.0,3507.0,3581.0,3464.0,3170.0,2840.0,2470.0,1392.0,1422.0,1437.0,1442.0,1452.0,1460.0,1435.0,1436.0,1414.0,1399.0,1380.0,1340.0,1331.0,1296.0,1270.0,1248.0,1213.0,1194.0,1164.0,1124.0,1110.0,1081.0,1049.0,1030.0,989.0,964.0,940.0,917.0,893.0,864.0,834.0,829.0,800.0,783.0,765.0,729.0,724.0,700.0,682.0,671.0,-,550.0,550.0,622.0,685.0,728.0,724.0,707.0,663.0,673.0,841.0,1285.0,1627.0,1858.0,1781.0,1552.0,1360.0,1162.0,976.0,758.0,594.0,550.0,550.0,550.0,550.0,550.0,550.0,550.0,550.0,550.0,566.0,737.0,974.0,1243.0,1398.0,1463.0,1476.0,1402.0,1291.0,1186.0,1031.0,848.0,688.0,564.0,550.0,550.0,550.0,550.0,550.0,550.0,550.0
mochos,1875,---,1795.0,2292.0,2809.0,3187.0,3488.0,3560.0,3443.0,3151.0,2826.0,2453.0,1382.0,1412.0,1426.0,1435.0,1443.0,1449.0,1425.0,1426.0,1403.0,1390.0,1370.0,1330.0,1322.0,1285.0,1262.0,1241.0,1205.0,1185.0,1156.0,1117.0,1099.0,1076.0,1042.0,1023.0,983.0,957.0,933.0,911.0,887.0,857.0,829.0,822.0,791.0,780.0,759.0,725.0,719.0,699.0,678.0,668.0,-,550.0,550.0,623.0,685.0,718.0,718.0,695.0,661.0,659.0,831.0,1243.0,1598.0,1797.0,1734.0,1521.0,1329.0,1136.0,956.0,726.0,581.0,550.0,550.0,550.0,550.0,550.0,550.0,550.0,550.0,550.0,556.0,715.0,944.0,1200.0,1360.0,1420.0,1425.0,1344.0,1247.0,1143.0,973.0,813.0,675.0,558.0,550.0,550.0,550.0,550.0,550.0,550.0,550.0
mochos,1875,---,1722.0,2194.0,2685.0,3049.0,3343.0,3416.0,3300.0,3021.0,2707.0,2349.0,1333.0,1361.0,1376.0,1378.0,1389.0,1396.0,1373.0,1371.0,1352.0,1339.0,1318.0,1281.0,1276.0,1241.0,1218.0,1198.0,1164.0,1141.0,1115.0,1078.0,1062.0,1039.0,1008.0,990.0,951.0,927.0,905.0,882.0,862.0,834.0,803.0,797.0,771.0,756.0,740.0,706.0,702.0,679.0,659.0,652.0,-,550.0,550.0,599.0,666.0,707.0,704.0,675.0,644.0,655.0,823.0,1235.0,1565.0,1766.0,1707.0,1472.0,1296.0,1104.0,915.0,717.0,565.0,550.0,550.0,550.0,550.0,550.0,550.0,550.0,550.0,550.0,550.0,707.0,931.0,1174.0,1321.0,1374.0,1380.0,1310.0,1205.0,1119.0,953.0,794.0,659.0,550.0,550.0,550.0,550.0,550.0,550.0,550.0,550.0
mochos2,0,---,1831.0,2332.0,2846.0,3226.0,3532.0,3600.0,3475.0,3178.0,2845.0,2481.0,1450.0,1487.0,1511.0,1523.0,1537.0,1551.0,1529.0,1540.0,1523.0,1518.0,1501.0,1462.0,1460.0,1429.0,1409.0,1396.0,1363.0,1350.0,1323.0,1289.0,1277.0,1253.0,1226.0,1207.0,1170.0,1148.0,1125.0,1103.0,1085.0,1053.0,1025.0,1017.0,987.0,972.0,953.0,914.0,906.0,881.0,857.0,844.0,-,550.0,550.0,599.0,653.0,689.0,677.0,667.0,640.0,638.0,825.0,1200.0,1479.0,1677.0,1586.0,1393.0,1232.0,1029.0,879.0,681.0,550.0,550.0,550.0,550.0,550.0,550.0,550.0,550.0,550.0,550.0,573.0,752.0,994.0,1234.0,1365.0,1431.0,1427.0,1339.0,1243.0,1134.0,951.0,803.0,656.0,550.0,550.0,550.0,550.0,550.0,550.0,550.0,550.0
mochos2,0,---,1816.0,2318.0,2828.0,3207.0,3508.0,3576.0,3458.0,3158.0,2833.0,2468.0,1439.0,1476.0,1497.0,1513.0,1527.0,1539.0,1523.0,1528.0,1515.0,1504.0,1488.0,1452.0,1452.0,1418.0,1403.0,1385.0,1355.0,1337.0,1315.0,1278.0,1269.0,1246.0,1216.0,1198.0,1163.0,1140.0,1116.0,1096.0,1071.0,1046.0,1017.0,1011.0,980.0,965.0,946.0,907.0,901.0,874.0,852.0,839.0,-,550.0,550.0,599.0,650.0,691.0,681.0,666.0,627.0,636.0,829.0,1203.0,1502.0,1684.0,1603.0,1397.0,1233.0,1059.0,881.0,685.0,550.0,550.0,550.0,550.0,550.0,550.0,550.0,550.0,550.0,550.0,576.0,747.0,985.0,1232.0,1374.0,1425.0,1435.0,1353.0,1243.0,1152.0,965.0,800.0,663.0,550.0,550.0,550.0,550.0,550.0,550.0,550.0,550.0
mochos2,0,---,1823.0,2323.0,2833.0,3209.0,3516.0,3581.0,3458.0,3161.0,2835.0,2471.0,1442.0,1479.0,1501.0,1512.0,1530.0,1542.0,1520.0,1528.0,1512.0,1505.0,1487.0,1450.0,1448.0,1418.0,1400.0,1384.0,1356.0,1337.0,1315.0,1279.0,1267.0,1247.0,1215.0,1196.0,1163.0,1140.0,1116.0,1098.0,1076.0,1043.0,1017.0,1010.0,979.0,962.0,946.0,908.0,900.0,877.0,850.0,838.0,-,550.0,550.0,592.0,643.0,688.0,683.0,654.0,631.0,626.0,815.0,1198.0,1490.0,1658.0,1568.0,1378.0,1217.0,1040.0,869.0,673.0,550.0,550.0,550.0,550.0,550.0,550.0,550.0,550.0,550.0,550.0,576.0,745.0,976.0,1213.0,1351.0,1409.0,1413.0,1318.0,1231.0,1109.0,948.0,789.0,656.0,550.0,550.0,550.0,550.0,550.0,550.0,550.0,550.0
mochos2,0,---,1748.0,2221.0,2708.0,3073.0,3367.0,3434.0,3310.0,3028.0,2713.0,2362.0,1386.0,1422.0,1442.0,1451.0,1469.0,1479.0,1463.0,1469.0,1450.0,1447.0,1432.0,1395.0,1395.0,1364.0,1349.0,1335.0,1305.0,1289.0,1266.0,1233.0,1221.0,1199.0,1171.0,1155.0,1121.0,1100.0,1079.0,1058.0,1039.0,1010.0,982.0,977.0,947.0,935.0,914.0,878.0,873.0,849.0,826.0,814.0,-,550.0,550.0,592.0,639.0,675.0,677.0,653.0,627.0,629.0,803.0,1168.0,1466.0,1627.0,1550.0,1366.0,1195.0,1020.0,854.0,660.0,550.0,550.0,550.0,550.0,550.0,550.0,550.0,550.0,550.0,550.0,570.0,731.0,962.0,1195.0,1326.0,1386.0,1370.0,1296.0,1195.0,1104.0,934.0,794.0,641.0,550.0,550.0,550.0,550.0,550.0,550.0,550.0,550.0
mochos2,12.5,---,1878.0,2394.0,2899.0,3297.0,3601.0,3659.0,3551.0,3241.0,2902.0,2541.0,1478.0,1516.0,1538.0,1550.0,1566.0,1578.0,1559.0,1567.0,1546.0,1543.0,1528.0,1489.0,1486.0,1453.0,1433.0,1423.0,1386.0,1369.0,1343.0,1306.0,1297.0,1274.0,1241.0,1224.0,1187.0,1165.0,1142.0,1120.0,1097.0,1067.0,1040.0,1031.0,1000.0,982.0,965.0,924.0,920.0,893.0,868.0,853.0,-,550.0,550.0,593.0,655.0,693.0,688.0,659.0,635.0,647.0,830.0,1217.0,1515.0,1693.0,1616.0,1415.0,1232.0,1054.0,893.0,689.0,551.0,550.0,550.0,550.0,550.0,550.0,550.0,550.0,550.0,550.0,575.0,753.0,986.0,1238.0,1382.0,1445.0,1433.0,1360.0,1246.0,1141.0,971.0,813.0,668.0,552.0,550.0,550.0,550.0,550.0,550.0,550.0,550.0
mochos2,12.5,---,1859.0,2374.0,2880.0,3271.0,3575.0,3634.0,3524.0,3216.0,2881.0,2522.0,1463.0,1503.0,1525.0,1538.0,1551.0,1566.0,1547.0,1552.0,1536.0,1527.0,1513.0,1477.0,1471.0,1440.0,1421.0,1407.0,1373.0,1360.0,1334.0,1296.0,1283.0,1262.0,1233.0,1215.0,1180.0,1157.0,1133.0,1112.0,1090.0,1059.0,1032.0,1025.0,994.0,977.0,956.0,918.0,911.0,885.0,861.0,847.0,-,550.0,550.0,587.0,639.0,687.0,678.0,660.0,625.0,629.0,807.0,1184.0,1483.0,1655.0,1586.0,1394.0,1211.0,1039.0,866.0,673.0,550.0,550.0,550.0,550.0,550.0,550.0,550.0,550.0,550.0,550.0,571.0,731.0,965.0,1197.0,1328.0,1394.0,1382.0,1311.0,1223.0,1133.0,943.0,799.0,658.0,550.0,550.0,550.0,550.0,550.0,550.0,550.0,550.0
mochos2,12.5,---,1858.0,2365.0,2867.0,3261.0,3562.0,3618.0,3510.0,3205.0,2865.0,2512.0,1464.0,1500.0,1520.0,1537.0,1547.0,1560.0,1542.0,1549.0,1530.0,1525.0,1510.0,1471.0,1470.0,1438.0,1419.0,1403.0,1371.0,1354.0,1329.0,1291.0,1280.0,1259.0,1229.0,1211.0,1174.0,1153.0,1128.0,1109.0,1086.0,1057.0,1030.0,1022.0,990.0,975.0,956.0,916.0,907.0,883.0,859.0,846.0,-,550.0,550.0,590.0,637.0,673.0,673.0,651.0,624.0,626.0,805.0,1184.0,1444.0,1637.0,1535.0,1383.0,1195.0,1015.0,869.0,663.0,550.0,550.0,550.0,550.0,550.0,550.0,550.0,550.0,550.0,550.0,563.0,731.0,953.0,1193.0,1328.0,1376.0,1376.0,1301.0,1201.0,1104.0,940.0,787.0,647.0,550.0,550.0,550.0,550.0,550.0,550.0,550.0,550.0
mochos2,12.5,---,1853.0,2355.0,2856.0,3242.0,3542.0,3602.0,3494.0,3194.0,2857.0,2500.0,1455.0,1493.0,1518.0,1526.0,1544.0,1555.0,1535.0,1542.0,1526.0,1522.0,1503.0,1467.0,1465.0,1433.0,1412.0,1398.0,1370.0,1350.0,1325.0,1291.0,1276.0,1256.0,1226.0,1208.0,1173.0,1145.0,1125.0,1106.0,1083.0,1055.0,1025.0,1019.0,991.0,972.0,951.0,913.0,907.0,881.0,856.0,844.0,-,550.0,550.0,590.0,637.0,678.0,667.0,650.0,619.0,624.0,788.0,1170.0,1456.0,1618.0,1558.0,1373.0,1202.0,1014.0,855.0,673.0,550.0,550.0,550.0,550.0,550.0,550.0,550.0,550.0,550.0,550.0,561.0,725.0,961.0,1181.0,1319.0,1392.0,1371.0,1299.0,1210.0,1118.0,942.0,791.0,656.0,550.0,550.0,550.0,550.0,550.0,550.0,550.0,550.0
mochos2,25,---,1874.0,2390.0,2897.0,3289.0,3596.0,3654.0,3544.0,3238.0,2894.0,2538.0,1475.0,1514.0,1536.0,1550.0,1565.0,1576.0,1556.0,1565.0,1547.0,1540.0,1525.0,1490.0,1483.0,1450.0,1431.0,1415.0,1384.0,1368.0,1344.0,1306.0,1294.0,1274.0,1243.0,1223.0,1184.0,1164.0,1140.0,1117.0,1096.0,1067.0,1038.0,1031.0,1003.0,982.0,963.0,924.0,914.0,890.0,865.0,853.0,-,550.0,550.0,578.0,624.0,656.0,656.0,638.0,607.0,613.0,784.0,1151.0,1405.0,1574.0,1502.0,1323.0,1161.0,991.0,836.0,646.0,550.0,550.0,550.0,550.0,550.0,550.0,550.0,550.0,550.0,550.0,551.0,709.0,907.0,1133.0,1274.0,1322.0,1312.0,1249.0,1152.0,1054.0,902.0,768.0,625.0,550.0,550.0,550.0,550.0,550.0,550.0,550.0,550.0
mochos2,25,---,1791.0,2278.0,2761.0,3138.0,3433.0,3492.0,3384.0,3091.0,2765.0,2423.0,1412.0,1451.0,1472.0,1483.0,1497.0,1509.0,1488.0,1496.0,1483.0,1476.0,1457.0,1423.0,1421.0,1391.0,1374.0,1356.0,1328.0,1311.0,1289.0,1255.0,1243.0,1222.0,1193.0,1175.0,1139.0,1118.0,1099.0,1075.0,1057.0,1027.0,999.0,993.0,963.0,948.0,930.0,893.0,886.0,860.0,837.0,823.0,-,550.0,550.0,574.0,624.0,656.0,656.0,637.0,603.0,613.0,767.0,1121.0,1396.0,1555.0,1491.0,1302.0,1136.0,976.0,822.0,646.0,550.0,550.0,550.0,550.0,550.0,550.0,550.0,550.0,550.0,550.0,554.0,704.0,908.0,1126.0,1248.0,1299.0,1312.0,1241.0,1146.0,1044.0,906.0,752.0,629.0,550.0,550.0,550.0,550.0,550.0,550.0,550.0,550.0
mochos2,25,---,1875.0,2387.0,2895.0,3291.0,3595.0,3655.0,3540.0,3234.0,2895.0,2537.0,1471.0,1512.0,1533.0,1546.0,1559.0,1575.0,1553.0,1562.0,1546.0,1539.0,1523.0,1482.0,1478.0,1446.0,1428.0,1413.0,1383.0,1367.0,1340.0,1302.0,1292.0,1269.0,1241.0,1219.0,1182.0,1161.0,1137.0,1115.0,1095.0,1063.0,1034.0,1029.0,998.0,979.0,960.0,923.0,914.0,888.0,864.0,849.0,-,550.0,550.0,602.0,647.0,695.0,682.0,667.0,636.0,640.0,821.0,1229.0,1508.0,1683.0,1616.0,1422.0,1248.0,1059.0,882.0,687.0,550.0,550.0,550.0,550.0,550.0,550.0,550.0,550.0,550.0,550.0,576.0,751.0,986.0,1218.0,1376.0,1425.0,1445.0,1362.0,1248.0,1154.0,961.0,804.0,663.0,550.0,550.0,550.0,550.0,550.0,550.0,550.0,550.0
mochos2,25,---,1783.0,2270.0,2755.0,3130.0,3425.0,3485.0,3373.0,3078.0,2756.0,2409.0,1404.0,1440.0,1462.0,1473.0,1486.0,1499.0,1479.0,1491.0,1473.0,1468.0,1451.0,1414.0,1413.0,1382.0,1364.0,1350.0,1319.0,1305.0,1279.0,1245.0,1236.0,1211.0,1183.0,1169.0,1131.0,1112.0,1091.0,1070.0,1051.0,1020.0,992.0,989.0,957.0,943.0,924.0,887.0,880.0,856.0,834.0,820.0,-,550.0,550.0,592.0,646.0,688.0,673.0,656.0,627.0,640.0,816.0,1182.0,1505.0,1680.0,1594.0,1420.0,1232.0,1040.0,866.0,676.0,550.0,550.0,550.0,550.0,550.0,550.0,550.0,550.0,550.0,550.0,570.0,745.0,953.0,1217.0,1351.0,1424.0,1415.0,1341.0,1233.0,1150.0,963.0,807.0,659.0,550.0,550.0,550.0,550.0,550.0,550.0,550.0,550.0
mochos2,50,---,1793.0,2281.0,2772.0,3148.0,3447.0,3510.0,3397.0,3103.0,2774.0,2424.0,1419.0,1459.0,1479.0,1488.0,1505.0,1517.0,1500.0,1504.0,1489.0,1486.0,1466.0,1430.0,1428.0,1396.0,1380.0,1366.0,1334.0,1319.0,1296.0,1258.0,1249.0,1225.0,1197.0,1181.0,1144.0,1125.0,1101.0,1083.0,1061.0,1032.0,1004.0,995.0,968.0,950.0,934.0,896.0,889.0,863.0,838.0,828.0,-,550.0,550.0,606.0,654.0,700.0,705.0,677.0,646.0,661.0,846.0,1251.0,1579.0,1762.0,1680.0,1477.0,1296.0,1105.0,913.0,717.0,570.0,550.0,550.0,550.0,550.0,550.0,550.0,550.0,550.0,550.0,586.0,767.0,1022.0,1289.0,1443.0,1505.0,1511.0,1421.0,1319.0,1204.0,1021.0,847.0,698.0,565.0,550.0,550.0,550.0,550.0,550.0,550.0,550.0
mochos2,50,---,1816.0,2315.0,2813.0,3191.0,3493.0,3556.0,3439.0,3146.0,2814.0,2465.0,1440.0,1476.0,1497.0,1512.0,1528.0,1537.0,1519.0,1527.0,1510.0,1505.0,1487.0,1453.0,1448.0,1418.0,1401.0,1384.0,1354.0,1336.0,1314.0,1276.0,1264.0,1243.0,1214.0,1196.0,1159.0,1138.0,1112.0,1095.0,1072.0,1043.0,1016.0,1011.0,978.0,962.0,944.0,905.0,899.0,873.0,850.0,838.0,-,550.0,550.0,599.0,665.0,711.0,695.0,677.0,649.0,644.0,829.0,1232.0,1554.0,1745.0,1678.0,1467.0,1281.0,1088.0,912.0,702.0,565.0,550.0,550.0,550.0,550.0,550.0,550.0,550.0,550.0,550.0,576.0,763.0,1010.0,1281.0,1411.0,1479.0,1483.0,1408.0,1306.0,1189.0,1005.0,827.0,687.0,563.0,550.0,550.0,550.0,550.0,550.0,550.0,550.0
mochos2,50,---,1892.0,2409.0,2914.0,3315.0,3618.0,3671.0,3575.0,3264.0,2919.0,2563.0,1494.0,1529.0,1550.0,1564.0,1577.0,1591.0,1574.0,1580.0,1562.0,1555.0,1541.0,1504.0,1501.0,1466.0,1444.0,1431.0,1396.0,1381.0,1354.0,1317.0,1305.0,1283.0,1251.0,1232.0,1195.0,1172.0,1147.0,1129.0,1104.0,1073.0,1048.0,1041.0,1006.0,990.0,968.0,928.0,924.0,897.0,870.0,858.0,-,550.0,550.0,594.0,652.0,695.0,686.0,666.0,629.0,646.0,823.0,1228.0,1527.0,1705.0,1634.0,1428.0,1264.0,1072.0,897.0,698.0,554.0,550.0,550.0,550.0,550.0,550.0,550.0,550.0,550.0,550.0,585.0,752.0,986.0,1245.0,1407.0,1471.0,1457.0,1371.0,1283.0,1168.0,986.0,817.0,677.0,559.0,550.0,550.0,550.0,550.0,550.0,550.0,550.0
mochos2,50,---,1814.0,2305.0,2792.0,3173.0,3467.0,3519.0,3420.0,3129.0,2794.0,2454.0,1432.0,1470.0,1491.0,1502.0,1512.0,1529.0,1507.0,1515.0,1498.0,1496.0,1479.0,1443.0,1441.0,1409.0,1387.0,1372.0,1345.0,1330.0,1303.0,1266.0,1257.0,1236.0,1203.0,1185.0,1151.0,1130.0,1108.0,1087.0,1065.0,1036.0,1010.0,1003.0,972.0,957.0,937.0,898.0,893.0,867.0,843.0,830.0,-,550.0,550.0,610.0,656.0,704.0,695.0,672.0,637.0,643.0,832.0,1231.0,1535.0,1713.0,1650.0,1456.0,1270.0,1083.0,895.0,702.0,562.0,550.0,550.0,550.0,550.0,550.0,550.0,550.0,550.0,550.0,576.0,758.0,1007.0,1257.0,1409.0,1468.0,1486.0,1404.0,1287.0,1173.0,1003.0,832.0,684.0,560.0,550.0,550.0,550.0,550.0,550.0,550.0,550.0
mochos2,125,---,1831.0,2329.0,2803.0,3197.0,3459.0,3501.0,3426.0,3146.0,2803.0,2473.0,1450.0,1487.0,1507.0,1521.0,1536.0,1549.0,1527.0,1537.0,1520.0,1510.0,1495.0,1461.0,1459.0,1425.0,1409.0,1390.0,1357.0,1341.0,1316.0,1280.0,1266.0,1246.0,1215.0,1196.0,1160.0,1138.0,1116.0,1093.0,1072.0,1041.0,1013.0,1006.0,977.0,964.0,937.0,901.0,893.0,868.0,845.0,831.0,-,550.0,550.0,629.0,692.0,734.0,733.0,707.0,670.0,685.0,871.0,1301.0,1641.0,1853.0,1791.0,1579.0,1365.0,1153.0,961.0,743.0,584.0,550.0,550.0,550.0,550.0,550.0,550.0,550.0,550.0,550.0,592.0,800.0,1070.0,1341.0,1545.0,1600.0,1591.0,1503.0,1393.0,1270.0,1079.0,894.0,726.0,581.0,550.0,550.0,550.0,550.0,550.0,550.0,550.0
mochos2,125,---,1832.0,2328.0,2808.0,3199.0,3472.0,3517.0,3437.0,3152.0,2812.0,2477.0,1451.0,1488.0,1508.0,1518.0,1534.0,1549.0,1528.0,1536.0,1517.0,1510.0,1495.0,1463.0,1459.0,1425.0,1403.0,1388.0,1356.0,1340.0,1314.0,1279.0,1265.0,1244.0,1215.0,1196.0,1160.0,1140.0,1114.0,1092.0,1072.0,1041.0,1014.0,1007.0,978.0,960.0,941.0,901.0,892.0,867.0,844.0,829.0,-,550.0,550.0,622.0,685.0,738.0,734.0,699.0,673.0,678.0,877.0,1312.0,1649.0,1859.0,1778.0,1565.0,1359.0,1152.0,967.0,741.0,582.0,550.0,550.0,550.0,550.0,550.0,550.0,550.0,550.0,550.0,592.0,784.0,1065.0,1355.0,1515.0,1605.0,1600.0,1495.0,1394.0,1270.0,1079.0,893.0,723.0,577.0,550.0,550.0,550.0,550.0,550.0,550.0,550.0
mochos2,125,---,1883.0,2404.0,2896.0,3300.0,3583.0,3631.0,3546.0,3250.0,2901.0,2553.0,1492.0,1529.0,1551.0,1563.0,1580.0,1593.0,1573.0,1579.0,1561.0,1554.0,1536.0,1502.0,1500.0,1466.0,1442.0,1427.0,1396.0,1379.0,1349.0,1315.0,1300.0,1278.0,1246.0,1228.0,1189.0,1167.0,1141.0,1120.0,1098.0,1067.0,1038.0,1031.0,1000.0,981.0,962.0,920.0,912.0,887.0,861.0,848.0,-,550.0,550.0,617.0,678.0,730.0,721.0,690.0,669.0,663.0,869.0,1287.0,1626.0,1828.0,1748.0,1546.0,1338.0,1143.0,945.0,735.0,572.0,550.0,550.0,550.0,550.0,550.0,550.0,550.0,550.0,550.0,593.0,781.0,1045.0,1318.0,1490.0,1580.0,1551.0,1476.0,1365.0,1255.0,1059.0,877.0,714.0,585.0,550.0,550.0,550.0,550.0,550.0,550.0,550.0
mochos2,125,---,1937.0,2471.0,2975.0,3389.0,3673.0,3718.0,3641.0,3341.0,2980.0,2627.0,1533.0,1574.0,1594.0,1605.0,1620.0,1635.0,1613.0,1622.0,1605.0,1595.0,1577.0,1543.0,1538.0,1507.0,1481.0,1464.0,1430.0,1414.0,1386.0,1347.0,1337.0,1310.0,1278.0,1260.0,1221.0,1194.0,1171.0,1148.0,1122.0,1089.0,1064.0,1053.0,1025.0,1003.0,984.0,940.0,932.0,906.0,879.0,866.0,-,550.0,550.0,611.0,668.0,720.0,717.0,695.0,656.0,665.0,859.0,1269.0,1623.0,1813.0,1717.0,1525.0,1328.0,1133.0,940.0,720.0,574.0,550.0,550.0,550.0,550.0,550.0,550.0,550.0,550.0,550.0,587.0,770.0,1040.0,1311.0,1466.0,1555.0,1535.0,1449.0,1344.0,1233.0,1054.0,861.0,705.0,569.0,550.0,550.0,550.0,550.0,550.0,550.0,550.0
mochos2,250,---,1970.0,2510.0,3010.0,3434.0,3691.0,3728.0,3667.0,3382.0,3014.0,2660.0,1548.0,1583.0,1604.0,1617.0,1634.0,1646.0,1624.0,1631.0,1611.0,1601.0,1583.0,1549.0,1542.0,1509.0,1484.0,1465.0,1429.0,1410.0,1381.0,1345.0,1330.0,1304.0,1270.0,1248.0,1210.0,1186.0,1162.0,1137.0,1112.0,1080.0,1049.0,1041.0,1007.0,988.0,966.0,926.0,916.0,888.0,864.0,849.0,-,550.0,550.0,646.0,719.0,759.0,768.0,730.0,703.0,708.0,910.0,1405.0,1773.0,1980.0,1918.0,1681.0,1459.0,1225.0,1031.0,779.0,615.0,550.0,550.0,550.0,550.0,550.0,550.0,550.0,550.0,550.0,617.0,834.0,1121.0,1440.0,1625.0,1701.0,1703.0,1609.0,1479.0,1361.0,1163.0,945.0,762.0,607.0,550.0,550.0,550.0,550.0,550.0,550.0,550.0
mochos2,250,---,1900.0,2423.0,2914.0,3320.0,3593.0,3635.0,3561.0,3269.0,2917.0,2570.0,1498.0,1530.0,1552.0,1563.0,1577.0,1590.0,1569.0,1576.0,1557.0,1550.0,1532.0,1496.0,1489.0,1460.0,1431.0,1417.0,1384.0,1367.0,1337.0,1299.0,1288.0,1263.0,1229.0,1212.0,1176.0,1150.0,1125.0,1106.0,1081.0,1048.0,1017.0,1011.0,977.0,960.0,938.0,899.0,891.0,866.0,842.0,827.0,-,550.0,550.0,646.0,720.0,763.0,763.0,725.0,702.0,702.0,906.0,1373.0,1746.0,1958.0,1872.0,1659.0,1429.0,1207.0,1010.0,769.0,599.0,550.0,550.0,550.0,550.0,550.0,550.0,550.0,550.0,550.0,602.0,810.0,1114.0,1401.0,1598.0,1663.0,1680.0,1591.0,1463.0,1331.0,1133.0,925.0,747.0,598.0,550.0,550.0,550.0,550.0,550.0,550.0,550.0
mochos2,250,---,1929.0,2460.0,2946.0,3364.0,3617.0,3655.0,3596.0,3314.0,2951.0,2603.0,1516.0,1550.0,1575.0,1585.0,1600.0,1611.0,1594.0,1598.0,1580.0,1572.0,1553.0,1516.0,1512.0,1480.0,1455.0,1437.0,1402.0,1381.0,1357.0,1316.0,1305.0,1279.0,1247.0,1226.0,1192.0,1166.0,1141.0,1116.0,1092.0,1060.0,1032.0,1023.0,992.0,973.0,951.0,912.0,903.0,876.0,853.0,838.0,-,550.0,550.0,645.0,717.0,762.0,754.0,734.0,696.0,699.0,897.0,1367.0,1744.0,1959.0,1881.0,1661.0,1433.0,1221.0,1013.0,771.0,609.0,550.0,550.0,550.0,550.0,550.0,550.0,550.0,550.0,550.0,613.0,816.0,1118.0,1403.0,1615.0,1681.0,1687.0,1591.0,1472.0,1340.0,1138.0,929.0,752.0,601.0,550.0,550.0,550.0,550.0,550.0,550.0,550.0
mochos2,250,---,1951.0,2489.0,2989.0,3410.0,3684.0,3728.0,3655.0,3357.0,2996.0,2641.0,1530.0,1568.0,1589.0,1602.0,1619.0,1632.0,1607.0,1615.0,1597.0,1588.0,1569.0,1531.0,1529.0,1495.0,1469.0,1449.0,1414.0,1396.0,1369.0,1333.0,1318.0,1291.0,1258.0,1240.0,1198.0,1176.0,1150.0,1127.0,1102.0,1072.0,1039.0,1034.0,1000.0,982.0,958.0,918.0,912.0,884.0,857.0,841.0,-,550.0,550.0,649.0,707.0,756.0,752.0,731.0,694.0,698.0,901.0,1367.0,1726.0,1925.0,1883.0,1634.0,1427.0,1209.0,997.0,763.0,595.0,550.0,550.0,550.0,550.0,550.0,550.0,550.0,550.0,550.0,607.0,806.0,1094.0,1402.0,1584.0,1669.0,1666.0,1573.0,1461.0,1322.0,1121.0,917.0,740.0,593.0,550.0,550.0,550.0,550.0,550.0,550.0,550.0
mochos2,750,---,1928.0,2460.0,2960.0,3369.0,3659.0,3707.0,3623.0,3318.0,2959.0,2607.0,1488.0,1526.0,1543.0,1553.0,1563.0,1574.0,1553.0,1555.0,1532.0,1522.0,1502.0,1459.0,1453.0,1418.0,1392.0,1374.0,1339.0,1317.0,1288.0,1246.0,1233.0,1206.0,1176.0,1151.0,1112.0,1088.0,1061.0,1038.0,1014.0,979.0,947.0,938.0,908.0,889.0,871.0,832.0,824.0,799.0,775.0,763.0,-,550.0,550.0,624.0,687.0,726.0,727.0,713.0,673.0,675.0,863.0,1316.0,1648.0,1859.0,1786.0,1565.0,1363.0,1167.0,960.0,745.0,579.0,550.0,550.0,550.0,550.0,550.0,550.0,550.0,550.0,550.0,576.0,764.0,1015.0,1300.0,1465.0,1535.0,1535.0,1460.0,1335.0,1239.0,1058.0,871.0,705.0,571.0,550.0,550.0,550.0,550.0,550.0,550.0,550.0
mochos2,750,---,1880.0,2392.0,2887.0,3288.0,3575.0,3622.0,3531.0,3233.0,2885.0,2533.0,1450.0,1488.0,1507.0,1516.0,1529.0,1538.0,1512.0,1521.0,1496.0,1485.0,1466.0,1423.0,1416.0,1385.0,1359.0,1342.0,1307.0,1288.0,1259.0,1221.0,1202.0,1179.0,1148.0,1126.0,1086.0,1064.0,1038.0,1016.0,994.0,957.0,927.0,919.0,890.0,875.0,854.0,815.0,808.0,784.0,762.0,750.0,-,550.0,550.0,625.0,687.0,738.0,725.0,705.0,672.0,673.0,866.0,1312.0,1648.0,1850.0,1791.0,1565.0,1367.0,1173.0,973.0,749.0,591.0,550.0,550.0,550.0,550.0,550.0,550.0,550.0,550.0,550.0,585.0,770.0,1036.0,1311.0,1467.0,1545.0,1552.0,1457.0,1350.0,1231.0,1042.0,867.0,701.0,571.0,550.0,550.0,550.0,550.0,550.0,550.0,550.0
mochos2,750,---,1891.0,2410.0,2901.0,3307.0,3585.0,3632.0,3546.0,3253.0,2898.0,2556.0,1458.0,1495.0,1513.0,1522.0,1534.0,1545.0,1520.0,1525.0,1502.0,1495.0,1472.0,1431.0,1426.0,1392.0,1367.0,1348.0,1314.0,1294.0,1265.0,1225.0,1209.0,1184.0,1152.0,1132.0,1093.0,1068.0,1042.0,1020.0,999.0,962.0,932.0,922.0,894.0,877.0,858.0,819.0,812.0,788.0,764.0,752.0,-,550.0,550.0,592.0,645.0,693.0,682.0,657.0,631.0,636.0,804.0,1187.0,1488.0,1653.0,1603.0,1409.0,1223.0,1049.0,877.0,687.0,554.0,550.0,550.0,550.0,550.0,550.0,550.0,550.0,550.0,550.0,555.0,715.0,930.0,1182.0,1327.0,1381.0,1377.0,1294.0,1207.0,1104.0,946.0,787.0,656.0,550.0,550.0,550.0,550.0,550.0,550.0,550.0,550.0
mochos2,750,---,1886.0,2404.0,2892.0,3295.0,3576.0,3619.0,3540.0,3241.0,2892.0,2548.0,1458.0,1492.0,1510.0,1520.0,1531.0,1542.0,1519.0,1521.0,1499.0,1489.0,1469.0,1427.0,1419.0,1387.0,1363.0,1346.0,1309.0,1287.0,1260.0,1221.0,1208.0,1185.0,1149.0,1129.0,1090.0,1066.0,1041.0,1019.0,993.0,959.0,931.0,921.0,893.0,876.0,855.0,818.0,810.0,786.0,763.0,750.0,-,550.0,550.0,597.0,653.0,695.0,691.0,663.0,634.0,638.0,810.0,1191.0,1494.0,1697.0,1614.0,1415.0,1235.0,1062.0,879.0,702.0,560.0,550.0,550.0,550.0,550.0,550.0,550.0,550.0,550.0,550.0,555.0,709.0,935.0,1171.0,1334.0,1390.0,1378.0,1315.0,1222.0,1110.0,951.0,799.0,656.0,550.0,550.0,550.0,550.0,550.0,550.0,550.0,550.0
mochos2,1250,---,1819.0,2316.0,2800.0,3187.0,3476.0,3528.0,3430.0,3135.0,2799.0,2458.0,1398.0,1430.0,1445.0,1456.0,1464.0,1473.0,1449.0,1451.0,1427.0,1413.0,1393.0,1353.0,1348.0,1313.0,1288.0,1268.0,1235.0,1212.0,1185.0,1142.0,1131.0,1104.0,1071.0,1051.0,1016.0,992.0,967.0,940.0,918.0,888.0,858.0,852.0,824.0,808.0,788.0,754.0,747.0,724.0,702.0,691.0,-,550.0,550.0,597.0,655.0,701.0,693.0,672.0,640.0,637.0,816.0,1204.0,1525.0,1699.0,1642.0,1427.0,1264.0,1069.0,896.0,698.0,560.0,550.0,550.0,550.0,550.0,550.0,550.0,550.0,550.0,550.0,550.0,711.0,930.0,1168.0,1322.0,1365.0,1367.0,1295.0,1197.0,1106.0,948.0,794.0,650.0,550.0,550.0,550.0,550.0,550.0,550.0,550.0,550.0
mochos2,1250,---,1887.0,2399.0,2909.0,3306.0,3611.0,3667.0,3562.0,3256.0,2907.0,2552.0,1443.0,1476.0,1494.0,1504.0,1515.0,1520.0,1497.0,1497.0,1475.0,1461.0,1438.0,1399.0,1390.0,1355.0,1331.0,1309.0,1274.0,1251.0,1219.0,1181.0,1163.0,1138.0,1107.0,1083.0,1046.0,1020.0,992.0,966.0,945.0,913.0,881.0,873.0,844.0,827.0,808.0,771.0,765.0,742.0,718.0,708.0,-,550.0,550.0,594.0,645.0,689.0,688.0,662.0,624.0,631.0,801.0,1187.0,1489.0,1687.0,1599.0,1412.0,1226.0,1057.0,880.0,689.0,552.0,550.0,550.0,550.0,550.0,550.0,550.0,550.0,550.0,550.0,550.0,694.0,912.0,1147.0,1279.0,1338.0,1344.0,1257.0,1165.0,1081.0,926.0,782.0,642.0,550.0,550.0,550.0,550.0,550.0,550.0,550.0,550.0
mochos2,1250,---,1918.0,2448.0,2949.0,3361.0,3656.0,3704.0,3615.0,3307.0,2953.0,2599.0,1469.0,1502.0,1521.0,1526.0,1539.0,1546.0,1524.0,1522.0,1503.0,1490.0,1463.0,1421.0,1413.0,1375.0,1351.0,1329.0,1291.0,1272.0,1239.0,1198.0,1183.0,1155.0,1121.0,1099.0,1061.0,1036.0,1006.0,982.0,955.0,924.0,892.0,884.0,855.0,837.0,819.0,780.0,772.0,749.0,727.0,713.0,-,550.0,550.0,587.0,641.0,674.0,670.0,656.0,623.0,624.0,790.0,1163.0,1458.0,1611.0,1563.0,1373.0,1197.0,1029.0,853.0,659.0,550.0,550.0,550.0,550.0,550.0,550.0,550.0,550.0,550.0,550.0,550.0,691.0,894.0,1115.0,1245.0,1284.0,1291.0,1211.0,1125.0,1040.0,890.0,754.0,623.0,550.0,550.0,550.0,550.0,550.0,550.0,550.0,550.0
mochos2,1250,---,1832.0,2331.0,2815.0,3206.0,3490.0,3540.0,3454.0,3150.0,2816.0,2476.0,1407.0,1436.0,1454.0,1462.0,1471.0,1477.0,1457.0,1458.0,1434.0,1422.0,1399.0,1359.0,1353.0,1317.0,1294.0,1275.0,1238.0,1218.0,1188.0,1153.0,1135.0,1107.0,1076.0,1057.0,1018.0,996.0,967.0,946.0,922.0,890.0,860.0,855.0,824.0,811.0,791.0,755.0,749.0,725.0,704.0,693.0,-,550.0,550.0,596.0,650.0,690.0,687.0,661.0,626.0,637.0,806.0,1187.0,1486.0,1675.0,1600.0,1413.0,1245.0,1059.0,881.0,694.0,560.0,550.0,550.0,550.0,550.0,550.0,550.0,550.0,550.0,550.0,550.0,703.0,912.0,1141.0,1280.0,1329.0,1347.0,1257.0,1183.0,1085.0,923.0,775.0,640.0,550.0,550.0,550.0,550.0,550.0,550.0,550.0,550.0
mochos2,1875,---,1883.0,2398.0,2906.0,3297.0,3609.0,3665.0,3551.0,3244.0,2903.0,2543.0,1431.0,1462.0,1479.0,1488.0,1494.0,1505.0,1477.0,1480.0,1452.0,1437.0,1418.0,1375.0,1366.0,1330.0,1302.0,1280.0,1245.0,1224.0,1192.0,1151.0,1133.0,1110.0,1074.0,1053.0,1013.0,987.0,960.0,936.0,913.0,881.0,851.0,843.0,814.0,799.0,778.0,745.0,737.0,713.0,692.0,682.0,-,550.0,550.0,586.0,640.0,688.0,676.0,654.0,624.0,626.0,785.0,1161.0,1458.0,1611.0,1550.0,1358.0,1193.0,1008.0,848.0,665.0,550.0,550.0,550.0,550.0,550.0,550.0,550.0,550.0,550.0,550.0,550.0,688.0,874.0,1075.0,1224.0,1264.0,1264.0,1185.0,1119.0,1009.0,879.0,747.0,624.0,550.0,550.0,550.0,550.0,550.0,550.0,550.0,550.0
mochos2,1875,---,1877.0,2394.0,2897.0,3292.0,3592.0,3653.0,3543.0,3236.0,2895.0,2538.0,1428.0,1462.0,1476.0,1484.0,1495.0,1499.0,1475.0,1475.0,1447.0,1437.0,1413.0,1375.0,1362.0,1328.0,1301.0,1281.0,1243.0,1221.0,1190.0,1151.0,1131.0,1107.0,1072.0,1053.0,1014.0,983.0,958.0,934.0,910.0,880.0,852.0,843.0,813.0,798.0,779.0,741.0,735.0,711.0,691.0,680.0,-,550.0,550.0,590.0,640.0,680.0,670.0,656.0,621.0,624.0,783.0,1159.0,1459.0,1631.0,1555.0,1357.0,1200.0,1011.0,855.0,659.0,550.0,550.0,550.0,550.0,550.0,550.0,550.0,550.0,550.0,550.0,550.0,674.0,863.0,1088.0,1222.0,1265.0,1262.0,1195.0,1111.0,1020.0,882.0,742.0,625.0,550.0,550.0,550.0,550.0,550.0,550.0,550.0,550.0
mochos2,1875,---,1881.0,2394.0,2901.0,3298.0,3600.0,3658.0,3548.0,3239.0,2898.0,2535.0,1428.0,1462.0,1476.0,1484.0,1493.0,1500.0,1473.0,1474.0,1449.0,1436.0,1414.0,1371.0,1362.0,1328.0,1303.0,1280.0,1243.0,1222.0,1190.0,1149.0,1131.0,1106.0,1071.0,1053.0,1013.0,985.0,956.0,934.0,910.0,879.0,850.0,843.0,813.0,795.0,777.0,741.0,737.0,712.0,693.0,681.0,-,550.0,550.0,578.0,633.0,661.0,656.0,639.0,614.0,606.0,774.0,1125.0,1392.0,1552.0,1475.0,1313.0,1149.0,976.0,829.0,649.0,550.0,550.0,550.0,550.0,550.0,550.0,550.0,550.0,550.0,550.0,550.0,663.0,851.0,1053.0,1162.0,1206.0,1211.0,1142.0,1071.0,976.0,841.0,717.0,599.0,550.0,550.0,550.0,550.0,550.0,550.0,550.0,550.0
mochos2,1875,---,1797.0,2281.0,2767.0,3144.0,3437.0,3494.0,3385.0,3090.0,2764.0,2420.0,1371.0,1398.0,1416.0,1420.0,1431.0,1435.0,1410.0,1412.0,1390.0,1376.0,1354.0,1316.0,1307.0,1272.0,1249.0,1229.0,1192.0,1174.0,1145.0,1106.0,1087.0,1062.0,1034.0,1013.0,976.0,948.0,924.0,903.0,879.0,851.0,824.0,815.0,785.0,774.0,754.0,719.0,714.0,692.0,672.0,661.0,-,550.0,550.0,579.0,627.0,661.0,656.0,642.0,605.0,607.0,773.0,1117.0,1387.0,1552.0,1488.0,1326.0,1165.0,976.0,829.0,650.0,550.0,550.0,550.0,550.0,550.0,550.0,550.0,550.0,550.0,550.0,550.0,656.0,848.0,1046.0,1174.0,1211.0,1210.0,1151.0,1073.0,991.0,839.0,716.0,599.0,550.0,550.0,550.0,550.0,550.0,550.0,550.0,550.0